OrderID,OrderDate,Region,Category,Product,Quantity,UnitPrice,DiscountPct,Revenue,Cost,Profit,PaymentMethod,CustomerID
ORD100000,2024-04-12,East,Electronics,Smartphone,4,57052.72,10,205389.79,159671.08,45718.71,UPI,CUST2638
ORD100001,2024-05-01,North,Apparel,Jeans,3,534.9,5,1524.46,1016.46,508.0,Debit Card,CUST1130
ORD100002,2025-10-23,West,Electronics,Tablet,5,58200.61,15,247352.59,175499.51,71853.08,Credit Card,CUST2215
ORD100003,2024-10-03,South,Electronics,Smartphone,1,18393.69,5,17474.01,12102.8,5371.21,UPI,CUST1474
ORD100004,2024-02-28,Central,Sports,Cricket Bat,10,329.66,25,2472.45,2004.97,467.48,UPI,CUST1562
ORD100005,2025-07-20,South,Sports,Football,4,2430.8,0,9723.2,6824.58,2898.62,COD,CUST3068
ORD100006,2024-06-15,North,Sports,Dumbbells,2,3803.21,25,5704.82,5720.78,-15.96,UPI,CUST2363
ORD100007,2024-04-01,East,Beauty,Lipstick,7,2498.49,15,14866.02,10377.2,4488.82,UPI,CUST2955
ORD100008,2025-07-15,North,Apparel,Jacket,8,3058.14,5,23241.86,14727.65,8514.21,Credit Card,CUST2500
ORD100009,2025-12-03,East,Beauty,Face Wash,2,3134.26,20,5014.82,4850.0,164.82,Net Banking,CUST3317
ORD100010,2024-09-27,North,Sports,Dumbbells,8,2346.21,5,17831.2,14833.55,2997.65,COD,CUST1337
ORD100011,2024-02-22,West,Sports,Cricket Bat,8,1523.5,0,12188.0,8356.99,3831.01,Credit Card,CUST2180
ORD100012,2024-01-15,Central,Sports,Dumbbells,1,210.2,5,199.69,136.36,63.33,Net Banking,CUST2495
ORD100013,2024-03-03,North,Sports,Yoga Mat,11,915.54,10,9063.85,7528.47,1535.38,Credit Card,CUST1378
ORD100014,2025-05-04,North,Apparel,Jacket,7,2656.65,20,14877.24,14180.05,697.19,UPI,CUST1779
ORD100015,2024-02-02,East,Electronics,Smartwatch,7,18796.74,0,131577.18,96367.33,35209.85,COD,CUST2895
ORD100016,2025-12-26,East,Home & Kitchen,Cookware Set,11,2310.79,5,24147.76,20155.19,3992.57,Net Banking,CUST2028
ORD100017,2024-08-05,North,Apparel,Jacket,7,3118.22,5,20736.16,14857.64,5878.52,Debit Card,CUST2038
ORD100018,2025-07-07,South,Apparel,Kurta,3,271.0,10,731.7,511.04,220.66,UPI,CUST1095
ORD100019,2025-04-29,East,Beauty,Hair Serum,7,2477.01,5,16472.12,10416.71,6055.41,Debit Card,CUST2183
ORD100020,2025-11-29,North,Apparel,Jacket,3,770.7,20,1849.68,1738.77,110.91,UPI,CUST1795
ORD100021,2024-01-28,West,Electronics,Headphones,4,53575.03,5,203585.11,161123.7,42461.41,Net Banking,CUST2496
ORD100022,2024-08-18,Central,Electronics,Laptop,1,16473.51,10,14826.16,9062.57,5763.59,Net Banking,CUST1972
ORD100023,2024-09-15,West,Apparel,Sneakers,7,783.93,5,5213.13,3683.26,1529.87,COD,CUST2257
ORD100024,2025-11-14,South,Apparel,Jacket,8,3780.2,0,30241.6,20555.14,9686.46,UPI,CUST2136
ORD100025,2025-05-11,Central,Sports,Dumbbells,10,3855.42,0,38554.2,25997.56,12556.64,COD,CUST2636
ORD100026,2025-09-16,East,Sports,Football,8,292.01,10,2102.47,1578.42,524.05,UPI,CUST2589
ORD100027,2024-08-12,West,Apparel,Kurta,1,1072.31,0,1072.31,720.98,351.33,Credit Card,CUST2695
ORD100028,2025-12-10,South,Electronics,Smartphone,7,40393.71,15,240342.57,172314.14,68028.43,UPI,CUST1766
ORD100029,2024-10-20,West,Beauty,Face Wash,8,1960.66,25,11763.96,10190.82,1573.14,COD,CUST3191
ORD100030,2025-08-31,Central,Sports,Football,9,1385.0,0,12465.0,6982.82,5482.18,Net Banking,CUST1659
ORD100031,2025-02-06,North,Sports,Cricket Bat,10,2121.56,0,21215.6,15090.51,6125.09,Debit Card,CUST2843
ORD100032,2025-05-03,North,Home & Kitchen,Air Fryer,1,1680.65,5,1596.62,1276.33,320.29,Net Banking,CUST2802
ORD100033,2025-04-17,West,Beauty,Perfume,2,3710.07,20,5936.11,4559.57,1376.54,Credit Card,CUST2787
ORD100034,2024-05-23,Central,Home & Kitchen,Cookware Set,10,3931.35,5,37347.82,24185.95,13161.87,Credit Card,CUST2327
ORD100035,2024-09-10,South,Home & Kitchen,Cookware Set,5,3616.61,10,16274.74,11478.35,4796.39,Net Banking,CUST2682
ORD100036,2024-07-26,Central,Apparel,Kurta,3,3446.85,5,9823.52,7982.31,1841.21,Credit Card,CUST1627
ORD100037,2025-08-09,West,Sports,Dumbbells,1,772.27,20,617.82,541.83,75.99,Credit Card,CUST2496
ORD100038,2024-04-08,East,Electronics,Headphones,9,502.68,0,4524.12,3108.9,1415.22,UPI,CUST1956
ORD100039,2025-11-11,Central,Electronics,Laptop,4,42788.32,0,171153.28,108057.61,63095.67,Credit Card,CUST2527
ORD100040,2025-01-26,North,Electronics,Smartwatch,7,43312.21,0,303185.47,207874.59,95310.88,Debit Card,CUST1954
ORD100041,2025-04-14,West,Apparel,Jeans,7,1114.28,10,7019.96,6198.81,821.15,Debit Card,CUST1562
ORD100042,2025-03-13,Central,Apparel,Jacket,8,2579.88,15,17543.18,13944.96,3598.22,Debit Card,CUST3331
ORD100043,2025-04-25,Central,Beauty,Perfume,5,1036.21,5,4922.0,3590.47,1331.53,UPI,CUST2215
ORD100044,2024-02-18,East,Home & Kitchen,Bedsheet Set,1,3979.02,5,3780.07,2466.56,1313.51,COD,CUST3146
ORD100045,2024-02-06,North,Sports,Football,8,1423.39,10,10248.41,7892.11,2356.3,UPI,CUST1699
ORD100046,2024-04-25,East,Apparel,T-Shirt,5,885.01,0,4425.05,2970.62,1454.43,Credit Card,CUST3065
ORD100047,2025-07-19,Central,Sports,Yoga Mat,10,3730.56,0,37305.6,22466.54,14839.06,UPI,CUST2686
ORD100048,2025-09-30,North,Electronics,Smartphone,11,17858.38,0,196442.18,149721.84,46720.34,UPI,CUST1245
ORD100049,2024-06-24,East,Electronics,Smartphone,7,17756.79,15,105652.9,93537.41,12115.49,Credit Card,CUST1920
ORD100050,2025-02-11,East,Sports,Yoga Mat,10,169.96,10,1529.64,1017.33,512.31,COD,CUST1399
ORD100051,2025-10-15,South,Apparel,Kurta,3,1451.28,5,4136.15,2496.91,1639.24,Debit Card,CUST2982
ORD100052,2024-02-20,South,Sports,Football,9,746.91,25,5041.64,5107.07,-65.43,COD,CUST3352
ORD100053,2025-11-22,North,Beauty,Perfume,10,3317.01,5,31511.6,19297.21,12214.39,Credit Card,CUST3311
ORD100054,2024-02-22,West,Beauty,Lipstick,5,1910.47,15,8119.5,5717.99,2401.51,COD,CUST1046
ORD100055,2025-10-17,North,Beauty,Face Wash,2,2137.76,0,4275.52,3201.49,1074.03,Credit Card,CUST1830
ORD100056,2025-08-26,North,Beauty,Lipstick,10,452.06,0,4520.6,3574.27,946.33,UPI,CUST2150
ORD100057,2025-01-27,Central,Apparel,Jeans,5,374.05,20,1496.2,1235.46,260.74,COD,CUST2119
ORD100058,2025-09-29,South,Apparel,Sneakers,6,2901.19,10,15666.43,10792.14,4874.29,Net Banking,CUST2212
ORD100059,2025-12-04,North,Beauty,Perfume,5,2505.12,5,11899.32,7664.82,4234.5,COD,CUST2679
ORD100060,2025-03-10,North,Sports,Cricket Bat,5,612.63,0,3063.15,1755.03,1308.12,Debit Card,CUST2008
ORD100061,2024-04-03,South,Electronics,Smartphone,4,10684.75,0,42739.0,31662.81,11076.19,UPI,CUST3388
ORD100062,2025-07-04,West,Beauty,Hair Serum,4,816.83,5,3103.95,2122.54,981.41,UPI,CUST2781
ORD100063,2024-04-09,South,Beauty,Face Wash,2,1154.44,0,2308.88,1808.68,500.2,COD,CUST2631
ORD100064,2024-11-20,East,Electronics,Smartwatch,4,37027.9,20,118489.28,116425.03,2064.25,COD,CUST1895
ORD100065,2024-06-08,Central,Home & Kitchen,Bedsheet Set,11,3233.65,10,32013.14,24662.27,7350.87,COD,CUST2568
ORD100066,2025-11-21,East,Apparel,Jeans,11,3774.64,5,39444.99,32813.98,6631.01,UPI,CUST2066
ORD100067,2025-07-09,Central,Electronics,Tablet,2,2530.0,10,4554.0,3208.74,1345.26,Credit Card,CUST1089
ORD100068,2025-08-27,North,Home & Kitchen,Mixer Grinder,10,2774.21,0,27742.1,17066.21,10675.89,Debit Card,CUST1825
ORD100069,2025-05-15,North,Beauty,Perfume,2,2571.43,20,4114.29,3773.66,340.63,Debit Card,CUST1675
ORD100070,2025-01-28,North,Electronics,Laptop,5,45086.76,15,191618.73,179811.92,11806.81,Debit Card,CUST2571
ORD100071,2024-04-05,West,Electronics,Laptop,8,52053.57,10,374785.7,253875.34,120910.36,Credit Card,CUST2548
ORD100072,2024-10-05,Central,Sports,Yoga Mat,9,1067.21,5,9124.65,6565.73,2558.92,Debit Card,CUST1595
ORD100073,2025-12-29,North,Electronics,Tablet,6,17998.58,0,107991.48,60839.3,47152.18,COD,CUST3492
ORD100074,2024-08-20,East,Sports,Dumbbells,3,501.45,0,1504.35,1184.7,319.65,UPI,CUST1850
ORD100075,2025-05-20,East,Home & Kitchen,Cookware Set,5,503.06,10,2263.77,1731.6,532.17,COD,CUST2492
ORD100076,2025-04-28,West,Apparel,Jacket,5,3197.58,15,13589.72,9157.89,4431.83,Net Banking,CUST2065
ORD100077,2024-07-04,West,Electronics,Smartphone,7,59756.69,0,418296.83,307138.17,111158.66,Debit Card,CUST1732
ORD100078,2024-08-22,North,Sports,Cricket Bat,11,600.71,0,6607.81,4892.27,1715.54,Debit Card,CUST2542
ORD100079,2024-06-22,East,Apparel,Kurta,8,430.14,15,2924.95,2500.18,424.77,UPI,CUST2540
ORD100080,2024-01-29,South,Home & Kitchen,Mixer Grinder,5,1047.93,10,4715.69,4012.44,703.25,Net Banking,CUST2365
ORD100081,2025-05-14,West,Home & Kitchen,Cookware Set,1,3796.91,25,2847.68,2803.43,44.25,Debit Card,CUST2810
ORD100082,2025-03-20,Central,Home & Kitchen,Mixer Grinder,6,2864.57,0,17187.42,10872.13,6315.29,Net Banking,CUST1172
ORD100083,2025-10-14,East,Electronics,Laptop,2,28225.91,0,56451.82,32725.37,23726.45,Credit Card,CUST1828
ORD100084,2024-12-26,South,Electronics,Tablet,7,44813.48,10,282324.92,247988.92,34336.0,Net Banking,CUST2214
ORD100085,2025-05-22,East,Home & Kitchen,Cookware Set,1,469.13,5,445.67,309.2,136.47,UPI,CUST3105
ORD100086,2025-07-09,East,Home & Kitchen,Bedsheet Set,5,317.09,20,1268.36,1236.3,32.06,Credit Card,CUST2699
ORD100087,2024-08-14,East,Electronics,Smartwatch,3,58164.29,5,165768.23,123427.47,42340.76,Credit Card,CUST2549
ORD100088,2024-05-22,South,Electronics,Headphones,1,37727.97,10,33955.17,29250.1,4705.07,Net Banking,CUST2035
ORD100089,2024-11-25,Central,Apparel,Sneakers,8,1668.91,0,13351.28,8463.58,4887.7,COD,CUST2145
ORD100090,2024-12-13,North,Sports,Cricket Bat,4,1935.24,5,7353.91,5387.04,1966.87,Credit Card,CUST1868
ORD100091,2024-02-10,North,Apparel,Kurta,4,3946.91,10,14208.88,10799.13,3409.75,Net Banking,CUST1928
ORD100092,2025-12-24,West,Sports,Yoga Mat,3,3316.77,20,7960.25,7277.95,682.3,UPI,CUST2838
ORD100093,2025-03-25,East,Electronics,Headphones,10,55977.16,15,475805.86,314202.41,161603.45,Credit Card,CUST2015
ORD100094,2025-01-08,South,Home & Kitchen,Cookware Set,1,1999.42,25,1499.56,1288.0,211.56,Credit Card,CUST1062
ORD100095,2024-08-04,Central,Home & Kitchen,Bedsheet Set,6,3342.28,10,18048.31,11347.94,6700.37,UPI,CUST3152
ORD100096,2024-04-08,South,Apparel,Jeans,1,202.64,0,202.64,146.49,56.15,COD,CUST2668
ORD100097,2025-03-12,East,Electronics,Laptop,7,46185.45,20,258638.52,246486.34,12152.18,COD,CUST2168
ORD100098,2024-03-25,South,Apparel,Jacket,9,647.26,25,4369.0,4086.73,282.27,Credit Card,CUST2469
ORD100099,2025-03-24,West,Beauty,Face Wash,1,3064.45,0,3064.45,1891.28,1173.17,UPI,CUST2574
ORD100100,2024-06-02,East,Apparel,Sneakers,10,2153.18,15,18302.03,14642.5,3659.53,Net Banking,CUST1267
ORD100101,2024-02-23,North,Apparel,Jeans,5,490.37,15,2084.07,1710.14,373.93,UPI,CUST2252
ORD100102,2025-07-31,East,Beauty,Lipstick,11,969.91,0,10669.01,5906.75,4762.26,Credit Card,CUST2329
ORD100103,2024-04-07,Central,Home & Kitchen,Air Fryer,2,1660.14,5,3154.27,2576.67,577.6,COD,CUST2331
ORD100104,2024-09-05,North,Sports,Dumbbells,6,1886.01,20,9052.85,7066.76,1986.09,Credit Card,CUST3128
ORD100105,2024-05-12,Central,Home & Kitchen,Cookware Set,4,1918.49,15,6522.87,5695.84,827.03,Net Banking,CUST2875
ORD100106,2024-03-09,Central,Electronics,Smartphone,2,37324.18,0,74648.36,44959.42,29688.94,COD,CUST1042
ORD100107,2024-04-20,West,Home & Kitchen,Air Fryer,9,1921.46,10,15563.83,11241.84,4321.99,Debit Card,CUST2935
ORD100108,2025-06-03,West,Sports,Cricket Bat,4,850.24,0,3400.96,2633.01,767.95,Debit Card,CUST1666
ORD100109,2024-04-02,North,Apparel,Jacket,2,2467.45,0,4934.9,3728.06,1206.84,COD,CUST2489
ORD100110,2025-08-26,Central,Electronics,Tablet,10,10785.23,0,107852.3,62571.48,45280.82,UPI,CUST3280
ORD100111,2025-06-07,North,Home & Kitchen,Bedsheet Set,10,3592.74,0,35927.4,22724.97,13202.43,Net Banking,CUST3296
ORD100112,2024-02-16,North,Sports,Dumbbells,9,2797.97,5,23922.64,14838.19,9084.45,Net Banking,CUST1047
ORD100113,2025-07-26,West,Sports,Dumbbells,1,1215.98,15,1033.58,896.26,137.32,Net Banking,CUST2276
ORD100114,2025-11-22,Central,Beauty,Lipstick,8,2015.41,10,14510.95,10354.83,4156.12,UPI,CUST1364
ORD100115,2025-10-27,West,Apparel,Sneakers,11,1121.88,10,11106.61,9549.24,1557.37,UPI,CUST3410
ORD100116,2025-05-22,West,Sports,Dumbbells,2,1872.54,5,3557.83,2286.81,1271.02,Debit Card,CUST2654
ORD100117,2025-04-29,East,Electronics,Headphones,10,33925.11,15,288363.44,194153.77,94209.67,UPI,CUST1125
ORD100118,2025-06-20,West,Beauty,Lipstick,1,1470.27,5,1396.76,939.17,457.59,COD,CUST1232
ORD100119,2024-04-18,Central,Beauty,Perfume,2,484.64,5,920.82,675.31,245.51,COD,CUST3472
ORD100120,2025-09-04,East,Apparel,T-Shirt,6,3613.64,10,19513.66,13249.52,6264.14,Debit Card,CUST3362
ORD100121,2025-01-11,North,Sports,Dumbbells,1,179.01,0,179.01,114.81,64.2,UPI,CUST3397
ORD100122,2025-08-29,South,Home & Kitchen,Cookware Set,8,3602.55,0,28820.4,19630.38,9190.02,UPI,CUST2063
ORD100123,2024-08-16,South,Electronics,Smartphone,4,59835.88,20,191474.82,166104.31,25370.51,COD,CUST1074
ORD100124,2024-01-04,West,Sports,Cricket Bat,6,3904.01,5,22252.86,17116.52,5136.34,COD,CUST2464
ORD100125,2024-07-12,West,Sports,Yoga Mat,11,2350.71,0,25857.81,19196.15,6661.66,COD,CUST3373
ORD100126,2025-02-13,South,Beauty,Perfume,6,2887.17,0,17323.02,12716.17,4606.85,Credit Card,CUST3187
ORD100127,2025-07-12,South,Electronics,Smartwatch,1,36715.08,0,36715.08,25528.35,11186.73,UPI,CUST1138
ORD100128,2025-05-25,North,Sports,Football,4,1384.47,10,4984.09,3557.02,1427.07,Debit Card,CUST3039
ORD100129,2024-01-10,West,Apparel,T-Shirt,5,393.99,25,1477.46,1242.23,235.23,UPI,CUST2619
ORD100130,2024-11-16,West,Beauty,Lipstick,5,160.44,0,802.2,536.1,266.1,Debit Card,CUST3038
ORD100131,2025-02-22,Central,Sports,Football,1,3425.3,10,3082.77,2233.74,849.03,COD,CUST2908
ORD100132,2025-01-10,West,Apparel,Sneakers,11,3762.61,0,41388.71,23451.84,17936.87,Net Banking,CUST2319
ORD100133,2024-11-15,Central,Apparel,Jacket,6,335.16,15,1709.32,1522.27,187.05,COD,CUST2252
ORD100134,2024-09-26,West,Apparel,Jacket,3,782.42,15,1995.17,1681.34,313.83,Credit Card,CUST1131
ORD100135,2025-08-23,East,Home & Kitchen,Cookware Set,10,1660.91,15,14117.74,10958.41,3159.33,Net Banking,CUST3469
ORD100136,2024-01-23,South,Home & Kitchen,Mixer Grinder,1,1044.02,20,835.22,674.41,160.81,UPI,CUST2997
ORD100137,2025-09-07,South,Apparel,Sneakers,8,2553.32,0,20426.56,16033.99,4392.57,UPI,CUST3438
ORD100138,2024-06-27,West,Electronics,Smartwatch,8,41684.31,0,333474.48,256661.06,76813.42,Net Banking,CUST2312
ORD100139,2025-04-22,West,Sports,Football,7,2356.63,25,12372.31,12176.01,196.3,Credit Card,CUST1950
ORD100140,2024-10-15,West,Apparel,Sneakers,4,2344.08,15,7969.87,7212.18,757.69,Debit Card,CUST2141
ORD100141,2024-06-07,West,Electronics,Tablet,4,27528.61,10,99103.0,74390.24,24712.76,COD,CUST3094
ORD100142,2024-11-19,East,Electronics,Headphones,2,929.74,10,1673.53,1285.6,387.93,COD,CUST1793
ORD100143,2024-10-09,West,Beauty,Perfume,5,3333.18,25,12499.42,10593.36,1906.06,UPI,CUST1711
ORD100144,2024-01-23,West,Home & Kitchen,Bedsheet Set,10,3797.04,0,37970.4,26448.57,11521.83,Credit Card,CUST1984
ORD100145,2025-09-14,West,Beauty,Lipstick,8,3507.68,20,22449.15,19398.4,3050.75,UPI,CUST2347
ORD100146,2024-05-12,Central,Beauty,Perfume,8,238.64,10,1718.21,1418.12,300.09,Debit Card,CUST2928
ORD100147,2024-02-20,Central,Electronics,Smartwatch,8,50458.29,20,322933.06,234410.12,88522.94,Debit Card,CUST2636
ORD100148,2025-02-08,West,Electronics,Smartphone,10,50366.11,0,503661.1,392961.66,110699.44,UPI,CUST2854
ORD100149,2025-07-20,North,Beauty,Perfume,3,2426.41,5,6915.27,4103.23,2812.04,Net Banking,CUST1201
ORD100150,2025-03-11,South,Beauty,Lipstick,9,167.83,0,1510.47,981.11,529.36,COD,CUST1536
ORD100151,2025-08-24,West,Home & Kitchen,Air Fryer,11,3703.4,5,38700.53,27302.58,11397.95,Net Banking,CUST3394
ORD100152,2025-06-12,North,Beauty,Lipstick,11,276.46,20,2432.85,1861.3,571.55,COD,CUST1024
ORD100153,2024-06-28,North,Electronics,Tablet,6,2225.97,0,13355.82,9951.74,3404.08,Net Banking,CUST2002
ORD100154,2025-10-23,North,Apparel,T-Shirt,10,200.41,10,1803.69,1191.46,612.23,Credit Card,CUST2107
ORD100155,2024-12-26,North,Apparel,Jeans,1,2295.63,15,1951.29,1569.68,381.61,Debit Card,CUST2383
ORD100156,2025-07-14,South,Apparel,Jeans,7,2442.23,0,17095.61,12607.84,4487.77,COD,CUST1951
ORD100157,2025-12-23,South,Electronics,Tablet,1,2385.67,5,2266.39,1649.0,617.39,COD,CUST3065
ORD100158,2025-08-12,South,Home & Kitchen,Air Fryer,3,1895.16,5,5401.21,3753.5,1647.71,Debit Card,CUST3161
ORD100159,2024-08-09,South,Sports,Cricket Bat,6,3096.62,0,18579.72,11771.94,6807.78,Net Banking,CUST1054
ORD100160,2025-10-04,North,Electronics,Tablet,10,16390.53,10,147514.77,106896.34,40618.43,Net Banking,CUST3134
ORD100161,2024-02-24,West,Sports,Football,2,3487.93,5,6627.07,4798.91,1828.16,UPI,CUST2858
ORD100162,2025-03-18,South,Electronics,Tablet,8,6425.69,15,43694.69,30567.58,13127.11,Credit Card,CUST2287
ORD100163,2025-02-21,Central,Home & Kitchen,Mixer Grinder,3,1086.21,10,2932.77,2489.35,443.42,Credit Card,CUST1451
ORD100164,2025-05-14,East,Home & Kitchen,Bedsheet Set,5,693.17,5,3292.56,2186.94,1105.62,Credit Card,CUST3001
ORD100165,2024-01-07,North,Sports,Dumbbells,10,479.21,0,4792.1,2667.44,2124.66,COD,CUST1914
ORD100166,2025-07-01,West,Beauty,Face Wash,2,3586.79,15,6097.54,4558.48,1539.06,Net Banking,CUST1745
ORD100167,2025-01-20,West,Beauty,Perfume,3,2422.64,0,7267.92,5131.42,2136.5,UPI,CUST1933
ORD100168,2024-09-12,Central,Sports,Dumbbells,9,1829.09,0,16461.81,12957.31,3504.5,Debit Card,CUST2387
ORD100169,2024-10-06,West,Beauty,Hair Serum,1,3493.6,5,3318.92,2702.78,616.14,Debit Card,CUST1127
ORD100170,2025-12-21,South,Home & Kitchen,Air Fryer,2,236.51,0,473.02,324.21,148.81,Credit Card,CUST1236
ORD100171,2024-10-07,South,Home & Kitchen,Bedsheet Set,7,989.39,10,6233.16,4539.3,1693.86,COD,CUST1441
ORD100172,2024-01-29,East,Sports,Football,2,1198.38,0,2396.76,1866.06,530.7,Credit Card,CUST3089
ORD100173,2024-12-21,South,Beauty,Lipstick,9,1205.11,10,9761.39,7731.62,2029.77,COD,CUST2401
ORD100174,2025-08-10,East,Apparel,Jacket,7,560.33,0,3922.31,2415.83,1506.48,Net Banking,CUST1645
ORD100175,2024-06-16,Central,Home & Kitchen,Air Fryer,2,2461.99,10,4431.58,2924.07,1507.51,Credit Card,CUST2708
ORD100176,2025-02-04,North,Sports,Yoga Mat,10,1706.87,15,14508.39,11188.69,3319.7,UPI,CUST1129
ORD100177,2024-12-28,Central,Beauty,Hair Serum,1,468.77,10,421.89,286.58,135.31,UPI,CUST1148
ORD100178,2024-10-22,West,Beauty,Hair Serum,11,1519.34,10,15041.47,10433.44,4608.03,Credit Card,CUST2250
ORD100179,2024-11-05,South,Electronics,Headphones,2,23919.63,25,35879.44,27926.18,7953.26,COD,CUST2312
ORD100180,2025-07-01,Central,Apparel,Jacket,4,773.75,15,2630.75,2357.16,273.59,Net Banking,CUST1364
ORD100181,2025-04-26,West,Beauty,Lipstick,9,3118.01,0,28062.09,15961.28,12100.81,Debit Card,CUST2040
ORD100182,2025-10-02,West,Home & Kitchen,Air Fryer,9,2863.96,10,23198.08,17138.75,6059.33,Net Banking,CUST1130
ORD100183,2025-05-12,South,Home & Kitchen,Air Fryer,5,159.01,25,596.29,438.32,157.97,Credit Card,CUST3322
ORD100184,2025-09-04,North,Apparel,Jacket,11,3681.66,0,40498.26,31894.78,8603.48,Debit Card,CUST2520
ORD100185,2024-01-12,South,Apparel,Jeans,8,3069.81,10,22102.63,18167.36,3935.27,COD,CUST2508
ORD100186,2025-01-08,North,Home & Kitchen,Air Fryer,6,3925.22,20,18841.06,16760.68,2080.38,UPI,CUST1488
ORD100187,2025-06-21,East,Home & Kitchen,Cookware Set,10,2414.82,25,18111.15,16636.94,1474.21,UPI,CUST1249
ORD100188,2025-01-25,Central,Home & Kitchen,Mixer Grinder,5,2964.44,0,14822.2,8579.39,6242.81,UPI,CUST1826
ORD100189,2025-12-27,North,Home & Kitchen,Mixer Grinder,2,3018.5,0,6037.0,4007.28,2029.72,Debit Card,CUST2466
ORD100190,2025-05-04,West,Home & Kitchen,Cookware Set,7,292.48,10,1842.62,1243.78,598.84,Credit Card,CUST3235
ORD100191,2024-04-07,East,Electronics,Tablet,3,41838.07,0,125514.21,91774.95,33739.26,COD,CUST1363
ORD100192,2024-02-08,East,Beauty,Hair Serum,8,2227.04,15,15143.87,11218.73,3925.14,UPI,CUST1015
ORD100193,2025-05-07,West,Electronics,Headphones,10,52624.59,5,499933.6,350209.13,149724.47,Credit Card,CUST1545
ORD100194,2025-02-17,West,Electronics,Smartwatch,11,52507.16,5,548699.82,453264.71,95435.11,Credit Card,CUST2914
ORD100195,2024-02-08,South,Sports,Cricket Bat,4,352.83,0,1411.32,789.49,621.83,UPI,CUST1747
ORD100196,2025-11-27,North,Sports,Dumbbells,8,1195.99,5,9089.52,5481.7,3607.82,UPI,CUST1339
ORD100197,2025-01-23,West,Electronics,Tablet,1,14478.87,0,14478.87,9247.01,5231.86,Debit Card,CUST3033
ORD100198,2024-11-19,Central,Sports,Yoga Mat,2,1049.39,0,2098.78,1163.71,935.07,COD,CUST2998
ORD100199,2025-08-07,East,Beauty,Hair Serum,1,1657.78,0,1657.78,1308.16,349.62,Debit Card,CUST2828
ORD100200,2024-03-01,Central,Beauty,Lipstick,5,494.23,5,2347.59,1902.24,445.35,Debit Card,CUST2325
ORD100201,2024-12-09,North,Electronics,Tablet,11,54242.69,25,447502.19,439052.28,8449.91,UPI,CUST1771
ORD100202,2025-07-24,North,Apparel,Jacket,8,3779.52,10,27212.54,21223.79,5988.75,UPI,CUST2389
ORD100203,2024-11-25,Central,Apparel,Jeans,11,829.63,0,9125.93,5444.62,3681.31,Credit Card,CUST3306
ORD100204,2025-05-31,West,Apparel,T-Shirt,5,2574.65,0,12873.25,8748.21,4125.04,COD,CUST2043
ORD100205,2025-07-26,East,Sports,Football,11,1675.53,15,15666.21,13344.02,2322.19,Credit Card,CUST3263
ORD100206,2024-01-03,East,Apparel,Jacket,3,1014.1,0,3042.3,2081.67,960.63,COD,CUST3376
ORD100207,2025-08-02,East,Electronics,Laptop,5,5670.91,20,22683.64,17477.74,5205.9,Debit Card,CUST1987
ORD100208,2025-06-24,North,Apparel,Sneakers,9,320.85,15,2454.5,1613.78,840.72,Debit Card,CUST2486
ORD100209,2024-02-09,East,Apparel,Jeans,9,2270.8,0,20437.2,13327.37,7109.83,UPI,CUST1974
ORD100210,2024-02-07,South,Electronics,Smartphone,8,41803.71,0,334429.68,228465.85,105963.83,Net Banking,CUST1036
ORD100211,2024-11-11,West,Sports,Dumbbells,5,3967.18,0,19835.9,15288.06,4547.84,Credit Card,CUST1317
ORD100212,2024-12-14,West,Beauty,Lipstick,3,3325.02,0,9975.06,7177.1,2797.96,Net Banking,CUST2996
ORD100213,2024-10-15,West,Sports,Football,6,2156.85,15,10999.93,7911.17,3088.76,Credit Card,CUST2704
ORD100214,2024-12-28,West,Sports,Cricket Bat,9,3730.85,0,33577.65,24335.32,9242.33,Net Banking,CUST1699
ORD100215,2024-01-07,North,Sports,Dumbbells,5,3541.35,20,14165.4,9868.18,4297.22,Credit Card,CUST1425
ORD100216,2025-01-28,Central,Apparel,Kurta,11,1030.21,20,9065.85,6235.94,2829.91,Credit Card,CUST1588
ORD100217,2025-06-07,South,Home & Kitchen,Mixer Grinder,7,893.56,0,6254.92,3950.66,2304.26,COD,CUST2256
ORD100218,2024-01-17,East,Sports,Football,8,1150.24,10,8281.73,6303.28,1978.45,UPI,CUST1674
ORD100219,2024-11-21,West,Sports,Football,3,3079.96,5,8777.89,7306.42,1471.47,Credit Card,CUST2435
ORD100220,2025-07-25,West,Beauty,Lipstick,5,544.66,20,2178.64,1966.14,212.5,Net Banking,CUST2265
ORD100221,2024-11-19,South,Home & Kitchen,Mixer Grinder,11,790.55,15,7391.64,6323.27,1068.37,Net Banking,CUST1885
ORD100222,2025-12-05,East,Beauty,Hair Serum,6,2540.52,0,15243.12,11704.95,3538.17,COD,CUST1703
ORD100223,2025-11-17,West,Sports,Cricket Bat,4,2643.16,10,9515.38,6828.9,2686.48,Credit Card,CUST1028
ORD100224,2024-02-02,East,Home & Kitchen,Air Fryer,6,1581.56,15,8065.96,5818.18,2247.78,Credit Card,CUST3006
ORD100225,2025-06-21,Central,Beauty,Face Wash,2,1203.46,25,1805.19,1580.25,224.94,COD,CUST3444
ORD100226,2025-05-03,South,Beauty,Face Wash,7,2179.04,15,12965.29,9527.1,3438.19,Debit Card,CUST2823
ORD100227,2024-05-09,West,Home & Kitchen,Bedsheet Set,4,2669.87,0,10679.48,8412.4,2267.08,Credit Card,CUST1988
ORD100228,2024-01-21,Central,Apparel,Jacket,5,2608.32,5,12389.52,8066.93,4322.59,UPI,CUST2410
ORD100229,2025-05-21,West,Home & Kitchen,Bedsheet Set,1,1384.86,10,1246.37,1019.89,226.48,Credit Card,CUST2855
ORD100230,2025-06-07,South,Electronics,Tablet,2,51888.62,5,98588.38,82196.59,16391.79,UPI,CUST3477
ORD100231,2025-10-18,Central,Home & Kitchen,Mixer Grinder,5,741.58,5,3522.5,2530.97,991.53,COD,CUST3246
ORD100232,2025-01-21,North,Electronics,Laptop,5,54727.79,25,205229.21,163188.62,42040.59,COD,CUST1526
ORD100233,2024-06-01,West,Electronics,Laptop,7,7686.11,10,48422.49,35379.44,13043.05,Net Banking,CUST2701
ORD100234,2025-12-26,West,Sports,Dumbbells,6,1404.81,10,7585.97,5548.82,2037.15,COD,CUST2087
ORD100235,2025-12-17,West,Beauty,Perfume,1,194.74,0,194.74,126.22,68.52,Debit Card,CUST2389
ORD100236,2025-05-09,South,Apparel,Sneakers,6,1272.9,10,6873.66,5842.84,1030.82,Debit Card,CUST1101
ORD100237,2025-02-28,North,Sports,Yoga Mat,8,2938.5,10,21157.2,13786.98,7370.22,Net Banking,CUST2695
ORD100238,2025-04-07,Central,Beauty,Lipstick,6,2529.9,10,13661.46,10472.45,3189.01,Net Banking,CUST2951
ORD100239,2024-08-29,East,Electronics,Headphones,1,31159.16,0,31159.16,19868.85,11290.31,Debit Card,CUST3163
ORD100240,2025-10-27,South,Sports,Football,6,1390.06,25,6255.27,5006.01,1249.26,COD,CUST3169
ORD100241,2024-05-22,East,Sports,Football,2,308.56,10,555.41,486.22,69.19,Net Banking,CUST1316
ORD100242,2025-09-26,West,Sports,Football,6,2439.89,10,13175.41,10294.91,2880.5,Net Banking,CUST1552
ORD100243,2025-01-04,Central,Apparel,Jeans,8,3797.3,10,27340.56,22657.9,4682.66,COD,CUST1110
ORD100244,2024-09-07,North,Apparel,Sneakers,7,2694.16,10,16973.21,13189.48,3783.73,Net Banking,CUST1021
ORD100245,2025-02-13,West,Beauty,Hair Serum,3,306.9,0,920.7,607.34,313.36,UPI,CUST3134
ORD100246,2025-06-07,South,Beauty,Face Wash,9,3506.37,0,31557.33,25055.46,6501.87,Debit Card,CUST1684
ORD100247,2025-09-22,North,Sports,Dumbbells,5,2686.02,5,12758.6,9251.2,3507.4,COD,CUST1661
ORD100248,2025-07-02,West,Electronics,Tablet,8,58492.63,10,421146.94,280711.1,140435.84,Credit Card,CUST1034
ORD100249,2025-03-20,South,Apparel,Sneakers,6,268.01,0,1608.06,1070.41,537.65,Credit Card,CUST2748
ORD100250,2024-06-07,East,Beauty,Lipstick,10,3009.42,5,28589.49,19154.47,9435.02,Debit Card,CUST2387
ORD100251,2025-01-16,East,Beauty,Face Wash,4,2093.65,5,7955.87,5682.16,2273.71,Debit Card,CUST3467
ORD100252,2024-09-06,West,Beauty,Lipstick,5,1672.73,10,7527.28,5849.8,1677.48,Debit Card,CUST2797
ORD100253,2024-10-21,North,Electronics,Tablet,10,59529.57,0,595295.7,380862.9,214432.8,UPI,CUST1529
ORD100254,2025-07-05,North,Home & Kitchen,Cookware Set,5,2972.49,0,14862.45,10834.08,4028.37,COD,CUST1477
ORD100255,2025-08-21,West,Electronics,Smartphone,10,14405.09,25,108038.17,85745.47,22292.7,UPI,CUST1552
ORD100256,2024-11-13,North,Home & Kitchen,Mixer Grinder,6,3502.39,5,19963.62,14262.52,5701.1,Net Banking,CUST3008
ORD100257,2024-03-24,East,Electronics,Headphones,2,5896.64,10,10613.95,7406.62,3207.33,Net Banking,CUST1027
ORD100258,2024-03-06,South,Beauty,Perfume,3,2678.44,0,8035.32,5973.2,2062.12,Debit Card,CUST1300
ORD100259,2024-10-29,South,Beauty,Perfume,11,3552.28,5,37121.33,24723.68,12397.65,UPI,CUST2628
ORD100260,2024-12-26,West,Electronics,Tablet,1,27076.14,10,24368.53,21312.87,3055.66,Debit Card,CUST3360
ORD100261,2025-07-29,Central,Apparel,Sneakers,6,795.33,0,4771.98,3503.11,1268.87,UPI,CUST3020
ORD100262,2024-07-22,East,Apparel,Sneakers,5,3159.89,10,14219.5,10452.79,3766.71,COD,CUST2390
ORD100263,2025-12-19,West,Home & Kitchen,Mixer Grinder,6,942.49,0,5654.94,3491.57,2163.37,Net Banking,CUST1968
ORD100264,2025-05-25,North,Sports,Yoga Mat,5,3755.93,0,18779.65,10902.1,7877.55,COD,CUST1197
ORD100265,2025-04-29,West,Home & Kitchen,Air Fryer,5,490.94,0,2454.7,1708.88,745.82,Net Banking,CUST2035
ORD100266,2025-05-04,South,Beauty,Lipstick,4,3948.53,25,11845.59,8706.27,3139.32,COD,CUST1216
ORD100267,2024-11-01,South,Beauty,Face Wash,9,2383.43,0,21450.87,14595.87,6855.0,COD,CUST1918
ORD100268,2025-03-03,Central,Sports,Dumbbells,6,687.66,0,4125.96,2586.9,1539.06,Net Banking,CUST2359
ORD100269,2025-01-09,West,Home & Kitchen,Mixer Grinder,8,3884.16,0,31073.28,22315.29,8757.99,Net Banking,CUST2381
ORD100270,2025-05-31,North,Electronics,Tablet,6,15467.33,10,83523.58,73747.41,9776.17,Debit Card,CUST3474
ORD100271,2025-02-17,South,Beauty,Lipstick,2,1089.97,15,1852.95,1670.17,182.78,Debit Card,CUST1587
ORD100272,2024-12-10,South,Home & Kitchen,Cookware Set,4,2754.58,0,11018.32,7875.03,3143.29,Debit Card,CUST2327
ORD100273,2024-03-09,North,Home & Kitchen,Cookware Set,9,560.38,10,4539.08,4034.0,505.08,Credit Card,CUST1574
ORD100274,2025-08-07,North,Home & Kitchen,Bedsheet Set,1,1716.6,20,1373.28,1279.89,93.39,Debit Card,CUST1488
ORD100275,2024-11-19,North,Home & Kitchen,Cookware Set,2,1705.94,0,3411.88,2445.97,965.91,Net Banking,CUST3444
ORD100276,2024-10-05,South,Home & Kitchen,Bedsheet Set,3,3495.27,5,9961.52,6545.42,3416.1,UPI,CUST1454
ORD100277,2025-08-23,East,Apparel,Kurta,5,1399.66,5,6648.38,4542.2,2106.18,Debit Card,CUST1916
ORD100278,2025-08-27,South,Sports,Dumbbells,9,2446.47,5,20917.32,14556.36,6360.96,Net Banking,CUST3149
ORD100279,2024-09-23,East,Beauty,Lipstick,3,798.51,10,2155.98,1772.3,383.68,Credit Card,CUST2026
ORD100280,2024-03-25,South,Beauty,Face Wash,10,3813.19,15,32412.12,29687.94,2724.18,UPI,CUST2177
ORD100281,2025-10-26,North,Beauty,Lipstick,5,1685.47,10,7584.62,5759.26,1825.36,COD,CUST1042
ORD100282,2024-12-08,Central,Electronics,Headphones,6,44863.17,10,242261.12,183124.78,59136.34,Credit Card,CUST1020
ORD100283,2025-02-10,East,Beauty,Lipstick,11,179.12,10,1773.29,1526.03,247.26,Debit Card,CUST2827
ORD100284,2025-12-15,North,Beauty,Lipstick,3,382.03,20,916.87,731.1,185.77,UPI,CUST2825
ORD100285,2024-11-29,Central,Beauty,Face Wash,4,1138.59,0,4554.36,2854.78,1699.58,Debit Card,CUST2179
ORD100286,2024-10-17,North,Home & Kitchen,Cookware Set,8,1348.53,10,9709.42,7865.03,1844.39,COD,CUST3137
ORD100287,2024-12-10,North,Home & Kitchen,Bedsheet Set,11,624.41,15,5838.23,5151.01,687.22,UPI,CUST3206
ORD100288,2025-08-05,East,Electronics,Smartphone,8,47645.75,0,381166.0,297095.31,84070.69,COD,CUST2107
ORD100289,2025-03-27,South,Electronics,Smartphone,6,48398.35,10,261351.09,162866.2,98484.89,Debit Card,CUST2385
ORD100290,2025-07-12,West,Apparel,Sneakers,11,159.95,10,1583.5,1194.3,389.2,Net Banking,CUST2243
ORD100291,2024-01-26,Central,Sports,Football,9,2639.43,0,23754.87,15207.7,8547.17,UPI,CUST3199
ORD100292,2025-12-20,West,Beauty,Face Wash,1,1061.95,15,902.66,657.03,245.63,Debit Card,CUST1145
ORD100293,2025-11-06,North,Beauty,Lipstick,10,1889.31,10,17003.79,11184.78,5819.01,Net Banking,CUST1482
ORD100294,2024-04-17,West,Apparel,Sneakers,2,1970.63,5,3744.2,2343.52,1400.68,UPI,CUST3466
ORD100295,2025-03-30,East,Home & Kitchen,Mixer Grinder,11,1043.0,5,10899.35,8015.26,2884.09,Debit Card,CUST1920
ORD100296,2024-11-15,West,Home & Kitchen,Mixer Grinder,3,2448.63,10,6611.3,4853.28,1758.02,Net Banking,CUST1998
ORD100297,2024-10-06,West,Apparel,T-Shirt,3,2472.39,0,7417.17,5758.55,1658.62,Credit Card,CUST2005
ORD100298,2024-02-05,North,Apparel,Kurta,8,2634.37,10,18967.46,13704.98,5262.48,Credit Card,CUST2376
ORD100299,2024-03-10,South,Home & Kitchen,Cookware Set,9,2526.05,5,21597.73,17231.94,4365.79,Debit Card,CUST1955
ORD100300,2025-05-31,Central,Apparel,T-Shirt,11,2614.65,0,28761.15,20081.12,8680.03,UPI,CUST1066
ORD100301,2025-01-15,South,Sports,Yoga Mat,10,1432.06,10,12888.54,11435.5,1453.04,Net Banking,CUST2232
ORD100302,2024-12-19,North,Apparel,Kurta,7,1941.04,0,13587.28,9383.03,4204.25,Net Banking,CUST2868
ORD100303,2025-04-21,Central,Apparel,Jeans,9,806.34,5,6894.21,4758.25,2135.96,Net Banking,CUST3102
ORD100304,2024-01-12,North,Apparel,T-Shirt,1,1308.28,25,981.21,874.88,106.33,UPI,CUST1236
ORD100305,2024-10-05,South,Electronics,Headphones,3,9314.48,25,20957.58,21844.79,-887.21,Debit Card,CUST1363
ORD100306,2024-11-16,South,Home & Kitchen,Mixer Grinder,9,2735.5,0,24619.5,15122.82,9496.68,Net Banking,CUST1455
ORD100307,2024-06-09,West,Electronics,Laptop,5,49598.84,15,210795.07,180337.95,30457.12,Debit Card,CUST1480
ORD100308,2025-10-24,West,Electronics,Smartphone,2,20632.14,5,39201.07,26268.03,12933.04,COD,CUST3496
ORD100309,2024-06-28,West,Home & Kitchen,Mixer Grinder,7,3778.19,20,21157.86,15615.59,5542.27,Debit Card,CUST1405
ORD100310,2024-05-22,North,Apparel,Kurta,6,2331.32,5,13288.52,9445.88,3842.64,Debit Card,CUST1560
ORD100311,2024-02-11,North,Home & Kitchen,Bedsheet Set,6,3297.18,5,18793.93,15222.95,3570.98,Credit Card,CUST2693
ORD100312,2025-04-06,West,Beauty,Hair Serum,6,693.92,0,4163.52,3142.14,1021.38,Credit Card,CUST1398
ORD100313,2025-02-08,North,Beauty,Hair Serum,3,818.07,10,2208.79,1562.17,646.62,Credit Card,CUST2811
ORD100314,2024-09-22,North,Home & Kitchen,Cookware Set,9,2364.38,5,20215.45,13372.67,6842.78,UPI,CUST1094
ORD100315,2024-04-19,West,Home & Kitchen,Air Fryer,6,3342.93,0,20057.58,15809.37,4248.21,Debit Card,CUST2048
ORD100316,2025-10-14,West,Sports,Dumbbells,5,618.78,5,2939.2,2093.11,846.09,Debit Card,CUST2603
ORD100317,2024-06-21,North,Sports,Football,4,1842.12,0,7368.48,5233.14,2135.34,Credit Card,CUST2884
ORD100318,2024-02-12,West,Sports,Yoga Mat,2,2653.27,0,5306.54,2999.99,2306.55,COD,CUST2953
ORD100319,2024-12-10,East,Apparel,Sneakers,2,2015.72,15,3426.72,2841.66,585.06,COD,CUST2486
ORD100320,2025-04-01,North,Beauty,Hair Serum,7,1070.84,0,7495.88,4350.21,3145.67,Net Banking,CUST1189
ORD100321,2025-05-08,East,Beauty,Lipstick,3,834.4,10,2252.88,1763.54,489.34,Net Banking,CUST2795
ORD100322,2025-09-06,North,Apparel,Sneakers,8,3283.79,10,23643.29,16460.02,7183.27,Credit Card,CUST1819
ORD100323,2025-02-23,West,Electronics,Smartphone,6,25679.79,0,154078.74,118895.02,35183.72,Credit Card,CUST2597
ORD100324,2025-04-27,Central,Home & Kitchen,Cookware Set,7,2173.19,5,14451.71,9039.5,5412.21,Credit Card,CUST3044
ORD100325,2025-08-20,North,Sports,Dumbbells,5,192.47,5,914.23,645.1,269.13,COD,CUST3293
ORD100326,2025-08-13,North,Home & Kitchen,Bedsheet Set,5,3077.12,0,15385.6,10521.1,4864.5,Net Banking,CUST3112
ORD100327,2024-01-13,East,Sports,Dumbbells,5,3362.07,10,15129.32,10081.4,5047.92,Credit Card,CUST3020
ORD100328,2024-06-21,South,Sports,Yoga Mat,4,1579.92,0,6319.68,4496.59,1823.09,COD,CUST2940
ORD100329,2024-11-03,East,Apparel,T-Shirt,7,724.57,0,5071.99,3885.98,1186.01,Debit Card,CUST1623
ORD100330,2025-08-16,East,Home & Kitchen,Mixer Grinder,8,3271.14,10,23552.21,20016.53,3535.68,Debit Card,CUST3068
ORD100331,2025-07-07,Central,Apparel,Sneakers,1,3828.04,15,3253.83,2407.27,846.56,Debit Card,CUST3176
ORD100332,2024-05-09,Central,Sports,Cricket Bat,1,3387.36,0,3387.36,2626.7,760.66,Net Banking,CUST1788
ORD100333,2024-10-10,East,Electronics,Laptop,11,29828.04,5,311703.02,217382.05,94320.97,Net Banking,CUST1078
ORD100334,2024-06-21,North,Home & Kitchen,Air Fryer,3,556.92,25,1253.07,1104.07,149.0,UPI,CUST2031
ORD100335,2024-07-18,West,Apparel,Kurta,9,3022.9,10,24485.49,20419.07,4066.42,Credit Card,CUST2668
ORD100336,2024-05-27,North,Apparel,T-Shirt,5,1642.24,5,7800.64,6551.69,1248.95,Debit Card,CUST1435
ORD100337,2025-02-02,West,Apparel,Sneakers,3,2696.28,0,8088.84,4800.95,3287.89,COD,CUST2284
ORD100338,2024-12-15,East,Home & Kitchen,Cookware Set,6,3092.83,0,18556.98,10303.51,8253.47,Net Banking,CUST1991
ORD100339,2025-01-02,North,Home & Kitchen,Mixer Grinder,1,1287.46,15,1094.34,909.16,185.18,UPI,CUST1962
ORD100340,2025-07-14,North,Apparel,Kurta,4,2517.8,15,8560.52,7160.38,1400.14,Credit Card,CUST1377
ORD100341,2024-04-28,West,Home & Kitchen,Bedsheet Set,2,1390.53,0,2781.06,1859.37,921.69,COD,CUST1769
ORD100342,2025-01-08,West,Sports,Football,5,3693.14,5,17542.42,13002.16,4540.26,Net Banking,CUST2249
ORD100343,2025-06-06,North,Apparel,Kurta,10,1452.33,20,11618.64,8803.35,2815.29,Net Banking,CUST2688
ORD100344,2025-05-02,East,Beauty,Face Wash,11,2267.85,5,23699.03,14741.32,8957.71,Debit Card,CUST3461
ORD100345,2025-12-25,North,Beauty,Lipstick,3,3564.66,10,9624.58,6646.06,2978.52,UPI,CUST2567
ORD100346,2024-08-09,North,Beauty,Face Wash,7,3535.18,0,24746.26,16976.04,7770.22,UPI,CUST3196
ORD100347,2025-01-31,South,Home & Kitchen,Cookware Set,5,3916.83,10,17625.74,13502.36,4123.38,Net Banking,CUST1662
ORD100348,2024-08-23,North,Home & Kitchen,Air Fryer,11,1382.23,15,12923.85,9386.26,3537.59,Credit Card,CUST1769
ORD100349,2025-06-24,South,Beauty,Hair Serum,5,2945.02,15,12516.34,8884.8,3631.54,UPI,CUST2430
ORD100350,2024-03-28,Central,Beauty,Perfume,6,2237.61,10,12083.09,9090.38,2992.71,Debit Card,CUST1702
ORD100351,2025-09-21,West,Home & Kitchen,Mixer Grinder,3,733.54,0,2200.62,1527.88,672.74,Credit Card,CUST2304
ORD100352,2024-05-07,West,Beauty,Face Wash,5,766.28,5,3639.83,2116.21,1523.62,Credit Card,CUST3176
ORD100353,2024-09-17,Central,Home & Kitchen,Bedsheet Set,3,3968.47,0,11905.41,7742.96,4162.45,COD,CUST1873
ORD100354,2025-05-05,North,Beauty,Lipstick,9,2287.08,10,18525.35,14490.86,4034.49,COD,CUST1922
ORD100355,2024-03-06,South,Electronics,Headphones,9,22640.54,5,193576.62,138771.98,54804.64,Debit Card,CUST3281
ORD100356,2025-08-24,North,Beauty,Lipstick,10,285.95,10,2573.55,1717.47,856.08,COD,CUST2778
ORD100357,2024-03-10,West,Electronics,Laptop,8,30222.6,0,241780.8,156273.56,85507.24,Debit Card,CUST2155
ORD100358,2024-01-20,West,Beauty,Face Wash,10,3561.85,10,32056.65,23076.56,8980.09,Net Banking,CUST2492
ORD100359,2025-02-08,East,Home & Kitchen,Cookware Set,10,2535.42,5,24086.49,18978.87,5107.62,UPI,CUST3320
ORD100360,2024-04-28,North,Electronics,Tablet,7,28962.18,10,182461.73,114791.42,67670.31,Debit Card,CUST1335
ORD100361,2025-11-28,East,Sports,Yoga Mat,7,2856.33,0,19994.31,13429.17,6565.14,Net Banking,CUST1593
ORD100362,2024-06-07,North,Apparel,Jeans,3,2068.28,0,6204.84,3503.49,2701.35,UPI,CUST2132
ORD100363,2024-03-16,South,Home & Kitchen,Cookware Set,10,2874.57,15,24433.84,19527.45,4906.39,Debit Card,CUST1431
ORD100364,2025-11-15,South,Apparel,T-Shirt,4,621.15,10,2236.14,1513.03,723.11,COD,CUST1830
ORD100365,2025-09-19,Central,Beauty,Hair Serum,1,2453.17,10,2207.85,1961.52,246.33,Debit Card,CUST2019
ORD100366,2024-04-27,South,Home & Kitchen,Air Fryer,1,1771.81,10,1594.63,1322.5,272.13,COD,CUST3010
ORD100367,2025-02-02,West,Electronics,Smartwatch,6,59469.36,10,321134.54,262258.66,58875.88,Net Banking,CUST1601
ORD100368,2025-02-03,East,Home & Kitchen,Mixer Grinder,5,860.23,5,4086.09,2725.33,1360.76,Debit Card,CUST1972
ORD100369,2025-09-10,West,Electronics,Headphones,1,35231.45,10,31708.3,25522.28,6186.02,COD,CUST2900
ORD100370,2025-07-16,East,Electronics,Smartphone,5,3556.94,15,15117.0,10784.38,4332.62,Net Banking,CUST1580
ORD100371,2024-12-14,Central,Electronics,Smartphone,5,28958.18,5,137551.35,113565.05,23986.3,Debit Card,CUST3403
ORD100372,2025-08-04,West,Sports,Football,10,460.32,10,4142.88,3103.09,1039.79,Debit Card,CUST1640
ORD100373,2024-11-08,West,Sports,Cricket Bat,4,3097.22,0,12388.88,8703.89,3684.99,Debit Card,CUST1187
ORD100374,2025-07-22,Central,Apparel,Jacket,4,2679.28,25,8037.84,6079.17,1958.67,COD,CUST1875
ORD100375,2025-09-09,North,Sports,Yoga Mat,6,1157.57,0,6945.42,5393.56,1551.86,COD,CUST1631
ORD100376,2025-02-03,North,Electronics,Headphones,6,25847.44,15,131821.94,95692.61,36129.33,Debit Card,CUST1840
ORD100377,2024-08-15,South,Apparel,T-Shirt,8,329.03,10,2369.02,1817.56,551.46,COD,CUST3243
ORD100378,2025-11-20,East,Beauty,Perfume,1,3121.65,0,3121.65,1901.7,1219.95,Net Banking,CUST1671
ORD100379,2024-07-21,West,Home & Kitchen,Bedsheet Set,4,642.75,20,2056.8,1666.94,389.86,Net Banking,CUST1895
ORD100380,2024-05-21,East,Sports,Cricket Bat,9,2053.75,25,13862.81,10835.94,3026.87,Credit Card,CUST2753
ORD100381,2024-10-31,Central,Home & Kitchen,Mixer Grinder,3,1338.49,20,3212.38,3179.61,32.77,COD,CUST3492
ORD100382,2025-02-28,Central,Home & Kitchen,Air Fryer,1,732.3,0,732.3,448.71,283.59,UPI,CUST3374
ORD100383,2025-08-20,Central,Home & Kitchen,Mixer Grinder,7,2248.66,25,11805.46,9552.23,2253.23,UPI,CUST3075
ORD100384,2024-02-12,West,Home & Kitchen,Air Fryer,9,3198.04,5,27343.24,20240.48,7102.76,UPI,CUST2517
ORD100385,2024-07-16,East,Sports,Cricket Bat,2,2016.08,0,4032.16,3170.99,861.17,Debit Card,CUST2080
ORD100386,2024-03-06,South,Beauty,Lipstick,10,1929.84,5,18333.48,13754.81,4578.67,Debit Card,CUST1587
ORD100387,2024-12-09,Central,Electronics,Smartwatch,8,6893.77,5,52392.65,43817.65,8575.0,Net Banking,CUST3290
ORD100388,2025-07-14,East,Electronics,Headphones,7,52353.71,5,348152.17,271047.92,77104.25,UPI,CUST1883
ORD100389,2024-08-01,West,Apparel,Jacket,8,636.08,10,4579.78,3004.36,1575.42,UPI,CUST1781
ORD100390,2025-01-15,South,Apparel,Jeans,9,2306.7,15,17646.25,14314.13,3332.12,Credit Card,CUST3113
ORD100391,2024-09-10,Central,Home & Kitchen,Mixer Grinder,3,3650.5,5,10403.92,7386.27,3017.65,Debit Card,CUST1773
ORD100392,2025-11-09,East,Sports,Cricket Bat,4,1889.03,5,7178.31,4332.32,2845.99,Debit Card,CUST1306
ORD100393,2025-05-18,West,Apparel,Kurta,10,512.04,5,4864.38,3785.87,1078.51,UPI,CUST1484
ORD100394,2025-08-19,Central,Apparel,Jeans,8,3221.97,5,24486.97,20073.45,4413.52,UPI,CUST2127
ORD100395,2024-07-28,West,Beauty,Face Wash,10,1873.27,10,16859.43,11080.55,5778.88,Net Banking,CUST1847
ORD100396,2025-01-21,Central,Apparel,Sneakers,3,3604.17,0,10812.51,7317.5,3495.01,Net Banking,CUST3267
ORD100397,2024-05-08,Central,Beauty,Perfume,7,859.27,20,4811.91,4292.06,519.85,UPI,CUST1612
ORD100398,2024-09-16,South,Home & Kitchen,Bedsheet Set,6,3875.86,15,19766.89,13474.3,6292.59,Net Banking,CUST2930
ORD100399,2024-01-16,West,Sports,Football,1,1758.38,25,1318.78,1260.72,58.06,Net Banking,CUST1268
ORD100400,2024-06-10,South,Beauty,Hair Serum,4,3988.75,25,11966.25,11392.4,573.85,UPI,CUST2560
ORD100401,2024-05-10,East,Sports,Yoga Mat,1,263.05,15,223.59,158.47,65.12,Credit Card,CUST1226
ORD100402,2025-12-01,Central,Beauty,Lipstick,9,3303.39,5,28243.98,21630.75,6613.23,Credit Card,CUST2418
ORD100403,2025-03-25,East,Sports,Cricket Bat,9,1527.52,5,13060.3,10407.85,2652.45,Credit Card,CUST1475
ORD100404,2024-10-03,West,Apparel,Jacket,8,485.64,10,3496.61,2544.87,951.74,Debit Card,CUST1040
ORD100405,2024-11-02,North,Apparel,Sneakers,2,3032.98,10,5459.36,4277.91,1181.45,UPI,CUST3320
ORD100406,2025-09-11,North,Beauty,Lipstick,11,3398.39,0,37382.29,20851.05,16531.24,COD,CUST3319
ORD100407,2024-03-06,Central,Electronics,Smartwatch,3,41242.37,0,123727.11,73459.3,50267.81,Net Banking,CUST3248
ORD100408,2025-10-21,North,Apparel,Sneakers,1,3372.61,0,3372.61,2396.98,975.63,Net Banking,CUST1441
ORD100409,2024-05-22,East,Apparel,T-Shirt,5,277.78,0,1388.9,990.69,398.21,Credit Card,CUST3019
ORD100410,2025-04-04,South,Home & Kitchen,Cookware Set,1,3099.35,15,2634.45,2219.9,414.55,Credit Card,CUST3257
ORD100411,2024-04-24,South,Home & Kitchen,Bedsheet Set,1,3515.77,0,3515.77,2082.29,1433.48,COD,CUST2377
ORD100412,2025-07-11,North,Beauty,Face Wash,6,1022.91,5,5830.59,3573.3,2257.29,Credit Card,CUST2682
ORD100413,2025-06-25,South,Home & Kitchen,Cookware Set,11,1776.81,0,19544.91,14365.04,5179.87,Debit Card,CUST1153
ORD100414,2025-09-05,North,Sports,Football,7,640.7,10,4036.41,3557.4,479.01,Net Banking,CUST2449
ORD100415,2024-10-01,North,Apparel,Jacket,9,3381.92,25,22827.96,21468.51,1359.45,Credit Card,CUST2659
ORD100416,2025-01-09,Central,Apparel,Sneakers,9,1233.86,20,8883.79,6420.15,2463.64,COD,CUST1933
ORD100417,2025-03-12,West,Electronics,Smartphone,4,5972.76,0,23891.04,13214.16,10676.88,Debit Card,CUST3136
ORD100418,2025-10-15,Central,Sports,Cricket Bat,11,435.83,0,4794.13,3512.0,1282.13,Debit Card,CUST1040
ORD100419,2025-12-08,East,Apparel,Jeans,11,3626.15,15,33904.5,28597.5,5307.0,COD,CUST2621
ORD100420,2025-09-23,East,Electronics,Tablet,7,31972.73,15,190237.74,139057.65,51180.09,UPI,CUST3315
ORD100421,2024-02-04,South,Sports,Football,11,3982.43,15,37235.72,29804.41,7431.31,Credit Card,CUST2348
ORD100422,2024-10-30,North,Sports,Dumbbells,4,997.87,5,3791.91,2931.31,860.6,Debit Card,CUST2928
ORD100423,2024-11-19,West,Sports,Cricket Bat,3,3342.75,20,8022.6,6949.01,1073.59,COD,CUST1342
ORD100424,2025-03-06,East,Electronics,Smartwatch,8,19153.41,5,145565.92,113919.87,31646.05,Net Banking,CUST2896
ORD100425,2025-10-20,North,Electronics,Headphones,10,10056.52,0,100565.2,79147.54,21417.66,Net Banking,CUST2573
ORD100426,2025-05-19,Central,Apparel,T-Shirt,3,1064.12,5,3032.74,1838.98,1193.76,Net Banking,CUST2429
ORD100427,2024-03-16,East,Apparel,T-Shirt,3,2661.06,25,5987.38,5589.53,397.85,Debit Card,CUST2384
ORD100428,2025-08-06,West,Home & Kitchen,Cookware Set,7,1716.84,20,9614.3,6618.61,2995.69,COD,CUST1779
ORD100429,2024-09-18,North,Apparel,Jeans,10,3643.41,0,36434.1,24316.5,12117.6,COD,CUST1440
ORD100430,2024-04-02,South,Electronics,Headphones,1,37426.68,5,35555.35,24771.49,10783.86,Credit Card,CUST2875
ORD100431,2025-11-19,East,Apparel,T-Shirt,6,3438.42,0,20630.52,15644.73,4985.79,Net Banking,CUST1403
ORD100432,2025-08-24,Central,Sports,Football,7,3239.95,10,20411.68,15380.59,5031.09,COD,CUST2386
ORD100433,2025-01-16,South,Home & Kitchen,Mixer Grinder,9,1678.51,0,15106.59,10639.07,4467.52,Net Banking,CUST1855
ORD100434,2025-07-24,East,Home & Kitchen,Mixer Grinder,7,2362.9,0,16540.3,11890.08,4650.22,Net Banking,CUST2517
ORD100435,2025-10-20,West,Electronics,Headphones,11,8063.05,0,88693.55,57530.54,31163.01,COD,CUST1018
ORD100436,2024-11-27,East,Beauty,Hair Serum,8,3644.3,10,26238.96,20465.7,5773.26,UPI,CUST2952
ORD100437,2024-10-27,East,Beauty,Hair Serum,10,3826.98,15,32529.33,21063.36,11465.97,Debit Card,CUST1858
ORD100438,2024-06-22,West,Home & Kitchen,Mixer Grinder,7,2912.65,15,17330.27,11420.44,5909.83,Credit Card,CUST2875
ORD100439,2025-10-19,Central,Beauty,Perfume,2,2711.37,15,4609.33,3880.87,728.46,Net Banking,CUST2774
ORD100440,2025-02-15,North,Home & Kitchen,Mixer Grinder,8,3042.04,0,24336.32,13872.8,10463.52,Net Banking,CUST3088
ORD100441,2024-04-14,West,Home & Kitchen,Air Fryer,10,1543.39,10,13890.51,8527.74,5362.77,Debit Card,CUST1209
ORD100442,2025-07-16,West,Beauty,Perfume,6,595.59,0,3573.54,2118.97,1454.57,Net Banking,CUST1628
ORD100443,2025-05-28,East,Beauty,Face Wash,6,3341.72,25,15037.74,15138.05,-100.31,Debit Card,CUST1267
ORD100444,2025-02-22,North,Beauty,Lipstick,11,2021.1,10,20008.89,12470.76,7538.13,Credit Card,CUST2236
ORD100445,2025-07-27,Central,Beauty,Lipstick,1,981.8,5,932.71,740.45,192.26,UPI,CUST2819
ORD100446,2024-10-03,Central,Electronics,Laptop,6,51140.11,5,291498.63,174716.2,116782.43,COD,CUST3120
ORD100447,2025-09-25,North,Electronics,Laptop,2,23177.53,5,44037.31,32208.26,11829.05,UPI,CUST2064
ORD100448,2024-03-03,West,Home & Kitchen,Air Fryer,7,1377.64,10,8679.13,6198.76,2480.37,Debit Card,CUST2141
ORD100449,2025-09-03,South,Electronics,Tablet,1,31643.59,5,30061.41,18714.24,11347.17,COD,CUST1006
ORD100450,2024-07-14,West,Home & Kitchen,Air Fryer,5,3576.87,0,17884.35,10527.0,7357.35,Credit Card,CUST1913
ORD100451,2025-02-22,Central,Sports,Yoga Mat,11,1635.62,15,15293.05,12576.23,2716.82,Net Banking,CUST2829
ORD100452,2025-07-29,East,Beauty,Lipstick,5,2194.68,15,9327.39,7627.12,1700.27,UPI,CUST1832
ORD100453,2024-01-31,South,Electronics,Smartphone,4,10208.11,25,30624.33,24790.26,5834.07,COD,CUST1442
ORD100454,2025-08-01,Central,Sports,Football,11,672.79,0,7400.69,4456.81,2943.88,Credit Card,CUST1362
ORD100455,2025-03-23,West,Home & Kitchen,Air Fryer,11,766.1,0,8427.1,6228.08,2199.02,UPI,CUST1910
ORD100456,2024-09-01,West,Sports,Dumbbells,10,3615.32,0,36153.2,28524.14,7629.06,UPI,CUST2731
ORD100457,2024-07-19,North,Electronics,Laptop,1,5474.46,10,4927.01,3218.41,1708.6,COD,CUST2936
ORD100458,2024-04-18,North,Apparel,Sneakers,6,2234.42,0,13406.52,9229.42,4177.1,Net Banking,CUST1364
ORD100459,2025-01-13,Central,Home & Kitchen,Mixer Grinder,7,1845.7,0,12919.9,7943.59,4976.31,Debit Card,CUST1761
ORD100460,2025-05-11,South,Home & Kitchen,Air Fryer,5,1468.42,0,7342.1,5812.04,1530.06,UPI,CUST1358
ORD100461,2025-05-13,North,Home & Kitchen,Cookware Set,1,2384.8,0,2384.8,1576.38,808.42,UPI,CUST2134
ORD100462,2024-05-18,West,Apparel,Jeans,4,1696.85,25,5090.55,5226.83,-136.28,Credit Card,CUST3151
ORD100463,2024-08-01,West,Home & Kitchen,Air Fryer,9,3201.21,5,27370.35,21109.87,6260.48,Debit Card,CUST2307
ORD100464,2025-05-31,North,Apparel,Kurta,1,2886.91,20,2309.53,1683.34,626.19,Credit Card,CUST2140
ORD100465,2024-09-23,West,Home & Kitchen,Bedsheet Set,6,2203.54,15,11238.05,7703.53,3534.52,Debit Card,CUST3442
ORD100466,2025-05-01,Central,Beauty,Hair Serum,5,3207.71,0,16038.55,12338.02,3700.53,Credit Card,CUST2605
ORD100467,2025-06-12,North,Apparel,Jacket,3,1931.3,25,4345.42,3886.85,458.57,COD,CUST1863
ORD100468,2025-08-04,South,Beauty,Lipstick,7,1595.02,0,11165.14,6708.08,4457.06,Debit Card,CUST2239
ORD100469,2025-02-10,South,Sports,Yoga Mat,11,2118.41,5,22137.38,16179.39,5957.99,COD,CUST2714
ORD100470,2024-03-22,North,Sports,Cricket Bat,3,2468.15,10,6664.01,5565.54,1098.47,Debit Card,CUST1162
ORD100471,2024-02-17,South,Apparel,Jacket,9,378.97,0,3410.73,2421.79,988.94,UPI,CUST1839
ORD100472,2024-05-26,East,Home & Kitchen,Cookware Set,6,1135.78,0,6814.68,5403.25,1411.43,Debit Card,CUST2724
ORD100473,2024-10-13,East,Home & Kitchen,Mixer Grinder,7,223.6,5,1486.94,1129.97,356.97,UPI,CUST1682
ORD100474,2025-07-19,South,Sports,Dumbbells,10,667.58,0,6675.8,4270.37,2405.43,Net Banking,CUST3241
ORD100475,2025-11-11,Central,Sports,Cricket Bat,8,2972.25,5,22589.1,17794.23,4794.87,UPI,CUST1018
ORD100476,2025-01-04,South,Sports,Yoga Mat,8,3979.4,0,31835.2,17527.8,14307.4,Debit Card,CUST1578
ORD100477,2024-03-05,Central,Sports,Dumbbells,4,3361.46,10,12101.26,7875.4,4225.86,Credit Card,CUST2767
ORD100478,2025-10-09,North,Electronics,Smartphone,5,49351.21,15,209742.64,190275.09,19467.55,Debit Card,CUST1546
ORD100479,2024-07-12,Central,Home & Kitchen,Cookware Set,8,1686.54,10,12143.09,8366.37,3776.72,COD,CUST1413
ORD100480,2024-12-23,West,Sports,Cricket Bat,11,1492.96,0,16422.56,12350.73,4071.83,Debit Card,CUST3015
ORD100481,2024-10-16,West,Home & Kitchen,Air Fryer,3,2161.92,0,6485.76,3691.8,2793.96,UPI,CUST3422
ORD100482,2024-06-10,West,Beauty,Lipstick,10,1082.59,5,10284.6,6347.22,3937.38,Credit Card,CUST2497
ORD100483,2024-01-13,West,Electronics,Laptop,8,17858.37,0,142866.96,88613.39,54253.57,COD,CUST2238
ORD100484,2025-09-23,South,Beauty,Hair Serum,7,3638.53,0,25469.71,17042.02,8427.69,Net Banking,CUST3368
ORD100485,2024-08-20,East,Sports,Yoga Mat,5,279.63,0,1398.15,914.43,483.72,Net Banking,CUST2304
ORD100486,2025-12-26,South,Home & Kitchen,Bedsheet Set,1,2921.2,15,2483.02,1938.18,544.84,Net Banking,CUST2479
ORD100487,2025-07-19,East,Sports,Cricket Bat,4,2602.8,5,9890.64,6931.71,2958.93,UPI,CUST2011
ORD100488,2024-02-22,East,Beauty,Face Wash,8,1266.38,10,9117.94,5875.89,3242.05,COD,CUST2494
ORD100489,2025-04-10,North,Apparel,Jeans,7,760.7,20,4259.92,4025.33,234.59,Credit Card,CUST2098
ORD100490,2025-12-16,Central,Home & Kitchen,Bedsheet Set,1,1372.71,0,1372.71,930.4,442.31,COD,CUST2809
ORD100491,2024-04-05,East,Apparel,Jeans,6,2871.86,0,17231.16,13092.83,4138.33,Debit Card,CUST2960
ORD100492,2025-01-24,South,Home & Kitchen,Cookware Set,5,3770.73,0,18853.65,14757.16,4096.49,COD,CUST1632
ORD100493,2025-07-30,West,Sports,Football,11,1191.01,15,11135.94,8231.91,2904.03,Net Banking,CUST1818
ORD100494,2024-05-20,North,Beauty,Face Wash,3,3653.28,5,10411.85,8669.45,1742.4,COD,CUST3448
ORD100495,2025-11-28,South,Sports,Football,7,2051.18,5,13640.35,10168.2,3472.15,UPI,CUST1905
ORD100496,2024-06-23,North,Sports,Dumbbells,7,1128.79,20,6321.22,4706.96,1614.26,Credit Card,CUST1522
ORD100497,2025-03-27,Central,Home & Kitchen,Bedsheet Set,9,1297.5,0,11677.5,8705.06,2972.44,COD,CUST2675
ORD100498,2024-10-19,North,Home & Kitchen,Mixer Grinder,10,553.51,5,5258.34,3577.22,1681.12,COD,CUST2023
ORD100499,2025-07-06,East,Apparel,Jacket,3,1912.14,0,5736.42,3683.8,2052.62,COD,CUST2259
ORD100500,2025-03-30,West,Home & Kitchen,Mixer Grinder,9,866.19,10,7016.14,5098.0,1918.14,Credit Card,CUST1648
ORD100501,2024-11-24,East,Sports,Yoga Mat,6,1968.28,20,9447.74,7132.28,2315.46,Debit Card,CUST2878
ORD100502,2024-06-21,West,Home & Kitchen,Mixer Grinder,2,1669.73,20,2671.57,1941.67,729.9,Debit Card,CUST2051
ORD100503,2024-11-21,Central,Beauty,Lipstick,5,2776.45,5,13188.14,9645.3,3542.84,Debit Card,CUST1234
ORD100504,2024-08-14,North,Electronics,Laptop,9,49433.9,15,378169.34,305183.29,72986.05,COD,CUST3100
ORD100505,2025-08-08,Central,Home & Kitchen,Air Fryer,5,3657.61,15,15544.84,13301.74,2243.1,Net Banking,CUST1397
ORD100506,2024-05-17,Central,Apparel,Jeans,3,2047.53,5,5835.46,4193.76,1641.7,Debit Card,CUST1883
ORD100507,2025-06-19,North,Beauty,Face Wash,11,3528.94,0,38818.34,25209.09,13609.25,Credit Card,CUST1118
ORD100508,2024-06-04,West,Apparel,Jacket,1,2156.99,25,1617.74,1254.05,363.69,Debit Card,CUST2705
ORD100509,2025-11-29,Central,Beauty,Perfume,9,612.8,0,5515.2,3057.56,2457.64,Debit Card,CUST2524
ORD100510,2025-10-26,Central,Apparel,Jacket,1,2995.25,0,2995.25,2128.02,867.23,Net Banking,CUST3059
ORD100511,2025-06-11,Central,Apparel,Sneakers,11,2702.58,5,28241.96,22885.32,5356.64,Net Banking,CUST1306
ORD100512,2025-04-01,Central,Sports,Dumbbells,11,3344.59,10,33111.44,22912.6,10198.84,Debit Card,CUST2082
ORD100513,2025-10-05,Central,Sports,Football,8,402.93,0,3223.44,1971.62,1251.82,Net Banking,CUST3459
ORD100514,2024-07-23,East,Beauty,Face Wash,7,2735.82,10,17235.67,15273.72,1961.95,Net Banking,CUST1630
ORD100515,2025-10-06,Central,Electronics,Smartwatch,8,59481.41,5,452058.72,376251.84,75806.88,Net Banking,CUST1277
ORD100516,2024-08-20,West,Electronics,Tablet,1,13677.8,0,13677.8,8004.26,5673.54,Net Banking,CUST1025
ORD100517,2024-01-25,North,Sports,Yoga Mat,10,1363.32,0,13633.2,10844.03,2789.17,Debit Card,CUST2091
ORD100518,2025-02-15,Central,Beauty,Perfume,11,1150.63,0,12656.93,9864.45,2792.48,Debit Card,CUST1215
ORD100519,2025-03-13,South,Beauty,Perfume,9,3577.04,10,28974.02,18206.98,10767.04,Credit Card,CUST2776
ORD100520,2024-01-05,South,Sports,Cricket Bat,4,2579.05,5,9800.39,6020.21,3780.18,Credit Card,CUST3469
ORD100521,2024-01-15,West,Beauty,Lipstick,10,2766.54,0,27665.4,17115.92,10549.48,UPI,CUST3493
ORD100522,2024-07-28,West,Beauty,Perfume,10,844.19,5,8019.81,5826.76,2193.05,Debit Card,CUST2541
ORD100523,2024-04-02,North,Sports,Football,8,955.36,0,7642.88,5815.56,1827.32,UPI,CUST3378
ORD100524,2024-11-28,Central,Sports,Yoga Mat,2,3437.07,0,6874.14,5431.65,1442.49,Net Banking,CUST3319
ORD100525,2025-08-02,East,Beauty,Hair Serum,3,2068.21,5,5894.4,4890.83,1003.57,UPI,CUST3493
ORD100526,2024-11-27,Central,Beauty,Lipstick,11,1917.01,20,16869.69,12526.25,4343.44,Net Banking,CUST1869
ORD100527,2024-06-02,South,Home & Kitchen,Bedsheet Set,6,881.91,15,4497.74,4111.33,386.41,UPI,CUST2296
ORD100528,2025-09-10,South,Home & Kitchen,Air Fryer,11,2157.62,25,17800.36,17547.07,253.29,Net Banking,CUST3409
ORD100529,2024-01-08,West,Home & Kitchen,Cookware Set,4,1102.26,10,3968.14,3159.74,808.4,Net Banking,CUST1186
ORD100530,2025-08-18,Central,Beauty,Lipstick,8,3089.78,15,21010.5,17321.7,3688.8,Net Banking,CUST3468
ORD100531,2024-03-14,Central,Home & Kitchen,Mixer Grinder,4,1524.56,20,4878.59,3702.66,1175.93,Debit Card,CUST3218
ORD100532,2025-12-28,East,Beauty,Hair Serum,10,1388.43,15,11801.66,10166.3,1635.36,UPI,CUST2626
ORD100533,2025-09-04,East,Home & Kitchen,Mixer Grinder,11,262.3,5,2741.04,2064.75,676.29,Credit Card,CUST1009
ORD100534,2024-09-21,East,Home & Kitchen,Bedsheet Set,6,1681.67,20,8072.02,8055.0,17.02,COD,CUST1600
ORD100535,2025-08-27,Central,Apparel,Jeans,7,1581.14,5,10514.58,8174.44,2340.14,Net Banking,CUST1273
ORD100536,2025-11-15,South,Sports,Dumbbells,4,1637.34,10,5894.42,4282.63,1611.79,Credit Card,CUST3161
ORD100537,2024-02-27,South,Sports,Yoga Mat,10,3685.22,0,36852.2,24930.13,11922.07,Credit Card,CUST2064
ORD100538,2024-04-14,South,Sports,Yoga Mat,5,288.67,0,1443.35,1106.61,336.74,Credit Card,CUST2772
ORD100539,2025-08-02,East,Electronics,Smartwatch,5,43205.76,10,194425.92,141904.02,52521.9,COD,CUST3329
ORD100540,2025-02-06,North,Electronics,Laptop,7,53666.84,20,300534.3,290443.7,10090.6,Debit Card,CUST1404
ORD100541,2025-04-06,West,Apparel,Sneakers,4,3319.17,20,10621.34,9109.48,1511.86,COD,CUST1220
ORD100542,2025-07-06,East,Apparel,Jacket,3,2436.14,0,7308.42,5181.75,2126.67,Net Banking,CUST1474
ORD100543,2024-09-27,Central,Electronics,Smartphone,3,30513.84,5,86964.44,68905.1,18059.34,UPI,CUST1039
ORD100544,2024-07-07,South,Sports,Cricket Bat,4,2820.43,15,9589.46,8051.34,1538.12,COD,CUST1289
ORD100545,2025-03-08,West,Apparel,T-Shirt,7,324.8,0,2273.6,1779.67,493.93,COD,CUST1862
ORD100546,2024-09-10,North,Apparel,Jacket,5,3097.35,0,15486.75,10130.53,5356.22,Credit Card,CUST2349
ORD100547,2024-12-22,East,Home & Kitchen,Mixer Grinder,9,3896.35,0,35067.15,21953.78,13113.37,Net Banking,CUST1211
ORD100548,2025-05-29,South,Beauty,Hair Serum,3,349.82,0,1049.46,658.56,390.9,Debit Card,CUST2534
ORD100549,2025-02-23,South,Beauty,Lipstick,9,3416.44,5,29210.56,19240.0,9970.56,Credit Card,CUST1868
ORD100550,2025-06-20,West,Home & Kitchen,Cookware Set,11,1195.04,0,13145.44,8337.38,4808.06,Net Banking,CUST2909
ORD100551,2025-07-04,East,Apparel,T-Shirt,8,3085.56,5,23450.26,14499.67,8950.59,Net Banking,CUST1271
ORD100552,2025-07-24,South,Sports,Yoga Mat,7,2246.31,10,14151.75,9306.04,4845.71,Debit Card,CUST1253
ORD100553,2025-06-04,Central,Beauty,Hair Serum,1,3816.05,0,3816.05,2351.95,1464.1,Net Banking,CUST2583
ORD100554,2025-03-11,North,Electronics,Smartwatch,9,7970.49,10,64560.97,53455.26,11105.71,UPI,CUST2214
ORD100555,2025-12-29,East,Apparel,Sneakers,3,1571.73,20,3772.15,3568.82,203.33,UPI,CUST1103
ORD100556,2024-04-05,West,Electronics,Headphones,7,27810.63,20,155739.53,140875.91,14863.62,UPI,CUST1166
ORD100557,2025-05-23,East,Beauty,Lipstick,9,1205.18,15,9219.63,6495.07,2724.56,Net Banking,CUST2164
ORD100558,2025-08-04,East,Sports,Cricket Bat,6,2710.81,0,16264.86,9429.04,6835.82,Net Banking,CUST1560
ORD100559,2024-03-16,North,Apparel,T-Shirt,7,2264.84,0,15853.88,10632.01,5221.87,COD,CUST2567
ORD100560,2024-05-07,West,Home & Kitchen,Cookware Set,4,1629.77,0,6519.08,4952.87,1566.21,Debit Card,CUST1077
ORD100561,2024-09-26,East,Home & Kitchen,Mixer Grinder,2,1835.0,0,3670.0,2665.22,1004.78,Net Banking,CUST1901
ORD100562,2024-06-16,South,Sports,Yoga Mat,3,1803.94,0,5411.82,3628.98,1782.84,UPI,CUST1999
ORD100563,2025-06-08,West,Beauty,Perfume,3,3817.0,0,11451.0,8815.38,2635.62,Debit Card,CUST1451
ORD100564,2025-03-03,Central,Home & Kitchen,Bedsheet Set,7,1368.72,15,8143.88,6470.83,1673.05,COD,CUST1839
ORD100565,2025-06-02,South,Sports,Yoga Mat,8,3750.89,15,25506.05,23869.96,1636.09,Debit Card,CUST2233
ORD100566,2025-05-14,West,Electronics,Tablet,8,3299.78,5,25078.33,16417.28,8661.05,Debit Card,CUST3378
ORD100567,2024-10-09,Central,Home & Kitchen,Mixer Grinder,1,3749.73,5,3562.24,2885.4,676.84,Credit Card,CUST3165
ORD100568,2024-02-28,Central,Electronics,Tablet,1,17288.35,5,16423.93,12471.14,3952.79,UPI,CUST3244
ORD100569,2025-03-25,South,Sports,Yoga Mat,7,3786.13,10,23852.62,19025.64,4826.98,Net Banking,CUST1214
ORD100570,2025-06-09,North,Sports,Football,7,1760.59,15,10475.51,7090.6,3384.91,UPI,CUST2815
ORD100571,2024-12-03,North,Sports,Football,10,3671.71,0,36717.1,24326.15,12390.95,Debit Card,CUST1201
ORD100572,2024-01-17,West,Beauty,Face Wash,2,3887.1,0,7774.2,5060.23,2713.97,UPI,CUST2988
ORD100573,2024-03-22,West,Sports,Football,10,2391.41,0,23914.1,16259.82,7654.28,Debit Card,CUST3434
ORD100574,2024-04-07,West,Electronics,Tablet,9,44461.65,10,360139.37,275067.07,85072.3,Net Banking,CUST3213
ORD100575,2024-01-22,East,Electronics,Smartwatch,10,36297.5,0,362975.0,206494.99,156480.01,Credit Card,CUST3277
ORD100576,2024-01-20,North,Apparel,Kurta,11,1806.94,10,17888.71,13207.94,4680.77,Credit Card,CUST3414
ORD100577,2025-02-17,North,Beauty,Lipstick,5,208.18,25,780.68,637.78,142.9,Debit Card,CUST1072
ORD100578,2025-04-25,West,Electronics,Smartphone,6,18911.86,0,113471.16,79363.67,34107.49,Credit Card,CUST1412
ORD100579,2025-03-27,South,Home & Kitchen,Bedsheet Set,1,600.7,5,570.66,422.33,148.33,UPI,CUST1661
ORD100580,2025-07-13,West,Beauty,Lipstick,5,930.14,10,4185.63,3373.08,812.55,COD,CUST1024
ORD100581,2024-10-10,North,Beauty,Hair Serum,1,209.27,10,188.34,128.34,60.0,Debit Card,CUST1082
ORD100582,2025-10-11,North,Apparel,Jacket,4,2944.04,10,10598.54,8653.74,1944.8,UPI,CUST3309
ORD100583,2024-06-24,Central,Sports,Football,6,542.29,0,3253.74,2142.25,1111.49,UPI,CUST2779
ORD100584,2025-05-21,North,Apparel,T-Shirt,5,3671.01,5,17437.3,11282.44,6154.86,Net Banking,CUST3426
ORD100585,2024-03-13,Central,Beauty,Hair Serum,11,184.86,10,1830.11,1430.18,399.93,COD,CUST3424
ORD100586,2024-02-10,West,Apparel,Jeans,10,2848.34,0,28483.4,20322.86,8160.54,Net Banking,CUST1150
ORD100587,2024-04-20,South,Apparel,Jacket,4,202.92,0,811.68,489.93,321.75,Credit Card,CUST1068
ORD100588,2024-10-25,Central,Electronics,Smartwatch,2,3939.07,5,7484.23,5776.12,1708.11,Credit Card,CUST2337
ORD100589,2024-06-09,North,Apparel,Jeans,11,2439.99,5,25497.9,16996.59,8501.31,Credit Card,CUST2361
ORD100590,2025-07-03,West,Sports,Cricket Bat,3,2049.98,0,6149.94,4592.11,1557.83,Debit Card,CUST3434
ORD100591,2025-08-25,North,Electronics,Laptop,8,4293.83,5,32633.11,26800.08,5833.03,COD,CUST1389
ORD100592,2025-09-10,Central,Beauty,Perfume,9,1434.39,15,10973.08,10054.11,918.97,UPI,CUST1648
ORD100593,2025-07-21,Central,Electronics,Laptop,11,27369.86,10,270961.61,184282.77,86678.84,Net Banking,CUST2211
ORD100594,2025-11-10,East,Apparel,Kurta,4,2209.85,0,8839.4,6594.16,2245.24,Debit Card,CUST1062
ORD100595,2025-10-23,South,Sports,Dumbbells,11,2455.55,0,27011.05,18841.78,8169.27,Net Banking,CUST1134
ORD100596,2025-07-26,South,Apparel,Kurta,11,2040.72,20,17958.34,12937.82,5020.52,COD,CUST1822
ORD100597,2024-01-03,North,Home & Kitchen,Air Fryer,6,2672.42,0,16034.52,9458.33,6576.19,Debit Card,CUST2007
ORD100598,2025-10-06,West,Sports,Yoga Mat,1,864.74,10,778.27,666.22,112.05,Debit Card,CUST3350
ORD100599,2025-08-18,East,Beauty,Face Wash,3,575.16,0,1725.48,1082.66,642.82,COD,CUST3330
ORD100600,2024-11-07,West,Sports,Dumbbells,10,2211.88,5,21012.86,14121.69,6891.17,COD,CUST3099
ORD100601,2024-06-01,West,Apparel,Jacket,7,981.83,15,5841.89,5131.17,710.72,UPI,CUST1621
ORD100602,2024-06-25,South,Sports,Football,10,1195.27,0,11952.7,7526.04,4426.66,UPI,CUST1136
ORD100603,2024-01-06,West,Home & Kitchen,Cookware Set,3,3341.15,0,10023.45,6819.95,3203.5,Credit Card,CUST3308
ORD100604,2025-03-01,West,Sports,Football,7,3375.95,15,20086.9,17418.63,2668.27,Debit Card,CUST2308
ORD100605,2024-08-26,West,Sports,Yoga Mat,5,1732.71,10,7797.2,5598.39,2198.81,UPI,CUST2647
ORD100606,2024-02-14,East,Home & Kitchen,Cookware Set,1,3001.41,15,2551.2,2049.88,501.32,Credit Card,CUST2629
ORD100607,2025-10-23,North,Beauty,Lipstick,6,471.68,0,2830.08,1673.81,1156.27,Debit Card,CUST1498
ORD100608,2025-09-25,East,Apparel,T-Shirt,10,2593.36,10,23340.24,15031.21,8309.03,COD,CUST2257
ORD100609,2025-06-23,North,Sports,Cricket Bat,11,1094.61,0,12040.71,7799.47,4241.24,UPI,CUST1146
ORD100610,2024-04-27,West,Sports,Yoga Mat,8,2522.76,10,18163.87,13197.95,4965.92,UPI,CUST1018
ORD100611,2024-07-13,North,Home & Kitchen,Air Fryer,10,1735.68,15,14753.28,10429.99,4323.29,UPI,CUST2377
ORD100612,2025-05-13,West,Apparel,T-Shirt,6,2365.33,0,14191.98,11158.85,3033.13,UPI,CUST2456
ORD100613,2024-09-01,West,Sports,Yoga Mat,7,699.94,10,4409.62,2947.41,1462.21,UPI,CUST2348
ORD100614,2024-10-31,East,Sports,Dumbbells,3,936.62,5,2669.37,1839.95,829.42,COD,CUST2776
ORD100615,2025-07-27,East,Beauty,Lipstick,1,3450.64,10,3105.58,2249.92,855.66,Net Banking,CUST3026
ORD100616,2025-02-19,West,Home & Kitchen,Bedsheet Set,10,1125.1,0,11251.0,8222.92,3028.08,Credit Card,CUST2847
ORD100617,2024-04-02,South,Beauty,Lipstick,9,3515.56,0,31640.04,18409.65,13230.39,Net Banking,CUST2222
ORD100618,2025-12-18,North,Home & Kitchen,Bedsheet Set,3,3309.31,5,9431.53,6662.5,2769.03,Debit Card,CUST1138
ORD100619,2025-11-23,North,Apparel,Jeans,9,3243.62,20,23354.06,17540.89,5813.17,Net Banking,CUST3232
ORD100620,2024-10-18,East,Sports,Football,4,2646.02,0,10584.08,6814.74,3769.34,UPI,CUST3382
ORD100621,2025-06-15,South,Apparel,Jacket,11,314.92,5,3290.91,1965.89,1325.02,COD,CUST1205
ORD100622,2024-02-09,West,Sports,Yoga Mat,11,2870.54,5,29997.14,20283.45,9713.69,Debit Card,CUST3143
ORD100623,2025-02-17,West,Home & Kitchen,Air Fryer,11,3350.77,15,31329.7,23711.43,7618.27,COD,CUST1670
ORD100624,2024-05-03,East,Beauty,Perfume,2,3125.32,5,5938.11,3541.71,2396.4,UPI,CUST2159
ORD100625,2024-07-19,West,Apparel,Kurta,10,2259.92,5,21469.24,14408.14,7061.1,UPI,CUST2503
ORD100626,2024-11-09,Central,Sports,Cricket Bat,4,690.25,10,2484.9,1946.83,538.07,Credit Card,CUST1582
ORD100627,2024-04-01,North,Electronics,Smartphone,9,20948.37,5,179108.56,111173.57,67934.99,COD,CUST1990
ORD100628,2025-07-29,North,Apparel,Jeans,10,3573.14,10,32158.26,25301.33,6856.93,UPI,CUST2705
ORD100629,2025-03-20,Central,Electronics,Laptop,11,16402.37,0,180426.07,113389.97,67036.1,COD,CUST1954
ORD100630,2025-01-20,Central,Home & Kitchen,Mixer Grinder,10,2102.18,0,21021.8,11966.51,9055.29,Debit Card,CUST3443
ORD100631,2025-01-05,North,Beauty,Hair Serum,10,1885.49,25,14141.18,12402.22,1738.96,Credit Card,CUST3109
ORD100632,2025-05-19,North,Sports,Football,3,3765.41,10,10166.61,7129.37,3037.24,Credit Card,CUST3015
ORD100633,2024-06-04,Central,Sports,Dumbbells,5,2824.37,0,14121.85,9868.71,4253.14,Net Banking,CUST2609
ORD100634,2025-03-12,West,Electronics,Tablet,4,27799.07,25,83397.21,83027.71,369.5,UPI,CUST3387
ORD100635,2024-07-22,Central,Electronics,Smartphone,1,26054.3,0,26054.3,16020.64,10033.66,UPI,CUST2093
ORD100636,2025-02-08,Central,Apparel,Jeans,3,3323.66,10,8973.88,7623.11,1350.77,Debit Card,CUST2240
ORD100637,2024-02-25,East,Home & Kitchen,Air Fryer,11,2129.67,10,21083.73,15440.44,5643.29,COD,CUST1076
ORD100638,2024-08-17,West,Electronics,Headphones,2,50723.31,0,101446.62,70421.77,31024.85,COD,CUST2573
ORD100639,2025-11-18,South,Sports,Yoga Mat,11,3995.74,0,43953.14,32395.49,11557.65,Net Banking,CUST2474
ORD100640,2024-12-30,North,Electronics,Smartphone,11,14641.49,0,161056.39,105137.27,55919.12,COD,CUST2904
ORD100641,2025-04-03,Central,Beauty,Hair Serum,11,3419.34,5,35732.1,20815.82,14916.28,COD,CUST1507
ORD100642,2024-10-30,South,Electronics,Smartphone,5,14074.69,0,70373.45,52152.94,18220.51,Credit Card,CUST1113
ORD100643,2025-03-08,East,Beauty,Hair Serum,4,299.91,15,1019.69,845.6,174.09,Debit Card,CUST1514
ORD100644,2024-07-26,North,Electronics,Tablet,5,51893.11,10,233519.0,180390.2,53128.8,UPI,CUST2596
ORD100645,2025-06-24,West,Apparel,Kurta,3,1852.83,10,5002.64,3598.05,1404.59,Net Banking,CUST2299
ORD100646,2024-02-17,East,Electronics,Smartphone,3,52130.97,5,148573.26,100540.54,48032.72,Debit Card,CUST2338
ORD100647,2025-07-16,South,Sports,Cricket Bat,5,3927.3,10,17672.85,14749.04,2923.81,Net Banking,CUST2944
ORD100648,2024-01-14,Central,Electronics,Laptop,11,56962.2,15,532596.57,401394.75,131201.82,UPI,CUST2745
ORD100649,2025-04-15,East,Beauty,Face Wash,11,794.32,5,8300.64,6314.79,1985.85,UPI,CUST2000
ORD100650,2024-06-30,Central,Sports,Yoga Mat,10,2285.55,10,20569.95,17200.24,3369.71,COD,CUST3240
ORD100651,2025-10-16,West,Sports,Dumbbells,8,2864.79,5,21772.4,16431.06,5341.34,UPI,CUST1092
ORD100652,2025-03-05,East,Electronics,Tablet,2,1344.86,15,2286.26,1889.32,396.94,Credit Card,CUST2066
ORD100653,2024-07-25,South,Electronics,Smartwatch,8,48208.09,25,289248.54,263788.41,25460.13,Credit Card,CUST1089
ORD100654,2024-04-03,East,Home & Kitchen,Bedsheet Set,2,2354.54,0,4709.08,3674.62,1034.46,Credit Card,CUST2610
ORD100655,2024-05-29,West,Home & Kitchen,Bedsheet Set,4,272.21,5,1034.4,621.88,412.52,UPI,CUST1639
ORD100656,2024-12-05,West,Home & Kitchen,Bedsheet Set,4,1098.2,10,3953.52,3071.42,882.1,UPI,CUST1975
ORD100657,2024-02-14,North,Sports,Football,11,3561.46,0,39176.06,28769.2,10406.86,Debit Card,CUST3135
ORD100658,2024-09-12,North,Home & Kitchen,Cookware Set,9,3989.37,0,35904.33,27802.21,8102.12,Credit Card,CUST2774
ORD100659,2024-08-10,West,Home & Kitchen,Cookware Set,7,2533.12,20,14185.47,13192.1,993.37,UPI,CUST3413
ORD100660,2024-10-02,East,Beauty,Lipstick,7,1826.27,5,12144.7,9170.23,2974.47,Credit Card,CUST1924
ORD100661,2025-05-08,East,Electronics,Smartphone,11,47406.68,5,495399.81,308727.7,186672.11,COD,CUST1762
ORD100662,2024-10-02,North,Home & Kitchen,Air Fryer,2,1183.96,0,2367.92,1401.51,966.41,UPI,CUST3040
ORD100663,2025-08-06,West,Electronics,Laptop,8,720.63,0,5765.04,3469.51,2295.53,COD,CUST1191
ORD100664,2024-04-02,North,Sports,Football,8,649.26,0,5194.08,3318.13,1875.95,Credit Card,CUST1636
ORD100665,2024-01-13,Central,Electronics,Headphones,4,12788.31,15,43480.25,30013.17,13467.08,Credit Card,CUST2983
ORD100666,2024-06-14,West,Sports,Dumbbells,8,746.46,0,5971.68,4007.8,1963.88,Credit Card,CUST1010
ORD100667,2024-10-28,West,Home & Kitchen,Bedsheet Set,5,1992.21,15,8466.89,6234.68,2232.21,Credit Card,CUST2943
ORD100668,2024-12-20,Central,Sports,Yoga Mat,7,466.75,5,3103.89,2047.31,1056.58,Debit Card,CUST1824
ORD100669,2025-03-14,South,Apparel,Sneakers,10,1235.39,5,11736.2,7383.7,4352.5,UPI,CUST2112
ORD100670,2025-11-18,East,Home & Kitchen,Air Fryer,2,2718.77,15,4621.91,4162.71,459.2,COD,CUST2294
ORD100671,2025-05-17,South,Apparel,T-Shirt,7,2315.84,15,13779.25,12727.24,1052.01,COD,CUST2105
ORD100672,2025-12-20,East,Home & Kitchen,Bedsheet Set,9,2046.39,5,17496.63,13989.16,3507.47,COD,CUST2350
ORD100673,2024-08-14,East,Electronics,Headphones,2,7569.31,10,13624.76,9901.21,3723.55,UPI,CUST3271
ORD100674,2025-05-02,West,Beauty,Perfume,1,3298.75,5,3133.81,2421.48,712.33,Credit Card,CUST3235
ORD100675,2024-09-26,North,Apparel,Jacket,6,1034.83,10,5588.08,3992.64,1595.44,COD,CUST2695
ORD100676,2024-07-05,East,Home & Kitchen,Bedsheet Set,6,656.87,15,3350.04,2330.54,1019.5,COD,CUST2474
ORD100677,2025-02-15,Central,Home & Kitchen,Bedsheet Set,3,853.93,15,2177.52,1591.97,585.55,UPI,CUST3469
ORD100678,2025-12-12,Central,Home & Kitchen,Air Fryer,7,2349.35,0,16445.45,10584.9,5860.55,UPI,CUST1386
ORD100679,2025-11-29,South,Beauty,Lipstick,1,2958.44,10,2662.6,1876.87,785.73,COD,CUST1307
ORD100680,2024-12-10,West,Home & Kitchen,Air Fryer,9,1122.69,5,9599.0,6875.8,2723.2,Debit Card,CUST1382
ORD100681,2025-02-09,West,Apparel,Jacket,4,152.52,20,488.06,456.43,31.63,Net Banking,CUST1275
ORD100682,2025-05-14,North,Beauty,Lipstick,1,735.39,5,698.62,469.04,229.58,Debit Card,CUST2351
ORD100683,2024-04-18,Central,Apparel,Kurta,7,1272.12,0,8904.84,5427.83,3477.01,UPI,CUST1780
ORD100684,2024-08-16,West,Sports,Cricket Bat,1,3124.19,10,2811.77,2198.85,612.92,UPI,CUST1721
ORD100685,2025-05-25,North,Beauty,Lipstick,1,2860.72,20,2288.58,1842.16,446.42,COD,CUST3285
ORD100686,2024-04-03,East,Beauty,Perfume,2,807.23,0,1614.46,970.47,643.99,UPI,CUST2590
ORD100687,2025-04-11,West,Home & Kitchen,Cookware Set,4,2729.63,5,10372.59,8116.7,2255.89,COD,CUST1564
ORD100688,2025-04-15,Central,Electronics,Smartwatch,4,16852.55,15,57298.67,52721.24,4577.43,COD,CUST2390
ORD100689,2024-01-01,Central,Sports,Football,3,3051.88,0,9155.64,5804.69,3350.95,Debit Card,CUST3187
ORD100690,2025-04-25,East,Beauty,Face Wash,9,2492.03,0,22428.27,13308.35,9119.92,Debit Card,CUST2344
ORD100691,2024-04-16,North,Sports,Cricket Bat,8,919.39,0,7355.12,5090.6,2264.52,UPI,CUST3320
ORD100692,2025-04-25,Central,Home & Kitchen,Cookware Set,10,2757.96,10,24821.64,21575.14,3246.5,Credit Card,CUST1389
ORD100693,2024-12-07,East,Sports,Football,2,1374.49,10,2474.08,1808.22,665.86,COD,CUST2735
ORD100694,2024-08-20,North,Electronics,Smartphone,1,14218.65,0,14218.65,7927.27,6291.38,Net Banking,CUST2473
ORD100695,2024-03-03,Central,Apparel,Kurta,8,3742.84,0,29942.72,21045.72,8897.0,Debit Card,CUST3231
ORD100696,2024-01-28,West,Sports,Yoga Mat,2,2535.52,10,4563.94,3430.98,1132.96,Net Banking,CUST3224
ORD100697,2024-10-25,Central,Beauty,Hair Serum,4,3858.94,0,15435.76,11252.86,4182.9,Debit Card,CUST2251
ORD100698,2024-09-03,North,Apparel,Jacket,3,1350.74,0,4052.22,2308.69,1743.53,COD,CUST3042
ORD100699,2024-07-28,West,Electronics,Headphones,8,32551.97,25,195311.82,204361.03,-9049.21,Credit Card,CUST3417
ORD100700,2025-05-06,East,Electronics,Laptop,11,5723.16,0,62954.76,43992.99,18961.77,Net Banking,CUST2398
ORD100701,2025-10-15,South,Home & Kitchen,Bedsheet Set,9,3665.95,0,32993.55,18187.91,14805.64,Debit Card,CUST2096
ORD100702,2024-10-08,West,Beauty,Lipstick,4,3052.39,10,10988.6,9475.72,1512.88,Credit Card,CUST2028
ORD100703,2024-07-13,East,Beauty,Hair Serum,10,3774.9,15,32086.65,25125.65,6961.0,Credit Card,CUST1104
ORD100704,2025-11-23,North,Home & Kitchen,Mixer Grinder,10,2910.91,15,24742.73,18606.31,6136.42,Credit Card,CUST1139
ORD100705,2025-04-15,South,Home & Kitchen,Mixer Grinder,4,1358.43,10,4890.35,3357.54,1532.81,UPI,CUST2601
ORD100706,2025-10-31,Central,Sports,Yoga Mat,3,1467.11,5,4181.26,3335.05,846.21,UPI,CUST2492
ORD100707,2025-03-21,West,Home & Kitchen,Bedsheet Set,1,600.16,10,540.14,472.61,67.53,UPI,CUST1947
ORD100708,2024-10-28,South,Beauty,Perfume,9,782.96,0,7046.64,4838.74,2207.9,COD,CUST1874
ORD100709,2024-04-21,Central,Beauty,Face Wash,7,2685.85,20,15040.76,14199.33,841.43,UPI,CUST1871
ORD100710,2025-10-24,West,Beauty,Hair Serum,3,1731.8,10,4675.86,4081.84,594.02,Credit Card,CUST1202
ORD100711,2025-07-26,East,Apparel,Jeans,5,530.14,0,2650.7,1697.47,953.23,Credit Card,CUST1442
ORD100712,2024-08-24,Central,Sports,Cricket Bat,6,976.58,0,5859.48,4094.09,1765.39,UPI,CUST1359
ORD100713,2025-11-30,South,Home & Kitchen,Air Fryer,3,2686.06,5,7655.27,4640.03,3015.24,COD,CUST2625
ORD100714,2025-12-17,West,Electronics,Headphones,11,44940.02,10,444906.2,302319.22,142586.98,Debit Card,CUST1731
ORD100715,2025-08-28,Central,Home & Kitchen,Bedsheet Set,9,272.35,15,2083.48,1495.24,588.24,COD,CUST1673
ORD100716,2024-09-03,East,Sports,Cricket Bat,4,254.91,5,968.66,616.44,352.22,Net Banking,CUST2636
ORD100717,2024-04-20,East,Beauty,Perfume,1,1123.5,10,1011.15,718.82,292.33,Debit Card,CUST1404
ORD100718,2024-11-30,South,Sports,Cricket Bat,1,444.29,20,355.43,332.54,22.89,Net Banking,CUST2808
ORD100719,2025-06-12,East,Electronics,Laptop,6,12701.75,0,76210.5,50807.5,25403.0,Credit Card,CUST1589
ORD100720,2025-03-04,South,Apparel,Jacket,6,2327.9,0,13967.4,8169.53,5797.87,Debit Card,CUST1654
ORD100721,2025-05-23,Central,Beauty,Hair Serum,11,3158.8,0,34746.8,20884.97,13861.83,UPI,CUST2083
ORD100722,2024-01-06,West,Sports,Football,5,3744.94,10,16852.23,12786.97,4065.26,UPI,CUST3073
ORD100723,2024-01-05,Central,Beauty,Perfume,10,1719.83,0,17198.3,12281.35,4916.95,UPI,CUST3193
ORD100724,2025-01-22,South,Beauty,Lipstick,1,3723.19,15,3164.71,2256.24,908.47,UPI,CUST1555
ORD100725,2025-02-02,Central,Home & Kitchen,Bedsheet Set,3,3128.25,0,9384.75,6788.31,2596.44,Credit Card,CUST3466
ORD100726,2025-09-03,West,Home & Kitchen,Mixer Grinder,3,1702.35,15,4340.99,3849.02,491.97,UPI,CUST2340
ORD100727,2025-01-15,Central,Apparel,Sneakers,1,3612.15,25,2709.11,2387.74,321.37,Debit Card,CUST2151
ORD100728,2025-02-01,West,Beauty,Hair Serum,5,419.92,5,1994.62,1250.2,744.42,COD,CUST1186
ORD100729,2025-12-20,South,Beauty,Hair Serum,4,1763.85,0,7055.4,5431.48,1623.92,Credit Card,CUST2310
ORD100730,2024-05-15,South,Sports,Cricket Bat,8,3879.4,0,31035.2,19498.25,11536.95,Net Banking,CUST1961
ORD100731,2025-08-05,South,Electronics,Headphones,8,27983.87,5,212677.41,140847.67,71829.74,Debit Card,CUST2481
ORD100732,2024-08-17,West,Home & Kitchen,Cookware Set,2,315.75,15,536.78,410.2,126.58,Debit Card,CUST1170
ORD100733,2025-01-16,Central,Beauty,Face Wash,7,3356.78,5,22322.59,17885.48,4437.11,Credit Card,CUST3053
ORD100734,2024-10-14,Central,Home & Kitchen,Air Fryer,10,3400.22,5,32302.09,23071.3,9230.79,Credit Card,CUST2764
ORD100735,2024-07-20,West,Beauty,Perfume,4,978.54,20,3131.33,2700.19,431.14,Credit Card,CUST1810
ORD100736,2025-02-04,North,Apparel,Jacket,4,1398.73,0,5594.92,3372.18,2222.74,COD,CUST3463
ORD100737,2025-12-26,North,Home & Kitchen,Air Fryer,8,3250.91,20,20805.82,16906.11,3899.71,COD,CUST2903
ORD100738,2025-05-29,South,Electronics,Laptop,9,36291.02,10,293957.26,235822.77,58134.49,Debit Card,CUST3160
ORD100739,2024-09-07,South,Home & Kitchen,Bedsheet Set,9,912.67,0,8214.03,6339.42,1874.61,Debit Card,CUST2092
ORD100740,2024-02-16,South,Apparel,Jeans,4,2253.87,5,8564.71,5319.64,3245.07,Credit Card,CUST3415
ORD100741,2025-05-09,Central,Sports,Dumbbells,9,3219.26,10,26076.01,20936.18,5139.83,Net Banking,CUST1605
ORD100742,2025-01-09,East,Sports,Yoga Mat,9,351.71,0,3165.39,2006.56,1158.83,Net Banking,CUST2801
ORD100743,2024-04-08,Central,Home & Kitchen,Air Fryer,11,241.27,15,2255.87,2106.38,149.49,Credit Card,CUST2471
ORD100744,2025-07-29,North,Apparel,Sneakers,2,3716.89,5,7062.09,4182.66,2879.43,Net Banking,CUST2354
ORD100745,2024-08-28,South,Apparel,Jeans,3,1662.65,0,4987.95,3470.68,1517.27,UPI,CUST3309
ORD100746,2024-12-29,West,Home & Kitchen,Cookware Set,11,1329.77,0,14627.47,10196.63,4430.84,COD,CUST2356
ORD100747,2025-10-03,East,Apparel,Kurta,10,1209.67,10,10887.03,7474.22,3412.81,COD,CUST2902
ORD100748,2025-07-28,North,Beauty,Hair Serum,8,508.81,5,3866.96,2404.98,1461.98,Credit Card,CUST2086
ORD100749,2024-09-09,East,Beauty,Lipstick,1,1020.4,15,867.34,798.56,68.78,COD,CUST1719
ORD100750,2025-09-21,Central,Beauty,Lipstick,5,471.57,0,2357.85,1740.37,617.48,Credit Card,CUST3028
ORD100751,2024-06-28,East,Electronics,Smartwatch,5,43706.25,5,207604.69,158096.74,49507.95,Credit Card,CUST2459
ORD100752,2025-04-05,South,Sports,Football,10,953.07,0,9530.7,7412.03,2118.67,COD,CUST1284
ORD100753,2025-10-21,East,Apparel,Sneakers,9,1182.47,5,10110.12,6939.95,3170.17,Net Banking,CUST1783
ORD100754,2024-05-25,Central,Home & Kitchen,Air Fryer,5,3335.32,10,15008.94,10579.35,4429.59,Debit Card,CUST3081
ORD100755,2025-10-14,West,Apparel,Kurta,11,2619.79,0,28817.69,22233.47,6584.22,Net Banking,CUST2390
ORD100756,2025-07-03,North,Electronics,Smartphone,6,52532.06,15,267913.51,184474.81,83438.7,COD,CUST2311
ORD100757,2025-01-22,South,Electronics,Smartphone,2,23940.13,0,47880.26,35167.46,12712.8,COD,CUST1277
ORD100758,2024-10-26,West,Beauty,Face Wash,2,265.58,5,504.6,359.15,145.45,UPI,CUST1579
ORD100759,2024-05-26,South,Apparel,Jacket,10,3206.2,10,28855.8,22265.51,6590.29,Net Banking,CUST2212
ORD100760,2025-02-18,East,Electronics,Headphones,3,59113.44,15,150739.27,116794.63,33944.64,Credit Card,CUST2161
ORD100761,2024-05-09,North,Home & Kitchen,Cookware Set,2,1421.6,10,2558.88,2168.35,390.53,COD,CUST3470
ORD100762,2024-09-01,West,Home & Kitchen,Cookware Set,11,1223.91,0,13463.01,7739.7,5723.31,Credit Card,CUST2433
ORD100763,2024-11-01,South,Electronics,Smartphone,1,53416.82,25,40062.62,33306.29,6756.33,COD,CUST2204
ORD100764,2025-09-09,Central,Electronics,Laptop,7,15330.98,15,91219.33,61783.46,29435.87,UPI,CUST3457
ORD100765,2024-10-22,North,Sports,Football,2,2744.28,15,4665.28,3463.73,1201.55,Credit Card,CUST3229
ORD100766,2025-10-17,West,Home & Kitchen,Mixer Grinder,2,2365.13,5,4493.75,2927.94,1565.81,UPI,CUST2119
ORD100767,2025-01-15,South,Beauty,Face Wash,10,2815.56,0,28155.6,19887.22,8268.38,COD,CUST2384
ORD100768,2025-01-08,North,Electronics,Smartphone,10,15214.59,10,136931.31,91756.68,45174.63,Net Banking,CUST1184
ORD100769,2025-04-12,South,Home & Kitchen,Air Fryer,2,323.24,10,581.83,410.73,171.1,COD,CUST2497
ORD100770,2025-08-23,North,Apparel,Jeans,2,1733.79,0,3467.58,1931.31,1536.27,Debit Card,CUST1521
ORD100771,2025-05-19,Central,Sports,Cricket Bat,2,3391.76,5,6444.34,5049.41,1394.93,UPI,CUST2458
ORD100772,2025-09-27,South,Beauty,Lipstick,4,822.39,0,3289.56,2355.18,934.38,UPI,CUST2101
ORD100773,2024-07-12,South,Beauty,Hair Serum,5,2370.99,10,10669.46,8002.92,2666.54,Credit Card,CUST2892
ORD100774,2025-10-19,North,Electronics,Laptop,8,20589.32,20,131771.65,107335.85,24435.8,Debit Card,CUST3039
ORD100775,2025-03-29,West,Beauty,Lipstick,4,3967.1,10,14281.56,11840.88,2440.68,Net Banking,CUST2379
ORD100776,2025-03-15,East,Apparel,Jeans,9,1335.36,15,10215.5,8456.29,1759.21,Credit Card,CUST3341
ORD100777,2024-07-13,Central,Apparel,Kurta,7,154.28,0,1079.96,652.81,427.15,Debit Card,CUST2778
ORD100778,2025-04-06,North,Sports,Dumbbells,7,212.54,10,1339.0,938.61,400.39,Net Banking,CUST3364
ORD100779,2025-12-11,Central,Apparel,Kurta,1,3351.35,20,2681.08,2387.66,293.42,Debit Card,CUST3156
ORD100780,2025-01-06,East,Apparel,Sneakers,7,2956.42,15,17590.7,11993.85,5596.85,Credit Card,CUST1864
ORD100781,2024-09-01,West,Apparel,Sneakers,3,1522.9,0,4568.7,2527.52,2041.18,Credit Card,CUST1799
ORD100782,2024-09-07,Central,Apparel,Sneakers,4,2328.12,5,8846.86,5319.89,3526.97,Credit Card,CUST2985
ORD100783,2025-05-22,East,Sports,Cricket Bat,11,1075.15,0,11826.65,7435.77,4390.88,Net Banking,CUST2878
ORD100784,2025-08-30,Central,Apparel,Sneakers,11,3344.43,25,27591.55,23956.13,3635.42,COD,CUST3101
ORD100785,2025-12-30,West,Home & Kitchen,Cookware Set,3,3581.58,5,10207.5,6769.26,3438.24,Credit Card,CUST1128
ORD100786,2025-12-06,North,Electronics,Tablet,4,40995.06,0,163980.24,95650.08,68330.16,Credit Card,CUST3178
ORD100787,2024-07-06,North,Home & Kitchen,Cookware Set,3,2716.48,0,8149.44,5648.87,2500.57,Credit Card,CUST1275
ORD100788,2024-03-13,Central,Beauty,Lipstick,7,3510.51,5,23344.89,18001.67,5343.22,COD,CUST1170
ORD100789,2025-10-14,North,Beauty,Hair Serum,9,1245.48,5,10648.85,7894.46,2754.39,Debit Card,CUST2066
ORD100790,2024-07-29,East,Sports,Yoga Mat,8,633.37,25,3800.22,2923.69,876.53,Credit Card,CUST2049
ORD100791,2024-10-25,Central,Home & Kitchen,Mixer Grinder,9,481.22,0,4330.98,2496.25,1834.73,UPI,CUST1779
ORD100792,2024-07-25,East,Apparel,Kurta,7,1049.9,10,6614.37,5548.85,1065.52,COD,CUST1426
ORD100793,2024-10-01,East,Sports,Cricket Bat,6,1121.4,0,6728.4,4732.82,1995.58,COD,CUST2600
ORD100794,2024-08-19,South,Apparel,T-Shirt,8,2395.05,10,17244.36,12285.76,4958.6,Credit Card,CUST1266
ORD100795,2024-12-24,West,Beauty,Face Wash,4,881.25,10,3172.5,2429.13,743.37,Debit Card,CUST2652
ORD100796,2025-02-24,East,Sports,Cricket Bat,5,1365.73,0,6828.65,5064.34,1764.31,UPI,CUST1117
ORD100797,2025-07-19,South,Electronics,Smartphone,9,57999.54,10,469796.27,408545.6,61250.67,Credit Card,CUST3054
ORD100798,2024-12-31,East,Apparel,Sneakers,10,1737.28,20,13898.24,10644.66,3253.58,Debit Card,CUST1790
ORD100799,2025-05-12,South,Sports,Dumbbells,11,3881.89,5,40565.75,24147.69,16418.06,Net Banking,CUST2490
ORD100800,2024-06-12,North,Apparel,Jacket,3,2683.69,25,6038.3,5337.34,700.96,Credit Card,CUST1684
ORD100801,2024-03-19,East,Home & Kitchen,Bedsheet Set,8,3945.35,0,31562.8,22204.27,9358.53,Debit Card,CUST1243
ORD100802,2025-05-20,Central,Electronics,Headphones,6,27431.91,5,156361.89,120583.51,35778.38,Credit Card,CUST2872
ORD100803,2025-12-22,Central,Beauty,Hair Serum,1,733.01,5,696.36,513.44,182.92,Net Banking,CUST1380
ORD100804,2024-11-01,Central,Electronics,Smartwatch,6,52116.52,0,312699.12,184690.89,128008.23,UPI,CUST2211
ORD100805,2025-05-30,East,Home & Kitchen,Cookware Set,1,2536.88,10,2283.19,1531.59,751.6,Credit Card,CUST3118
ORD100806,2025-04-22,South,Sports,Cricket Bat,2,3506.87,10,6312.37,4463.34,1849.03,Debit Card,CUST3339
ORD100807,2025-09-26,North,Electronics,Smartphone,11,34037.86,20,299533.17,243025.55,56507.62,UPI,CUST1507
ORD100808,2025-02-16,East,Electronics,Smartwatch,3,9256.44,5,26380.85,19408.53,6972.32,COD,CUST2552
ORD100809,2025-07-04,North,Apparel,Jeans,10,1959.17,5,18612.12,11758.8,6853.32,Debit Card,CUST2301
ORD100810,2024-07-21,East,Beauty,Perfume,2,2575.86,15,4378.96,3842.5,536.46,UPI,CUST1692
ORD100811,2024-09-11,East,Beauty,Lipstick,7,2762.19,0,19335.33,15409.05,3926.28,Credit Card,CUST2113
ORD100812,2025-01-24,North,Sports,Dumbbells,6,2472.84,15,12611.48,9901.94,2709.54,Debit Card,CUST2380
ORD100813,2025-06-25,South,Electronics,Laptop,9,53724.9,0,483524.1,360941.71,122582.39,Debit Card,CUST1861
ORD100814,2024-06-03,North,Electronics,Smartwatch,7,58954.77,0,412683.39,310996.84,101686.55,COD,CUST2184
ORD100815,2025-12-02,East,Home & Kitchen,Air Fryer,5,1843.44,10,8295.48,5947.29,2348.19,Credit Card,CUST1273
ORD100816,2024-09-15,North,Sports,Football,7,3624.25,5,24101.26,15325.44,8775.82,Net Banking,CUST3411
ORD100817,2025-08-29,Central,Apparel,Jacket,10,1848.43,0,18484.3,11388.51,7095.79,Net Banking,CUST2121
ORD100818,2025-08-27,West,Sports,Yoga Mat,8,2285.55,15,15541.74,12942.88,2598.86,Net Banking,CUST2590
ORD100819,2024-05-23,South,Sports,Football,7,2479.59,0,17357.13,12261.3,5095.83,Debit Card,CUST1264
ORD100820,2025-03-04,North,Apparel,Jeans,6,379.41,10,2048.81,1686.68,362.13,COD,CUST1479
ORD100821,2025-03-18,Central,Electronics,Laptop,10,32671.29,5,310377.26,230767.94,79609.32,Net Banking,CUST3170
ORD100822,2025-01-21,North,Electronics,Headphones,3,44589.15,0,133767.45,93570.64,40196.81,COD,CUST2419
ORD100823,2025-09-14,South,Home & Kitchen,Mixer Grinder,6,2120.07,5,12084.4,8213.52,3870.88,Debit Card,CUST3169
ORD100824,2024-12-05,West,Apparel,Sneakers,4,178.24,0,712.96,490.75,222.21,Credit Card,CUST2356
ORD100825,2024-07-13,North,Apparel,Jacket,9,2297.81,25,15510.22,11625.92,3884.3,Credit Card,CUST3062
ORD100826,2025-09-05,West,Apparel,Kurta,2,863.32,5,1640.31,1228.32,411.99,Net Banking,CUST3048
ORD100827,2024-09-22,Central,Beauty,Face Wash,11,2418.48,5,25273.12,17635.09,7638.03,Credit Card,CUST1305
ORD100828,2024-01-12,West,Sports,Yoga Mat,9,638.74,0,5748.66,3907.02,1841.64,Credit Card,CUST1419
ORD100829,2024-06-19,West,Sports,Cricket Bat,6,2784.61,20,13366.13,9784.66,3581.47,UPI,CUST2164
ORD100830,2025-07-08,East,Apparel,Jacket,2,2738.7,0,5477.4,3088.45,2388.95,Net Banking,CUST2079
ORD100831,2024-06-03,East,Beauty,Lipstick,9,1749.46,0,15745.14,9979.95,5765.19,COD,CUST1813
ORD100832,2024-09-05,North,Home & Kitchen,Cookware Set,2,309.5,25,464.25,425.54,38.71,UPI,CUST2815
ORD100833,2025-03-07,North,Apparel,Kurta,7,1663.62,0,11645.34,6687.24,4958.1,UPI,CUST2141
ORD100834,2025-01-01,West,Electronics,Laptop,2,40717.24,5,77362.76,54461.14,22901.62,COD,CUST2854
ORD100835,2025-08-10,North,Home & Kitchen,Bedsheet Set,2,2566.82,10,4620.28,3906.39,713.89,Debit Card,CUST1998
ORD100836,2024-11-04,West,Home & Kitchen,Cookware Set,10,3516.08,15,29886.68,21313.22,8573.46,Net Banking,CUST3280
ORD100837,2025-12-05,North,Beauty,Lipstick,3,2997.78,10,8094.01,4983.83,3110.18,Credit Card,CUST2873
ORD100838,2024-03-16,Central,Apparel,Jacket,7,1199.7,10,7558.11,5400.1,2158.01,Credit Card,CUST2563
ORD100839,2025-11-22,South,Apparel,Jacket,1,3835.21,20,3068.17,2734.77,333.4,Credit Card,CUST2191
ORD100840,2025-08-14,West,Apparel,Jacket,6,1700.55,5,9693.13,8153.78,1539.35,Debit Card,CUST1418
ORD100841,2025-03-19,East,Electronics,Headphones,8,9692.46,20,62031.74,59697.83,2333.91,UPI,CUST2767
ORD100842,2024-03-25,West,Electronics,Smartwatch,9,24663.29,5,210871.13,138888.04,71983.09,Debit Card,CUST1918
ORD100843,2024-12-17,North,Sports,Yoga Mat,11,1496.94,0,16466.34,11756.57,4709.77,COD,CUST1918
ORD100844,2025-04-10,North,Electronics,Laptop,8,44587.83,0,356702.64,227828.82,128873.82,Credit Card,CUST2073
ORD100845,2025-03-07,South,Electronics,Laptop,4,42020.5,0,168082.0,123739.31,44342.69,UPI,CUST1295
ORD100846,2024-04-21,North,Beauty,Lipstick,1,662.75,0,662.75,433.95,228.8,Debit Card,CUST1027
ORD100847,2025-06-20,North,Sports,Dumbbells,10,174.89,5,1661.45,1086.78,574.67,Credit Card,CUST1901
ORD100848,2024-03-15,West,Electronics,Laptop,2,56500.16,0,113000.32,75474.31,37526.01,UPI,CUST2554
ORD100849,2024-05-25,North,Electronics,Headphones,1,21826.5,0,21826.5,13388.44,8438.06,Credit Card,CUST3048
ORD100850,2024-06-01,South,Beauty,Face Wash,1,3467.41,10,3120.67,2679.15,441.52,Debit Card,CUST2761
ORD100851,2024-08-08,West,Beauty,Hair Serum,3,3262.32,10,8808.26,6106.45,2701.81,Credit Card,CUST2664
ORD100852,2024-02-11,South,Beauty,Hair Serum,3,783.79,0,2351.37,1758.06,593.31,Net Banking,CUST2425
ORD100853,2025-06-29,East,Apparel,Jeans,9,2287.27,10,18526.89,13516.91,5009.98,Net Banking,CUST2887
ORD100854,2024-02-17,North,Beauty,Perfume,11,487.98,0,5367.78,3647.51,1720.27,Debit Card,CUST1273
ORD100855,2025-08-22,East,Sports,Yoga Mat,4,1537.45,10,5534.82,3978.08,1556.74,COD,CUST2191
ORD100856,2025-06-04,North,Beauty,Hair Serum,9,1280.11,0,11520.99,7295.04,4225.95,Credit Card,CUST2912
ORD100857,2024-03-09,South,Home & Kitchen,Bedsheet Set,7,2700.89,15,16070.3,14585.75,1484.55,COD,CUST1937
ORD100858,2025-09-12,South,Apparel,Kurta,10,952.34,0,9523.4,6758.02,2765.38,Debit Card,CUST1190
ORD100859,2024-12-31,East,Electronics,Smartwatch,9,8430.26,0,75872.34,58862.21,17010.13,COD,CUST2187
ORD100860,2025-01-10,East,Sports,Football,5,1070.41,15,4549.24,3960.52,588.72,Debit Card,CUST2781
ORD100861,2025-07-25,West,Sports,Dumbbells,7,2538.43,15,15103.66,10144.88,4958.78,Net Banking,CUST1178
ORD100862,2024-07-15,East,Apparel,T-Shirt,7,732.78,0,5129.46,3242.53,1886.93,Debit Card,CUST1208
ORD100863,2025-05-07,East,Apparel,T-Shirt,2,3866.06,5,7345.51,5474.38,1871.13,Credit Card,CUST2605
ORD100864,2025-12-07,Central,Beauty,Lipstick,10,716.82,0,7168.2,4503.9,2664.3,UPI,CUST1324
ORD100865,2025-12-26,South,Apparel,T-Shirt,11,176.24,5,1841.71,1512.87,328.84,UPI,CUST1383
ORD100866,2024-08-03,South,Home & Kitchen,Mixer Grinder,9,1575.39,15,12051.73,10977.69,1074.04,Debit Card,CUST3230
ORD100867,2024-09-26,South,Beauty,Lipstick,1,2682.21,10,2413.99,1492.36,921.63,UPI,CUST3352
ORD100868,2024-05-23,East,Apparel,Kurta,6,569.7,0,3418.2,2150.85,1267.35,Net Banking,CUST2577
ORD100869,2024-09-29,East,Sports,Cricket Bat,7,3450.34,15,20529.52,14169.57,6359.95,Debit Card,CUST1913
ORD100870,2024-08-02,Central,Sports,Yoga Mat,6,2777.78,0,16666.68,11252.42,5414.26,UPI,CUST3378
ORD100871,2025-06-21,South,Beauty,Lipstick,3,1328.28,0,3984.84,2368.12,1616.72,COD,CUST2212
ORD100872,2024-03-18,North,Electronics,Smartphone,3,57152.73,0,171458.19,122691.78,48766.41,UPI,CUST1826
ORD100873,2024-11-23,North,Sports,Yoga Mat,3,3791.14,0,11373.42,8696.42,2677.0,Debit Card,CUST2644
ORD100874,2025-10-30,East,Beauty,Face Wash,8,2759.23,0,22073.84,16958.47,5115.37,Debit Card,CUST3284
ORD100875,2025-09-07,East,Apparel,Jeans,7,2912.24,5,19366.4,15539.48,3826.92,UPI,CUST1171
ORD100876,2024-03-27,North,Home & Kitchen,Mixer Grinder,9,3309.13,10,26803.95,21115.91,5688.04,UPI,CUST2507
ORD100877,2024-06-13,North,Sports,Yoga Mat,9,1335.32,5,11416.99,8992.57,2424.42,Debit Card,CUST2583
ORD100878,2024-08-11,East,Home & Kitchen,Mixer Grinder,3,2881.15,0,8643.45,6566.55,2076.9,COD,CUST1446
ORD100879,2025-01-02,East,Sports,Cricket Bat,1,1321.33,0,1321.33,928.9,392.43,Net Banking,CUST1717
ORD100880,2025-05-12,South,Home & Kitchen,Cookware Set,6,1496.71,15,7633.22,5462.41,2170.81,COD,CUST1386
ORD100881,2025-12-02,South,Beauty,Lipstick,9,659.31,25,4450.34,4127.88,322.46,Debit Card,CUST2279
ORD100882,2024-08-09,South,Sports,Dumbbells,4,2245.39,25,6736.17,5768.71,967.46,Debit Card,CUST2259
ORD100883,2024-11-29,East,Apparel,Sneakers,9,810.65,0,7295.85,4856.47,2439.38,Net Banking,CUST1920
ORD100884,2025-07-03,North,Apparel,Jeans,8,1677.51,5,12749.08,8895.05,3854.03,Debit Card,CUST1339
ORD100885,2025-08-19,South,Beauty,Face Wash,5,3297.85,20,13191.4,12586.42,604.98,Debit Card,CUST1938
ORD100886,2024-09-29,Central,Home & Kitchen,Cookware Set,10,327.34,20,2618.72,2341.13,277.59,Credit Card,CUST1861
ORD100887,2025-01-24,East,Beauty,Perfume,1,3983.58,5,3784.4,3107.88,676.52,Credit Card,CUST2551
ORD100888,2025-09-08,East,Apparel,Jacket,5,936.33,5,4447.57,2831.97,1615.6,UPI,CUST1264
ORD100889,2025-09-03,West,Electronics,Headphones,6,50663.99,10,273585.55,179944.4,93641.15,Credit Card,CUST2445
ORD100890,2024-09-07,South,Home & Kitchen,Cookware Set,1,2937.51,20,2350.01,1931.81,418.2,Credit Card,CUST1215
ORD100891,2024-05-11,North,Home & Kitchen,Air Fryer,4,1082.37,0,4329.48,3186.53,1142.95,Credit Card,CUST3208
ORD100892,2024-10-10,West,Electronics,Smartwatch,10,6814.1,0,68141.0,54416.22,13724.78,COD,CUST2487
ORD100893,2025-08-21,West,Apparel,Sneakers,2,881.02,0,1762.04,1141.72,620.32,COD,CUST2041
ORD100894,2025-11-24,North,Home & Kitchen,Bedsheet Set,1,1860.11,10,1674.1,1259.71,414.39,COD,CUST2102
ORD100895,2025-10-19,South,Sports,Yoga Mat,7,2735.61,0,19149.27,13093.15,6056.12,COD,CUST2858
ORD100896,2024-03-11,East,Electronics,Smartphone,8,19379.33,10,139531.18,96099.98,43431.2,Credit Card,CUST1192
ORD100897,2024-03-08,North,Home & Kitchen,Air Fryer,1,3451.49,0,3451.49,2507.83,943.66,Credit Card,CUST2869
ORD100898,2025-06-04,West,Home & Kitchen,Cookware Set,11,1404.64,25,11588.28,8968.86,2619.42,UPI,CUST3007
ORD100899,2025-02-14,North,Electronics,Tablet,6,59514.97,25,267817.36,208631.59,59185.77,Net Banking,CUST2407
ORD100900,2025-03-06,North,Sports,Football,7,870.43,10,5483.71,3794.97,1688.74,COD,CUST1610
ORD100901,2025-07-27,West,Apparel,Kurta,6,3913.36,15,19958.14,17242.71,2715.43,UPI,CUST2984
ORD100902,2025-06-26,East,Electronics,Smartphone,2,17999.49,0,35998.98,22682.97,13316.01,UPI,CUST1984
ORD100903,2024-07-25,Central,Apparel,Sneakers,8,621.62,10,4475.66,2889.1,1586.56,Debit Card,CUST2505
ORD100904,2024-04-23,East,Home & Kitchen,Air Fryer,1,3311.81,5,3146.22,1885.96,1260.26,UPI,CUST1178
ORD100905,2024-08-06,West,Electronics,Smartphone,5,51606.79,0,258033.95,197005.24,61028.71,Debit Card,CUST2703
ORD100906,2025-06-21,South,Sports,Football,1,3370.22,5,3201.71,1865.74,1335.97,Credit Card,CUST1534
ORD100907,2025-01-25,West,Home & Kitchen,Mixer Grinder,5,1244.11,0,6220.55,4007.67,2212.88,Credit Card,CUST3499
ORD100908,2024-07-24,South,Home & Kitchen,Bedsheet Set,7,2430.05,10,15309.32,10181.86,5127.46,Credit Card,CUST2104
ORD100909,2025-04-29,South,Electronics,Laptop,6,39352.58,5,224309.71,169021.05,55288.66,Net Banking,CUST1750
ORD100910,2025-05-15,North,Electronics,Smartwatch,10,5429.3,5,51578.35,35473.91,16104.44,Net Banking,CUST2302
ORD100911,2025-06-18,West,Beauty,Hair Serum,10,958.11,0,9581.1,7592.1,1989.0,Net Banking,CUST1547
ORD100912,2025-09-12,West,Electronics,Tablet,7,23654.62,20,132465.87,96915.3,35550.57,UPI,CUST2590
ORD100913,2025-08-31,East,Home & Kitchen,Bedsheet Set,7,2537.93,5,16877.23,11894.71,4982.52,UPI,CUST3126
ORD100914,2025-08-01,East,Beauty,Face Wash,7,2588.06,5,17210.6,12369.48,4841.12,COD,CUST3079
ORD100915,2024-10-13,South,Beauty,Lipstick,2,3707.68,15,6303.06,5120.05,1183.01,Net Banking,CUST2203
ORD100916,2025-06-01,South,Sports,Cricket Bat,7,2533.8,15,15076.11,12809.42,2266.69,Credit Card,CUST1916
ORD100917,2024-05-05,Central,Electronics,Headphones,1,25674.65,25,19255.99,18343.03,912.96,COD,CUST2842
ORD100918,2025-12-16,Central,Sports,Yoga Mat,8,2408.07,5,18301.33,14252.46,4048.87,Credit Card,CUST1283
ORD100919,2025-12-21,Central,Beauty,Hair Serum,11,3233.61,0,35569.71,20540.29,15029.42,COD,CUST3060
ORD100920,2024-09-27,West,Sports,Yoga Mat,9,2782.9,0,25046.1,18096.1,6950.0,Net Banking,CUST1992
ORD100921,2025-12-15,North,Electronics,Smartwatch,10,43572.17,5,413935.61,249131.64,164803.97,Debit Card,CUST1040
ORD100922,2025-03-04,North,Sports,Yoga Mat,8,716.58,0,5732.64,3281.59,2451.05,COD,CUST3276
ORD100923,2024-05-09,South,Apparel,Jeans,9,1095.37,15,8379.58,6267.04,2112.54,UPI,CUST2296
ORD100924,2024-04-26,West,Apparel,T-Shirt,2,3868.45,0,7736.9,5689.65,2047.25,Credit Card,CUST1694
ORD100925,2024-05-31,South,Beauty,Perfume,10,2208.05,0,22080.5,13061.88,9018.62,Debit Card,CUST3148
ORD100926,2025-07-10,North,Home & Kitchen,Air Fryer,2,924.87,20,1479.79,1070.49,409.3,Credit Card,CUST3179
ORD100927,2024-12-03,Central,Beauty,Hair Serum,11,2991.02,10,29611.1,25341.3,4269.8,Net Banking,CUST3312
ORD100928,2024-07-23,North,Home & Kitchen,Bedsheet Set,11,1940.39,0,21344.29,15708.89,5635.4,Debit Card,CUST2971
ORD100929,2025-06-21,North,Sports,Football,9,2811.95,0,25307.55,17868.65,7438.9,COD,CUST2503
ORD100930,2025-11-23,Central,Apparel,Jeans,3,1503.85,20,3609.24,3123.07,486.17,Debit Card,CUST1176
ORD100931,2025-11-26,North,Sports,Cricket Bat,3,1819.72,15,4640.29,3498.31,1141.98,Debit Card,CUST2331
ORD100932,2025-09-21,Central,Electronics,Headphones,7,20485.37,5,136227.71,80340.94,55886.77,Net Banking,CUST2853
ORD100933,2024-05-08,West,Beauty,Lipstick,1,227.09,0,227.09,146.9,80.19,COD,CUST1486
ORD100934,2024-05-13,North,Sports,Football,4,867.72,10,3123.79,2382.5,741.29,UPI,CUST1089
ORD100935,2024-11-29,South,Home & Kitchen,Bedsheet Set,7,2016.05,0,14112.35,9104.17,5008.18,Debit Card,CUST2459
ORD100936,2024-03-08,North,Sports,Football,10,3834.97,5,36432.21,25647.32,10784.89,COD,CUST2163
ORD100937,2025-12-30,North,Home & Kitchen,Cookware Set,1,2873.02,0,2873.02,1901.02,972.0,COD,CUST3329
ORD100938,2025-10-22,North,Home & Kitchen,Air Fryer,4,357.06,0,1428.24,913.35,514.89,Net Banking,CUST3351
ORD100939,2025-01-14,East,Home & Kitchen,Air Fryer,2,739.61,10,1331.3,1035.55,295.75,COD,CUST2535
ORD100940,2025-09-03,South,Electronics,Laptop,3,20630.14,10,55701.38,35098.69,20602.69,Net Banking,CUST2215
ORD100941,2024-12-21,East,Beauty,Lipstick,6,566.4,15,2888.64,2390.89,497.75,COD,CUST2094
ORD100942,2025-04-24,South,Sports,Cricket Bat,3,1459.02,15,3720.5,2503.83,1216.67,COD,CUST1815
ORD100943,2025-10-08,West,Apparel,Sneakers,11,2769.48,0,30464.28,23058.99,7405.29,Debit Card,CUST1534
ORD100944,2025-11-23,Central,Home & Kitchen,Mixer Grinder,5,608.56,0,3042.8,1891.46,1151.34,UPI,CUST2177
ORD100945,2025-02-08,Central,Electronics,Headphones,8,19459.64,10,140109.41,119012.63,21096.78,COD,CUST1471
ORD100946,2025-06-30,Central,Apparel,Kurta,7,3819.51,10,24062.91,20922.47,3140.44,Credit Card,CUST1363
ORD100947,2024-04-28,South,Apparel,Jeans,2,353.38,10,636.08,410.15,225.93,Credit Card,CUST1882
ORD100948,2025-05-30,West,Apparel,T-Shirt,10,790.08,5,7505.76,5564.52,1941.24,Credit Card,CUST3244
ORD100949,2024-01-19,East,Home & Kitchen,Cookware Set,2,617.45,10,1111.41,735.93,375.48,Net Banking,CUST1636
ORD100950,2024-11-02,North,Beauty,Hair Serum,11,2550.01,10,25245.1,18862.2,6382.9,Credit Card,CUST2674
ORD100951,2025-09-27,West,Apparel,Jacket,5,2952.85,15,12549.61,9070.71,3478.9,Debit Card,CUST1873
ORD100952,2025-04-04,West,Beauty,Perfume,6,3037.32,15,15490.33,10646.62,4843.71,Debit Card,CUST1477
ORD100953,2025-11-09,East,Sports,Dumbbells,4,3702.18,5,14068.28,9358.68,4709.6,UPI,CUST2445
ORD100954,2024-10-20,East,Home & Kitchen,Mixer Grinder,6,3470.59,0,20823.54,15889.47,4934.07,Credit Card,CUST2469
ORD100955,2025-01-12,South,Beauty,Face Wash,6,2278.34,10,12303.04,9176.08,3126.96,Debit Card,CUST3313
ORD100956,2024-04-29,South,Apparel,Jeans,8,1448.48,0,11587.84,7188.37,4399.47,UPI,CUST3086
ORD100957,2025-03-18,Central,Home & Kitchen,Bedsheet Set,2,438.35,0,876.7,665.74,210.96,Credit Card,CUST2839
ORD100958,2024-10-24,South,Electronics,Smartwatch,11,15470.13,15,144645.72,109675.23,34970.49,UPI,CUST2769
ORD100959,2024-01-25,South,Sports,Cricket Bat,11,3198.95,5,33429.03,23092.01,10337.02,Net Banking,CUST1342
ORD100960,2025-04-21,East,Sports,Dumbbells,7,1835.91,15,10923.66,7911.33,3012.33,COD,CUST3276
ORD100961,2024-08-13,West,Beauty,Lipstick,4,1878.95,10,6764.22,5206.4,1557.82,Net Banking,CUST3135
ORD100962,2025-08-06,East,Apparel,Sneakers,5,533.05,15,2265.46,2109.73,155.73,Debit Card,CUST2184
ORD100963,2025-06-08,Central,Sports,Football,8,2141.26,15,14560.57,12355.82,2204.75,Credit Card,CUST1861
ORD100964,2024-10-01,East,Electronics,Tablet,10,45515.04,0,455150.4,286521.68,168628.72,Debit Card,CUST1791
ORD100965,2025-06-29,East,Sports,Dumbbells,5,586.2,0,2931.0,2013.1,917.9,Credit Card,CUST2437
ORD100966,2024-06-30,East,Beauty,Face Wash,3,1471.61,15,3752.61,3045.37,707.24,Net Banking,CUST2273
ORD100967,2024-09-11,East,Home & Kitchen,Air Fryer,2,211.71,25,317.56,272.79,44.77,Net Banking,CUST2281
ORD100968,2025-09-30,Central,Apparel,Jeans,5,1667.25,15,7085.81,5305.73,1780.08,UPI,CUST1935
ORD100969,2024-09-10,West,Electronics,Tablet,9,24503.71,20,176426.71,157057.43,19369.28,Net Banking,CUST2192
ORD100970,2025-11-23,West,Apparel,T-Shirt,2,3403.14,5,6465.97,4883.09,1582.88,Net Banking,CUST1415
ORD100971,2024-12-20,West,Home & Kitchen,Bedsheet Set,4,3062.34,5,11636.89,7428.59,4208.3,COD,CUST1025
ORD100972,2025-02-24,Central,Electronics,Tablet,7,19704.98,5,131038.12,80966.33,50071.79,UPI,CUST1218
ORD100973,2025-05-01,Central,Home & Kitchen,Cookware Set,8,943.12,25,5658.72,4794.57,864.15,COD,CUST1254
ORD100974,2024-03-08,South,Home & Kitchen,Air Fryer,8,2326.85,0,18614.8,10398.37,8216.43,Debit Card,CUST2625
ORD100975,2024-12-22,North,Apparel,Jacket,1,483.82,5,459.63,376.56,83.07,COD,CUST1283
ORD100976,2024-11-07,Central,Apparel,Jacket,3,664.73,20,1595.35,1471.42,123.93,UPI,CUST2388
ORD100977,2025-01-02,South,Home & Kitchen,Mixer Grinder,10,1549.11,20,12392.88,9587.31,2805.57,Net Banking,CUST1544
ORD100978,2024-03-11,West,Apparel,Jacket,8,2565.75,20,16420.8,16408.06,12.74,Net Banking,CUST2706
ORD100979,2025-01-11,Central,Home & Kitchen,Air Fryer,6,1344.68,5,7664.68,4926.08,2738.6,Net Banking,CUST2419
ORD100980,2024-01-04,West,Beauty,Face Wash,2,330.92,0,661.84,431.05,230.79,Credit Card,CUST2443
ORD100981,2024-04-10,West,Sports,Cricket Bat,3,2615.47,15,6669.45,5768.82,900.63,UPI,CUST2533
ORD100982,2024-03-03,West,Sports,Cricket Bat,9,1405.95,15,10755.52,8205.05,2550.47,Debit Card,CUST1428
ORD100983,2025-03-09,North,Home & Kitchen,Bedsheet Set,10,3708.59,0,37085.9,23078.96,14006.94,UPI,CUST3415
ORD100984,2024-09-07,East,Apparel,Jeans,11,3482.45,10,34476.25,27523.91,6952.34,COD,CUST1560
ORD100985,2025-03-21,South,Sports,Football,6,3213.29,0,19279.74,11964.59,7315.15,Net Banking,CUST1835
ORD100986,2024-07-17,West,Apparel,T-Shirt,7,178.31,10,1123.35,892.86,230.49,Net Banking,CUST1990
ORD100987,2024-08-26,North,Apparel,Jacket,8,1346.25,5,10231.5,8230.53,2000.97,Credit Card,CUST1688
ORD100988,2025-01-14,South,Beauty,Lipstick,10,2390.97,15,20323.24,18317.02,2006.22,UPI,CUST1959
ORD100989,2025-04-22,West,Sports,Yoga Mat,4,3064.17,10,11031.01,9387.52,1643.49,Credit Card,CUST1753
ORD100990,2025-05-17,West,Apparel,Kurta,1,577.93,0,577.93,422.88,155.05,COD,CUST1206
ORD100991,2024-05-30,West,Beauty,Hair Serum,5,1696.53,5,8058.52,6445.65,1612.87,COD,CUST1402
ORD100992,2025-02-17,Central,Electronics,Smartphone,2,10705.19,5,20339.86,15604.85,4735.01,UPI,CUST1018
ORD100993,2024-12-30,East,Home & Kitchen,Mixer Grinder,7,186.74,0,1307.18,841.78,465.4,Debit Card,CUST2729
ORD100994,2024-11-20,North,Apparel,T-Shirt,7,3954.28,5,26295.96,16463.79,9832.17,UPI,CUST1452
ORD100995,2025-01-28,East,Apparel,Jacket,10,2882.23,25,21616.72,16213.81,5402.91,UPI,CUST3439
ORD100996,2024-07-11,Central,Electronics,Smartwatch,1,17053.14,0,17053.14,9547.04,7506.1,Debit Card,CUST2168
ORD100997,2024-03-09,North,Home & Kitchen,Cookware Set,10,667.57,5,6341.92,4682.83,1659.09,Credit Card,CUST2701
ORD100998,2024-06-19,West,Home & Kitchen,Air Fryer,3,3166.48,0,9499.44,7034.07,2465.37,Debit Card,CUST1445
ORD100999,2024-08-08,West,Sports,Dumbbells,11,2211.84,5,23113.73,15749.02,7364.71,UPI,CUST1261
ORD101000,2024-03-11,East,Home & Kitchen,Bedsheet Set,10,2026.51,20,16212.08,11435.78,4776.3,UPI,CUST1982
ORD101001,2025-01-06,North,Apparel,Sneakers,4,2257.12,20,7222.78,5558.66,1664.12,UPI,CUST2812
ORD101002,2025-06-13,South,Apparel,Jeans,6,3815.75,15,19460.32,16650.03,2810.29,Credit Card,CUST3284
ORD101003,2025-01-21,North,Sports,Yoga Mat,10,2377.39,0,23773.9,13994.04,9779.86,Net Banking,CUST1638
ORD101004,2024-08-24,East,Electronics,Smartwatch,6,4021.28,0,24127.68,13966.08,10161.6,Debit Card,CUST2207
ORD101005,2025-01-02,Central,Sports,Cricket Bat,7,1662.7,0,11638.9,7411.63,4227.27,Credit Card,CUST3248
ORD101006,2025-05-23,North,Electronics,Smartphone,2,56270.86,10,101287.55,77940.25,23347.3,Credit Card,CUST3089
ORD101007,2024-11-10,West,Beauty,Hair Serum,4,3184.57,0,12738.28,8707.06,4031.22,Credit Card,CUST1573
ORD101008,2025-09-03,West,Sports,Dumbbells,3,2972.67,25,6688.51,5545.91,1142.6,UPI,CUST2104
ORD101009,2025-07-04,East,Apparel,T-Shirt,4,523.37,0,2093.48,1219.05,874.43,COD,CUST1203
ORD101010,2024-07-14,East,Electronics,Tablet,8,3731.2,0,29849.6,17191.55,12658.05,Debit Card,CUST2860
ORD101011,2024-05-25,West,Sports,Yoga Mat,10,3962.6,10,35663.4,25469.35,10194.05,Credit Card,CUST1343
ORD101012,2025-12-15,East,Sports,Cricket Bat,3,202.6,20,486.24,338.69,147.55,Credit Card,CUST3318
ORD101013,2025-11-30,South,Electronics,Smartwatch,3,34674.04,0,104022.12,78276.09,25746.03,Debit Card,CUST3480
ORD101014,2024-04-18,Central,Apparel,Jacket,1,1058.59,0,1058.59,631.29,427.3,UPI,CUST1102
ORD101015,2024-05-25,East,Home & Kitchen,Bedsheet Set,11,2871.78,10,28430.62,24264.9,4165.72,UPI,CUST2105
ORD101016,2025-03-03,West,Electronics,Tablet,8,35069.72,10,252501.98,180401.7,72100.28,UPI,CUST2425
ORD101017,2025-05-22,South,Beauty,Lipstick,6,1160.57,10,6267.08,5080.11,1186.97,Credit Card,CUST2278
ORD101018,2024-06-27,North,Electronics,Smartphone,3,33111.01,5,94366.38,71771.17,22595.21,Debit Card,CUST3214
ORD101019,2025-04-12,North,Beauty,Perfume,9,3572.7,0,32154.3,19075.73,13078.57,Debit Card,CUST1815
ORD101020,2025-02-07,East,Electronics,Smartphone,6,6563.42,15,33473.44,23027.45,10445.99,UPI,CUST2158
ORD101021,2025-11-27,East,Beauty,Lipstick,10,1384.82,0,13848.2,8687.91,5160.29,COD,CUST1907
ORD101022,2025-10-19,South,Electronics,Smartphone,2,26793.82,10,48228.88,42646.93,5581.95,Credit Card,CUST2219
ORD101023,2024-11-22,East,Home & Kitchen,Air Fryer,9,2906.54,10,23542.97,14966.65,8576.32,COD,CUST1118
ORD101024,2025-11-04,North,Electronics,Smartphone,6,29627.1,25,133321.95,110135.83,23186.12,Credit Card,CUST1417
ORD101025,2025-07-09,East,Apparel,Jeans,6,3398.68,5,19372.48,12324.91,7047.57,Net Banking,CUST3261
ORD101026,2024-03-14,North,Beauty,Lipstick,3,429.76,0,1289.28,821.21,468.07,Net Banking,CUST2542
ORD101027,2024-09-25,North,Home & Kitchen,Cookware Set,8,3529.11,0,28232.88,20577.28,7655.6,COD,CUST2075
ORD101028,2025-10-07,East,Beauty,Hair Serum,3,1732.91,10,4678.86,3141.92,1536.94,COD,CUST1276
ORD101029,2025-06-19,South,Beauty,Hair Serum,6,3909.36,25,17592.12,17592.93,-0.81,Credit Card,CUST1868
ORD101030,2024-06-16,South,Apparel,T-Shirt,6,1530.85,0,9185.1,6044.33,3140.77,Credit Card,CUST1813
ORD101031,2024-05-20,Central,Beauty,Hair Serum,11,2631.27,0,28943.97,17600.86,11343.11,COD,CUST2872
ORD101032,2025-08-11,West,Apparel,Kurta,4,1019.48,0,4077.92,3125.96,951.96,Net Banking,CUST2390
ORD101033,2024-04-16,South,Sports,Cricket Bat,7,3469.51,15,20643.58,19331.54,1312.04,COD,CUST2604
ORD101034,2024-03-24,West,Beauty,Face Wash,7,3951.37,0,27659.59,19792.63,7866.96,COD,CUST2548
ORD101035,2024-04-29,East,Electronics,Smartphone,10,9550.46,15,81178.91,66095.6,15083.31,Net Banking,CUST1172
ORD101036,2025-06-30,Central,Electronics,Tablet,3,15790.38,5,45002.58,34607.18,10395.4,Debit Card,CUST3164
ORD101037,2024-07-02,Central,Apparel,Jacket,10,2582.13,5,24530.24,14532.0,9998.24,Debit Card,CUST1838
ORD101038,2024-03-06,West,Sports,Cricket Bat,6,849.79,5,4843.8,3215.79,1628.01,UPI,CUST2969
ORD101039,2025-04-08,West,Beauty,Lipstick,9,2282.82,0,20545.38,13637.38,6908.0,UPI,CUST3373
ORD101040,2024-03-31,North,Sports,Cricket Bat,6,1311.93,20,6297.26,5566.01,731.25,UPI,CUST2787
ORD101041,2025-01-03,West,Sports,Football,8,2372.81,10,17084.23,12615.58,4468.65,UPI,CUST3180
ORD101042,2024-06-14,East,Electronics,Smartwatch,6,5070.54,5,28902.08,18958.66,9943.42,UPI,CUST2614
ORD101043,2025-11-12,North,Home & Kitchen,Air Fryer,11,2812.83,15,26299.96,18281.21,8018.75,Debit Card,CUST1821
ORD101044,2024-12-23,West,Apparel,Kurta,3,2030.89,5,5788.04,4366.82,1421.22,COD,CUST2850
ORD101045,2025-01-09,West,Apparel,T-Shirt,5,646.98,10,2911.41,2299.29,612.12,COD,CUST1922
ORD101046,2024-05-07,North,Sports,Football,7,672.3,0,4706.1,3041.39,1664.71,COD,CUST1470
ORD101047,2025-07-18,North,Beauty,Lipstick,10,2101.95,10,18917.55,16460.1,2457.45,COD,CUST1181
ORD101048,2025-09-28,West,Electronics,Smartphone,10,20589.53,25,154421.47,126808.42,27613.05,COD,CUST3111
ORD101049,2024-01-29,Central,Electronics,Tablet,4,39322.38,25,117967.14,89456.84,28510.3,Credit Card,CUST3068
ORD101050,2025-07-04,Central,Electronics,Tablet,6,58540.99,0,351245.94,265352.2,85893.74,Net Banking,CUST1337
ORD101051,2024-05-02,West,Sports,Yoga Mat,1,2129.77,5,2023.28,1307.2,716.08,Net Banking,CUST1280
ORD101052,2024-02-12,South,Home & Kitchen,Mixer Grinder,6,2415.21,0,14491.26,8321.67,6169.59,COD,CUST1125
ORD101053,2025-05-06,East,Home & Kitchen,Bedsheet Set,10,362.14,5,3440.33,2416.4,1023.93,COD,CUST1188
ORD101054,2025-02-18,South,Electronics,Smartphone,10,16655.17,5,158224.11,130388.29,27835.82,Credit Card,CUST1688
ORD101055,2025-01-21,East,Home & Kitchen,Air Fryer,10,2697.97,15,22932.74,19894.46,3038.28,Debit Card,CUST3302
ORD101056,2024-08-23,North,Sports,Dumbbells,10,1365.32,0,13653.2,9746.71,3906.49,Credit Card,CUST2280
ORD101057,2025-10-17,South,Apparel,Sneakers,5,687.82,10,3095.19,2727.89,367.3,COD,CUST1207
ORD101058,2024-11-06,Central,Electronics,Headphones,11,4802.76,10,47547.32,39903.56,7643.76,UPI,CUST2721
ORD101059,2024-12-23,West,Apparel,T-Shirt,9,3526.91,0,31742.19,21827.28,9914.91,UPI,CUST1485
ORD101060,2025-06-16,East,Beauty,Perfume,8,3657.81,15,24873.11,21654.49,3218.62,Credit Card,CUST1787
ORD101061,2024-09-20,Central,Beauty,Face Wash,10,2482.15,10,22339.35,16922.37,5416.98,Credit Card,CUST2689
ORD101062,2025-01-28,Central,Beauty,Hair Serum,6,868.37,0,5210.22,3105.62,2104.6,Debit Card,CUST2365
ORD101063,2025-02-10,North,Apparel,Sneakers,9,3385.34,0,30468.06,17130.7,13337.36,Debit Card,CUST1677
ORD101064,2024-06-07,West,Electronics,Tablet,5,19738.99,0,98694.95,68996.32,29698.63,Debit Card,CUST1215
ORD101065,2025-08-24,Central,Beauty,Perfume,3,1152.55,15,2939.0,2520.3,418.7,UPI,CUST2244
ORD101066,2025-01-23,West,Apparel,T-Shirt,10,942.65,5,8955.17,5481.77,3473.4,Debit Card,CUST2908
ORD101067,2024-05-08,Central,Sports,Dumbbells,7,2569.14,0,17983.98,10366.19,7617.79,COD,CUST1066
ORD101068,2024-01-06,East,Beauty,Perfume,10,2530.4,15,21508.4,18366.13,3142.27,COD,CUST2025
ORD101069,2024-07-22,West,Home & Kitchen,Air Fryer,6,3027.95,15,15442.54,11291.84,4150.7,UPI,CUST2920
ORD101070,2024-04-26,Central,Apparel,Sneakers,4,3822.66,0,15290.64,11425.65,3864.99,Debit Card,CUST2354
ORD101071,2024-08-03,Central,Home & Kitchen,Air Fryer,6,2541.72,0,15250.32,10231.34,5018.98,UPI,CUST2481
ORD101072,2025-06-30,Central,Apparel,Jeans,8,2077.39,20,13295.3,9749.67,3545.63,Net Banking,CUST3000
ORD101073,2024-08-30,South,Home & Kitchen,Cookware Set,6,3596.04,10,19418.62,13759.05,5659.57,Debit Card,CUST2753
ORD101074,2024-04-24,North,Sports,Dumbbells,4,1874.69,5,7123.82,5969.18,1154.64,Net Banking,CUST1977
ORD101075,2025-04-26,Central,Sports,Football,7,3638.63,0,25470.41,19313.16,6157.25,Debit Card,CUST2062
ORD101076,2024-09-15,West,Beauty,Lipstick,7,3533.17,0,24732.19,19459.91,5272.28,Credit Card,CUST2000
ORD101077,2025-03-30,North,Sports,Cricket Bat,4,2250.82,10,8102.95,5379.97,2722.98,COD,CUST2356
ORD101078,2024-01-01,North,Apparel,T-Shirt,8,423.49,15,2879.73,2147.67,732.06,UPI,CUST1438
ORD101079,2025-12-29,East,Home & Kitchen,Cookware Set,10,2126.05,0,21260.5,13944.13,7316.37,Net Banking,CUST1618
ORD101080,2024-04-18,East,Apparel,T-Shirt,4,3384.07,5,12859.47,7738.63,5120.84,UPI,CUST1180
ORD101081,2025-04-10,East,Sports,Cricket Bat,2,629.77,5,1196.56,764.98,431.58,COD,CUST2635
ORD101082,2025-01-18,Central,Electronics,Tablet,7,1256.67,0,8796.69,5216.87,3579.82,UPI,CUST1784
ORD101083,2024-12-01,South,Sports,Football,3,3354.71,25,7548.1,5946.94,1601.16,Debit Card,CUST2779
ORD101084,2024-06-24,West,Home & Kitchen,Mixer Grinder,11,2789.76,0,30687.36,17889.25,12798.11,COD,CUST3003
ORD101085,2025-05-28,Central,Beauty,Lipstick,3,1010.91,15,2577.82,2287.52,290.3,Credit Card,CUST2411
ORD101086,2024-05-19,South,Electronics,Headphones,7,13221.37,0,92549.59,64169.99,28379.6,Debit Card,CUST1505
ORD101087,2024-04-15,East,Beauty,Perfume,10,3770.91,25,28281.82,22996.26,5285.56,Debit Card,CUST2456
ORD101088,2024-04-09,South,Sports,Yoga Mat,2,1181.79,20,1890.86,1674.11,216.75,Net Banking,CUST1920
ORD101089,2024-05-22,North,Beauty,Perfume,6,2919.64,0,17517.84,11278.52,6239.32,UPI,CUST3129
ORD101090,2025-03-16,North,Apparel,Kurta,1,3318.56,0,3318.56,2366.37,952.19,COD,CUST1061
ORD101091,2024-11-15,East,Electronics,Smartwatch,6,1211.39,20,5814.67,4487.53,1327.14,Debit Card,CUST1111
ORD101092,2024-11-08,South,Home & Kitchen,Cookware Set,6,445.66,5,2540.26,1924.51,615.75,Debit Card,CUST2075
ORD101093,2025-06-03,East,Home & Kitchen,Mixer Grinder,2,3211.17,0,6422.34,5101.65,1320.69,COD,CUST3281
ORD101094,2024-02-01,South,Apparel,T-Shirt,1,1302.78,0,1302.78,805.03,497.75,Net Banking,CUST1473
ORD101095,2025-11-27,Central,Sports,Cricket Bat,9,1467.57,25,9906.1,9343.71,562.39,Net Banking,CUST2560
ORD101096,2025-11-21,North,Beauty,Lipstick,7,3946.78,15,23483.34,17139.23,6344.11,Net Banking,CUST2468
ORD101097,2024-06-20,South,Sports,Yoga Mat,2,1088.28,0,2176.56,1460.0,716.56,Debit Card,CUST2129
ORD101098,2024-11-25,South,Electronics,Tablet,8,10603.03,5,80583.03,60168.0,20415.03,COD,CUST2790
ORD101099,2025-03-29,North,Sports,Football,6,2208.98,25,9940.41,8861.99,1078.42,Net Banking,CUST3173
ORD101100,2025-02-11,East,Apparel,Jeans,5,1477.36,5,7017.46,5708.19,1309.27,Net Banking,CUST3032
ORD101101,2025-04-28,South,Home & Kitchen,Air Fryer,2,1107.87,20,1772.59,1304.19,468.4,Debit Card,CUST3147
ORD101102,2025-09-07,Central,Sports,Football,4,214.19,20,685.41,521.87,163.54,Credit Card,CUST1490
ORD101103,2024-09-11,West,Electronics,Headphones,8,52942.14,25,317652.84,253311.87,64340.97,UPI,CUST1280
ORD101104,2024-10-01,North,Sports,Yoga Mat,5,1472.0,0,7360.0,5317.22,2042.78,Net Banking,CUST1922
ORD101105,2025-07-05,West,Beauty,Face Wash,10,1825.88,5,17345.86,10953.59,6392.27,Net Banking,CUST3460
ORD101106,2024-06-15,North,Sports,Dumbbells,9,710.24,20,5113.73,3945.86,1167.87,Debit Card,CUST1527
ORD101107,2025-10-08,West,Home & Kitchen,Bedsheet Set,10,834.85,5,7931.08,5510.39,2420.69,Credit Card,CUST2908
ORD101108,2025-11-19,East,Home & Kitchen,Cookware Set,10,2450.88,10,22057.92,13658.57,8399.35,Debit Card,CUST2642
ORD101109,2024-01-18,South,Electronics,Smartphone,2,3532.53,20,5652.05,5125.85,526.2,Debit Card,CUST2711
ORD101110,2025-02-25,North,Sports,Cricket Bat,2,3679.51,15,6255.17,4877.43,1377.74,UPI,CUST1657
ORD101111,2025-02-28,North,Apparel,Sneakers,8,2532.18,0,20257.44,12244.23,8013.21,UPI,CUST3117
ORD101112,2024-05-29,North,Sports,Football,6,3816.22,5,21752.45,16208.69,5543.76,UPI,CUST2301
ORD101113,2025-07-16,East,Electronics,Smartwatch,7,27499.23,0,192494.61,150623.93,41870.68,Credit Card,CUST1724
ORD101114,2024-08-20,North,Electronics,Smartphone,10,46723.5,0,467235.0,276202.01,191032.99,UPI,CUST1897
ORD101115,2024-08-13,Central,Home & Kitchen,Mixer Grinder,3,3740.52,0,11221.56,7243.67,3977.89,UPI,CUST1703
ORD101116,2025-05-11,West,Home & Kitchen,Bedsheet Set,3,571.51,25,1285.9,1017.91,267.99,COD,CUST1132
ORD101117,2025-10-12,East,Beauty,Hair Serum,9,2912.61,15,22281.47,18830.59,3450.88,Credit Card,CUST2598
ORD101118,2024-01-29,Central,Beauty,Face Wash,2,536.76,5,1019.84,597.06,422.78,Credit Card,CUST2429
ORD101119,2024-12-21,Central,Sports,Cricket Bat,11,2786.19,0,30648.09,18687.66,11960.43,Credit Card,CUST2013
ORD101120,2025-10-16,Central,Electronics,Headphones,10,55518.86,5,527429.17,319738.21,207690.96,Credit Card,CUST2695
ORD101121,2024-03-04,Central,Home & Kitchen,Air Fryer,3,1453.25,0,4359.75,3139.29,1220.46,Credit Card,CUST2906
ORD101122,2024-08-19,West,Home & Kitchen,Bedsheet Set,10,3924.01,10,35316.09,28861.31,6454.78,COD,CUST2460
ORD101123,2024-11-18,South,Electronics,Smartwatch,6,18673.28,5,106437.7,83181.94,23255.76,Debit Card,CUST1760
ORD101124,2025-02-08,West,Apparel,Jeans,11,3796.54,5,39673.84,31027.41,8646.43,Debit Card,CUST1355
ORD101125,2025-06-23,East,Home & Kitchen,Cookware Set,1,3644.88,0,3644.88,2858.04,786.84,Net Banking,CUST1075
ORD101126,2024-08-18,Central,Electronics,Tablet,2,12214.5,15,20764.65,18627.92,2136.73,UPI,CUST1392
ORD101127,2024-03-25,North,Electronics,Smartphone,11,11137.0,10,110256.3,78925.37,31330.93,Debit Card,CUST1672
ORD101128,2025-02-26,Central,Sports,Football,5,3934.01,5,18686.55,13290.22,5396.33,Debit Card,CUST2400
ORD101129,2024-05-09,South,Electronics,Headphones,8,34098.13,20,218228.03,195446.88,22781.15,Net Banking,CUST2412
ORD101130,2025-11-22,Central,Apparel,Sneakers,5,1919.32,5,9116.77,5451.38,3665.39,UPI,CUST3033
ORD101131,2025-06-20,South,Apparel,Jeans,2,3097.34,0,6194.68,3907.98,2286.7,Debit Card,CUST2346
ORD101132,2025-05-27,North,Home & Kitchen,Cookware Set,3,3460.77,0,10382.31,7287.81,3094.5,UPI,CUST1824
ORD101133,2025-01-05,Central,Sports,Cricket Bat,3,2145.71,0,6437.13,4549.17,1887.96,COD,CUST2228
ORD101134,2025-11-27,East,Sports,Cricket Bat,6,3298.61,25,14843.74,13368.62,1475.12,Credit Card,CUST2781
ORD101135,2024-06-09,South,Home & Kitchen,Mixer Grinder,8,2155.4,10,15518.88,12997.13,2521.75,Debit Card,CUST1331
ORD101136,2025-12-17,East,Beauty,Lipstick,10,3446.19,0,34461.9,19735.65,14726.25,UPI,CUST1727
ORD101137,2024-06-20,East,Apparel,T-Shirt,9,542.28,0,4880.52,3436.11,1444.41,Debit Card,CUST2009
ORD101138,2025-06-10,East,Electronics,Laptop,4,5979.11,0,23916.44,15067.7,8848.74,COD,CUST1977
ORD101139,2024-10-31,Central,Beauty,Lipstick,2,3486.39,10,6275.5,4056.61,2218.89,Net Banking,CUST1527
ORD101140,2024-08-14,Central,Sports,Yoga Mat,10,2846.34,15,24193.89,16407.7,7786.19,Debit Card,CUST1432
ORD101141,2024-06-01,West,Home & Kitchen,Air Fryer,5,3754.23,5,17832.59,14783.59,3049.0,UPI,CUST3445
ORD101142,2025-08-27,South,Electronics,Headphones,4,35146.88,15,119499.39,89307.05,30192.34,UPI,CUST3493
ORD101143,2025-05-02,East,Beauty,Lipstick,2,2413.42,20,3861.47,3530.91,330.56,UPI,CUST2554
ORD101144,2024-11-21,West,Home & Kitchen,Bedsheet Set,3,2477.61,5,7061.19,5123.9,1937.29,COD,CUST1841
ORD101145,2024-07-20,West,Home & Kitchen,Air Fryer,8,3804.73,0,30437.84,18025.74,12412.1,Debit Card,CUST2788
ORD101146,2024-08-09,Central,Electronics,Laptop,1,2302.52,0,2302.52,1579.59,722.93,Credit Card,CUST2447
ORD101147,2025-06-07,Central,Home & Kitchen,Cookware Set,3,1872.12,25,4212.27,3618.83,593.44,UPI,CUST2808
ORD101148,2024-10-14,North,Home & Kitchen,Mixer Grinder,9,2065.44,0,18588.96,13621.11,4967.85,Credit Card,CUST2672
ORD101149,2025-08-26,Central,Sports,Cricket Bat,5,231.43,5,1099.29,860.88,238.41,Debit Card,CUST1992
ORD101150,2025-07-20,North,Beauty,Perfume,1,3789.43,20,3031.54,2636.9,394.64,Debit Card,CUST1236
ORD101151,2024-01-26,South,Home & Kitchen,Bedsheet Set,9,913.06,20,6574.03,5243.88,1330.15,Net Banking,CUST1990
ORD101152,2025-09-09,Central,Beauty,Perfume,1,2148.95,0,2148.95,1248.31,900.64,Net Banking,CUST2047
ORD101153,2024-04-18,Central,Apparel,Sneakers,6,2978.82,0,17872.92,9984.93,7887.99,Debit Card,CUST2937
ORD101154,2024-02-06,East,Electronics,Smartwatch,10,29713.91,5,282282.14,166252.98,116029.16,Debit Card,CUST2205
ORD101155,2024-03-26,Central,Electronics,Laptop,3,12284.44,0,36853.32,23801.6,13051.72,UPI,CUST1432
ORD101156,2025-05-10,West,Sports,Yoga Mat,7,2112.45,0,14787.15,8692.12,6095.03,UPI,CUST1414
ORD101157,2025-09-04,Central,Apparel,Kurta,5,3061.79,5,14543.5,8716.47,5827.03,UPI,CUST1083
ORD101158,2024-09-27,North,Beauty,Lipstick,4,1730.42,20,5537.34,4909.9,627.44,UPI,CUST2625
ORD101159,2025-05-18,North,Beauty,Perfume,2,567.34,20,907.74,846.23,61.51,Net Banking,CUST3486
ORD101160,2025-07-15,North,Home & Kitchen,Cookware Set,6,1703.96,25,7667.82,6070.06,1597.76,UPI,CUST2716
ORD101161,2024-03-18,West,Sports,Dumbbells,8,871.29,0,6970.32,5129.03,1841.29,COD,CUST2038
ORD101162,2024-07-29,North,Beauty,Face Wash,6,2049.9,20,9839.52,6813.41,3026.11,Net Banking,CUST2174
ORD101163,2024-05-20,East,Electronics,Tablet,5,15428.89,5,73287.23,50286.76,23000.47,Net Banking,CUST1370
ORD101164,2025-02-22,West,Sports,Yoga Mat,5,2650.74,0,13253.7,8813.65,4440.05,COD,CUST1511
ORD101165,2025-07-08,Central,Home & Kitchen,Mixer Grinder,2,3559.4,0,7118.8,5485.76,1633.04,Net Banking,CUST2260
ORD101166,2025-02-02,Central,Beauty,Perfume,7,2104.85,5,13997.25,8509.38,5487.87,COD,CUST1653
ORD101167,2025-03-03,West,Home & Kitchen,Air Fryer,1,210.43,5,199.91,120.46,79.45,COD,CUST1228
ORD101168,2024-10-06,Central,Sports,Cricket Bat,6,3163.57,20,15185.14,13723.22,1461.92,UPI,CUST1757
ORD101169,2024-01-24,South,Beauty,Perfume,1,3694.42,0,3694.42,2914.03,780.39,Credit Card,CUST3427
ORD101170,2025-12-11,South,Sports,Dumbbells,7,3591.93,5,23886.33,15480.04,8406.29,UPI,CUST3163
ORD101171,2025-08-27,East,Apparel,Jeans,10,1145.45,0,11454.5,7451.9,4002.6,Debit Card,CUST3327
ORD101172,2025-10-09,West,Electronics,Laptop,10,53347.4,10,480126.6,325889.71,154236.89,Net Banking,CUST3147
ORD101173,2024-09-17,West,Electronics,Smartwatch,1,48229.6,0,48229.6,30945.93,17283.67,COD,CUST1686
ORD101174,2024-10-08,South,Apparel,Kurta,9,3155.2,5,26976.96,18503.49,8473.47,COD,CUST2958
ORD101175,2024-07-08,North,Electronics,Laptop,7,6527.14,10,41120.98,26515.86,14605.12,UPI,CUST2513
ORD101176,2024-12-29,South,Sports,Yoga Mat,9,2377.47,20,17117.78,14732.52,2385.26,Debit Card,CUST3414
ORD101177,2024-09-06,South,Electronics,Tablet,4,9717.71,5,36927.3,25455.36,11471.94,Credit Card,CUST1918
ORD101178,2025-12-01,South,Apparel,Jacket,7,515.17,5,3425.88,2651.01,774.87,Debit Card,CUST2327
ORD101179,2024-04-24,East,Beauty,Face Wash,2,801.43,0,1602.86,885.8,717.06,Credit Card,CUST2613
ORD101180,2025-09-11,Central,Apparel,Sneakers,9,1935.67,0,17421.03,11051.37,6369.66,COD,CUST2639
ORD101181,2024-03-14,South,Beauty,Perfume,4,2267.03,10,8161.31,6491.62,1669.69,COD,CUST2741
ORD101182,2025-01-28,Central,Sports,Yoga Mat,3,3428.42,0,10285.26,8163.31,2121.95,UPI,CUST2482
ORD101183,2025-03-07,South,Sports,Dumbbells,2,345.79,15,587.84,439.32,148.52,Net Banking,CUST3027
ORD101184,2024-08-08,South,Beauty,Face Wash,11,1497.53,20,13178.26,9330.32,3847.94,COD,CUST1224
ORD101185,2025-12-14,North,Beauty,Perfume,2,3852.21,15,6548.76,5435.35,1113.41,Credit Card,CUST2888
ORD101186,2025-09-14,Central,Apparel,Kurta,6,900.53,15,4592.7,3731.78,860.92,COD,CUST3202
ORD101187,2024-09-13,North,Apparel,Kurta,11,1628.2,5,17014.69,10484.71,6529.98,UPI,CUST1784
ORD101188,2025-07-22,Central,Beauty,Face Wash,10,1891.03,0,18910.3,12241.75,6668.55,Debit Card,CUST2222
ORD101189,2025-04-07,West,Electronics,Smartphone,5,59559.01,10,268015.54,185659.91,82355.63,UPI,CUST1701
ORD101190,2024-05-31,West,Sports,Cricket Bat,2,1349.32,15,2293.84,1782.89,510.95,Debit Card,CUST1234
ORD101191,2025-11-05,North,Beauty,Lipstick,1,779.92,10,701.93,527.21,174.72,Debit Card,CUST1347
ORD101192,2025-06-29,West,Beauty,Perfume,1,3571.27,5,3392.71,2614.55,778.16,COD,CUST2824
ORD101193,2025-03-19,West,Home & Kitchen,Mixer Grinder,1,2935.61,10,2642.05,2089.95,552.1,UPI,CUST1114
ORD101194,2024-04-30,South,Home & Kitchen,Bedsheet Set,1,445.39,5,423.12,294.22,128.9,Credit Card,CUST1968
ORD101195,2025-01-03,East,Home & Kitchen,Bedsheet Set,9,1723.49,5,14735.84,8735.68,6000.16,UPI,CUST1176
ORD101196,2024-08-04,Central,Electronics,Smartphone,11,23304.81,0,256352.91,168008.01,88344.9,Debit Card,CUST1823
ORD101197,2024-12-25,North,Electronics,Tablet,1,11558.1,5,10980.2,7184.17,3796.03,COD,CUST2438
ORD101198,2024-08-22,West,Apparel,Jacket,7,1758.18,0,12307.26,7611.01,4696.25,Net Banking,CUST1842
ORD101199,2025-03-15,West,Electronics,Laptop,1,16241.37,25,12181.03,9644.67,2536.36,Debit Card,CUST2018
ORD101200,2025-07-20,Central,Home & Kitchen,Air Fryer,7,3694.97,25,19398.59,17720.95,1677.64,COD,CUST3280
ORD101201,2024-12-19,Central,Sports,Dumbbells,7,954.87,15,5681.48,5190.23,491.25,Net Banking,CUST3177
ORD101202,2024-05-20,West,Beauty,Perfume,2,2391.26,5,4543.39,2826.79,1716.6,Debit Card,CUST1462
ORD101203,2025-06-28,South,Sports,Football,4,3676.35,10,13234.86,8796.37,4438.49,Net Banking,CUST1664
ORD101204,2024-11-28,East,Sports,Football,7,3004.04,15,17874.04,16653.69,1220.35,Net Banking,CUST1362
ORD101205,2025-01-23,West,Sports,Dumbbells,11,257.19,0,2829.09,1881.07,948.02,UPI,CUST1421
ORD101206,2025-04-24,West,Electronics,Laptop,3,59511.54,0,178534.62,135382.43,43152.19,UPI,CUST1597
ORD101207,2025-01-16,Central,Electronics,Laptop,8,24937.2,15,169572.96,144306.63,25266.33,COD,CUST1809
ORD101208,2024-07-22,South,Home & Kitchen,Mixer Grinder,11,1418.69,5,14825.31,11926.38,2898.93,COD,CUST1880
ORD101209,2025-07-29,South,Electronics,Smartphone,11,47817.88,10,473397.01,415566.05,57830.96,COD,CUST2231
ORD101210,2025-06-14,North,Sports,Football,8,1416.93,0,11335.44,7685.68,3649.76,Credit Card,CUST1616
ORD101211,2025-09-03,East,Home & Kitchen,Cookware Set,10,951.87,0,9518.7,5686.28,3832.42,Credit Card,CUST3126
ORD101212,2025-08-07,West,Sports,Cricket Bat,7,1785.46,5,11873.31,9734.29,2139.02,COD,CUST1401
ORD101213,2024-08-11,Central,Sports,Dumbbells,6,3955.23,5,22544.81,13397.78,9147.03,Credit Card,CUST3277
ORD101214,2024-06-30,West,Apparel,Sneakers,9,754.08,20,5429.38,5033.79,395.59,Credit Card,CUST3143
ORD101215,2024-03-26,East,Apparel,Kurta,11,1120.75,5,11711.84,7013.34,4698.5,UPI,CUST1581
ORD101216,2024-05-12,Central,Electronics,Tablet,7,7061.57,0,49430.99,33730.89,15700.1,Debit Card,CUST2813
ORD101217,2024-07-10,South,Apparel,Kurta,8,2932.93,0,23463.44,16396.7,7066.74,Credit Card,CUST1161
ORD101218,2024-11-26,North,Home & Kitchen,Cookware Set,6,2014.22,0,12085.32,8313.76,3771.56,UPI,CUST2057
ORD101219,2024-08-29,West,Electronics,Headphones,7,5861.92,0,41033.44,27689.06,13344.38,Net Banking,CUST2666
ORD101220,2024-07-30,Central,Beauty,Hair Serum,2,3930.3,10,7074.54,6058.94,1015.6,UPI,CUST1826
ORD101221,2025-01-28,North,Sports,Cricket Bat,3,3274.14,0,9822.42,6723.74,3098.68,Credit Card,CUST1442
ORD101222,2024-11-10,Central,Sports,Dumbbells,1,3100.45,10,2790.4,2343.86,446.54,Debit Card,CUST1837
ORD101223,2025-01-13,East,Home & Kitchen,Air Fryer,9,2898.74,20,20870.93,17721.58,3149.35,UPI,CUST1871
ORD101224,2024-07-22,West,Sports,Yoga Mat,5,2951.12,10,13280.04,9442.81,3837.23,COD,CUST1082
ORD101225,2024-10-29,East,Sports,Cricket Bat,6,582.69,0,3496.14,2353.25,1142.89,UPI,CUST2318
ORD101226,2025-05-26,Central,Beauty,Face Wash,1,1216.28,0,1216.28,883.62,332.66,Credit Card,CUST1048
ORD101227,2025-11-06,East,Sports,Dumbbells,5,652.94,5,3101.46,1816.67,1284.79,Credit Card,CUST1233
ORD101228,2024-07-27,Central,Sports,Dumbbells,7,458.24,5,3047.3,1772.22,1275.08,Debit Card,CUST1034
ORD101229,2025-03-22,West,Home & Kitchen,Bedsheet Set,4,3120.17,20,9984.54,9530.61,453.93,Debit Card,CUST3025
ORD101230,2024-08-16,East,Beauty,Perfume,7,945.58,20,5295.25,3690.88,1604.37,COD,CUST2151
ORD101231,2025-12-02,West,Beauty,Face Wash,2,956.26,5,1816.89,1404.37,412.52,Credit Card,CUST3243
ORD101232,2024-01-29,West,Home & Kitchen,Mixer Grinder,2,3845.17,10,6921.31,5974.92,946.39,UPI,CUST2659
ORD101233,2025-06-14,West,Apparel,Jacket,7,1556.66,15,9262.13,7504.01,1758.12,Net Banking,CUST1572
ORD101234,2025-06-21,East,Sports,Cricket Bat,7,3712.36,15,22088.54,17538.84,4549.7,UPI,CUST1358
ORD101235,2025-12-06,West,Home & Kitchen,Mixer Grinder,3,2550.14,25,5737.82,5276.79,461.03,Net Banking,CUST2596
ORD101236,2025-08-26,South,Electronics,Tablet,7,58759.94,10,370187.62,295325.0,74862.62,COD,CUST1091
ORD101237,2024-05-18,South,Home & Kitchen,Air Fryer,1,1371.56,5,1302.98,855.37,447.61,Debit Card,CUST1798
ORD101238,2025-04-19,South,Home & Kitchen,Cookware Set,1,353.8,15,300.73,279.08,21.65,COD,CUST1820
ORD101239,2025-10-18,South,Apparel,Jeans,6,2490.27,5,14194.54,10744.79,3449.75,Net Banking,CUST2699
ORD101240,2024-01-06,South,Apparel,Jeans,4,599.25,10,2157.3,1522.78,634.52,UPI,CUST1665
ORD101241,2025-11-09,South,Sports,Dumbbells,4,1891.56,0,7566.24,5366.02,2200.22,Credit Card,CUST2069
ORD101242,2024-05-23,West,Electronics,Smartphone,8,16386.88,5,124540.29,90747.97,33792.32,Debit Card,CUST3322
ORD101243,2024-12-18,North,Electronics,Tablet,2,44425.88,0,88851.76,63732.35,25119.41,COD,CUST3160
ORD101244,2024-03-31,West,Home & Kitchen,Air Fryer,1,1254.9,0,1254.9,801.96,452.94,Debit Card,CUST2869
ORD101245,2024-05-31,South,Home & Kitchen,Bedsheet Set,3,1628.47,15,4152.6,3601.77,550.83,Debit Card,CUST2583
ORD101246,2025-12-03,South,Home & Kitchen,Bedsheet Set,11,2389.12,5,24966.3,18372.53,6593.77,Debit Card,CUST2875
ORD101247,2025-03-23,Central,Apparel,T-Shirt,11,2152.52,5,22493.83,14552.28,7941.55,COD,CUST1891
ORD101248,2025-03-29,Central,Beauty,Face Wash,4,3755.8,0,15023.2,11528.58,3494.62,Net Banking,CUST2209
ORD101249,2024-09-05,West,Beauty,Perfume,5,289.91,0,1449.55,1061.25,388.3,Credit Card,CUST3098
ORD101250,2025-12-28,East,Sports,Football,6,1714.51,5,9772.71,7048.76,2723.95,Credit Card,CUST2339
ORD101251,2024-10-28,West,Electronics,Laptop,4,17293.32,0,69173.28,44022.86,25150.42,Debit Card,CUST1550
ORD101252,2025-03-30,East,Electronics,Headphones,11,49103.75,5,513134.19,422632.4,90501.79,Debit Card,CUST1313
ORD101253,2024-07-02,Central,Home & Kitchen,Cookware Set,8,1907.19,10,13731.77,9367.63,4364.14,Net Banking,CUST3433
ORD101254,2024-08-17,West,Apparel,Jacket,3,2467.63,10,6662.6,4239.07,2423.53,Debit Card,CUST2226
ORD101255,2025-09-12,South,Home & Kitchen,Air Fryer,4,2938.89,0,11755.56,9087.75,2667.81,COD,CUST3118
ORD101256,2025-08-16,West,Beauty,Perfume,4,1723.66,5,6549.91,4801.36,1748.55,Net Banking,CUST2066
ORD101257,2025-10-27,East,Home & Kitchen,Bedsheet Set,7,1384.19,0,9689.33,6046.57,3642.76,COD,CUST1289
ORD101258,2025-01-10,South,Apparel,Kurta,1,3262.18,5,3099.07,2443.34,655.73,Debit Card,CUST3196
ORD101259,2024-03-28,East,Apparel,T-Shirt,4,1428.2,10,5141.52,3359.1,1782.42,UPI,CUST2309
ORD101260,2025-01-16,West,Sports,Football,1,2638.51,20,2110.81,1478.65,632.16,UPI,CUST2886
ORD101261,2024-11-06,West,Apparel,Jeans,8,2164.16,20,13850.62,9710.3,4140.32,Credit Card,CUST1421
ORD101262,2024-11-16,West,Apparel,Sneakers,1,3046.53,0,3046.53,2069.36,977.17,UPI,CUST1848
ORD101263,2025-11-28,West,Sports,Dumbbells,6,1584.73,5,9032.96,6521.52,2511.44,Net Banking,CUST3035
ORD101264,2024-05-17,West,Home & Kitchen,Mixer Grinder,11,3241.69,5,33875.66,22139.96,11735.7,Credit Card,CUST1425
ORD101265,2025-02-19,South,Apparel,T-Shirt,10,2698.16,5,25632.52,20295.95,5336.57,Net Banking,CUST1669
ORD101266,2025-01-10,West,Beauty,Face Wash,7,165.07,0,1155.49,752.92,402.57,Net Banking,CUST1109
ORD101267,2025-07-14,East,Home & Kitchen,Air Fryer,1,3730.2,5,3543.69,2668.46,875.23,Debit Card,CUST1167
ORD101268,2025-07-10,East,Sports,Dumbbells,4,2068.07,5,7858.67,5001.16,2857.51,Credit Card,CUST1873
ORD101269,2024-10-25,East,Beauty,Face Wash,7,1748.16,0,12237.12,8069.71,4167.41,Debit Card,CUST1783
ORD101270,2025-01-05,Central,Apparel,Kurta,5,3572.09,10,16074.4,9980.23,6094.17,Debit Card,CUST1191
ORD101271,2025-12-30,East,Apparel,Jacket,6,1448.83,0,8692.98,6870.81,1822.17,Net Banking,CUST1797
ORD101272,2024-08-26,West,Sports,Football,4,165.81,0,663.24,433.86,229.38,Credit Card,CUST2527
ORD101273,2025-10-05,West,Beauty,Lipstick,5,2318.18,20,9272.72,6386.09,2886.63,UPI,CUST2490
ORD101274,2024-07-19,West,Apparel,Jacket,3,3468.1,5,9884.08,8309.3,1574.78,Debit Card,CUST1596
ORD101275,2025-01-27,North,Sports,Football,3,1720.39,0,5161.17,3558.47,1602.7,Credit Card,CUST2094
ORD101276,2025-07-21,South,Apparel,Jacket,7,3857.13,0,26999.91,16048.46,10951.45,Net Banking,CUST2185
ORD101277,2024-07-09,East,Home & Kitchen,Air Fryer,9,1254.36,0,11289.24,6659.94,4629.3,Debit Card,CUST1581
ORD101278,2024-10-13,West,Beauty,Lipstick,2,3202.43,20,5123.89,5084.0,39.89,Net Banking,CUST2443
ORD101279,2025-06-03,West,Sports,Football,10,1255.88,5,11930.86,9440.09,2490.77,UPI,CUST1715
ORD101280,2024-04-13,South,Apparel,T-Shirt,6,2986.66,5,17023.96,14287.94,2736.02,UPI,CUST2129
ORD101281,2025-11-09,South,Home & Kitchen,Mixer Grinder,2,1790.57,10,3223.03,2505.8,717.23,UPI,CUST3235
ORD101282,2024-11-12,North,Beauty,Face Wash,4,3517.78,20,11256.9,10571.26,685.64,Credit Card,CUST1544
ORD101283,2024-12-19,North,Beauty,Face Wash,7,3329.67,0,23307.69,15141.13,8166.56,COD,CUST2536
ORD101284,2024-05-12,North,Sports,Cricket Bat,1,1130.45,25,847.84,674.86,172.98,Net Banking,CUST2833
ORD101285,2024-04-08,North,Sports,Yoga Mat,11,3185.34,15,29782.93,27662.32,2120.61,COD,CUST1916
ORD101286,2025-12-17,South,Home & Kitchen,Cookware Set,11,841.68,0,9258.48,5218.34,4040.14,Net Banking,CUST1559
ORD101287,2024-05-09,South,Beauty,Perfume,5,360.65,5,1713.09,1413.63,299.46,Debit Card,CUST3312
ORD101288,2024-08-02,North,Apparel,T-Shirt,10,3738.7,15,31778.95,27551.42,4227.53,Net Banking,CUST2777
ORD101289,2024-05-09,West,Home & Kitchen,Bedsheet Set,2,2142.76,0,4285.52,3387.91,897.61,Debit Card,CUST1583
ORD101290,2025-03-07,South,Home & Kitchen,Bedsheet Set,2,492.69,5,936.11,768.23,167.88,Debit Card,CUST2348
ORD101291,2024-04-23,Central,Apparel,Kurta,3,1561.56,10,4216.21,2763.25,1452.96,COD,CUST2939
ORD101292,2024-06-26,Central,Sports,Football,10,3019.18,5,28682.21,19103.8,9578.41,Debit Card,CUST2577
ORD101293,2024-03-08,West,Home & Kitchen,Air Fryer,6,426.18,0,2557.08,2001.87,555.21,Debit Card,CUST1144
ORD101294,2024-10-01,West,Apparel,T-Shirt,3,224.69,0,674.07,476.56,197.51,Net Banking,CUST2098
ORD101295,2024-05-07,East,Home & Kitchen,Bedsheet Set,7,426.84,20,2390.3,2358.76,31.54,UPI,CUST2561
ORD101296,2025-03-01,North,Home & Kitchen,Mixer Grinder,9,922.43,10,7471.68,5219.7,2251.98,Debit Card,CUST2729
ORD101297,2024-05-23,East,Apparel,Jacket,9,3838.22,5,32816.78,19715.24,13101.54,COD,CUST3132
ORD101298,2025-02-19,West,Sports,Cricket Bat,6,1415.13,0,8490.78,5685.18,2805.6,COD,CUST2253
ORD101299,2024-04-05,West,Home & Kitchen,Mixer Grinder,6,3109.74,0,18658.44,13840.99,4817.45,Net Banking,CUST3024
ORD101300,2024-11-25,North,Sports,Yoga Mat,7,2212.29,15,13163.13,8536.23,4626.9,Debit Card,CUST3317
ORD101301,2025-07-03,West,Home & Kitchen,Cookware Set,1,725.19,5,688.93,482.36,206.57,Debit Card,CUST2986
ORD101302,2024-10-11,South,Beauty,Hair Serum,2,3364.36,15,5719.41,4513.97,1205.44,UPI,CUST2849
ORD101303,2024-04-13,South,Beauty,Hair Serum,10,3235.93,5,30741.34,21693.59,9047.75,Net Banking,CUST1252
ORD101304,2024-01-19,South,Electronics,Smartwatch,8,2459.51,10,17708.47,12113.14,5595.33,Debit Card,CUST1853
ORD101305,2025-04-09,East,Sports,Dumbbells,4,3237.37,15,11007.06,8686.08,2320.98,Debit Card,CUST3015
ORD101306,2024-05-18,South,Home & Kitchen,Bedsheet Set,4,979.13,0,3916.52,2323.24,1593.28,Credit Card,CUST1869
ORD101307,2024-02-16,East,Apparel,Jeans,11,959.56,10,9499.64,7429.65,2069.99,Credit Card,CUST1204
ORD101308,2025-01-15,East,Beauty,Hair Serum,9,1621.61,0,14594.49,10661.21,3933.28,Debit Card,CUST3457
ORD101309,2025-09-05,East,Beauty,Perfume,10,510.05,5,4845.47,2969.45,1876.02,Credit Card,CUST2746
ORD101310,2024-03-17,Central,Apparel,T-Shirt,10,2341.94,5,22248.43,17313.9,4934.53,Credit Card,CUST2736
ORD101311,2024-05-21,East,Apparel,T-Shirt,4,428.7,0,1714.8,1321.35,393.45,Net Banking,CUST2469
ORD101312,2025-10-14,North,Apparel,Sneakers,11,3897.46,15,36441.25,26183.53,10257.72,UPI,CUST1042
ORD101313,2024-09-20,North,Electronics,Laptop,4,624.37,15,2122.86,1598.28,524.58,COD,CUST2012
ORD101314,2024-06-25,West,Apparel,Jacket,11,2109.43,0,23203.73,18382.97,4820.76,Net Banking,CUST2550
ORD101315,2024-09-11,West,Beauty,Lipstick,7,3393.83,5,22568.97,16988.91,5580.06,Credit Card,CUST2294
ORD101316,2025-07-11,South,Home & Kitchen,Mixer Grinder,6,2624.12,15,13383.01,9810.99,3572.02,Credit Card,CUST3204
ORD101317,2025-12-02,North,Home & Kitchen,Bedsheet Set,9,1511.26,0,13601.34,9766.72,3834.62,Debit Card,CUST1661
ORD101318,2024-01-20,South,Beauty,Perfume,1,3749.06,15,3186.7,2851.66,335.04,Net Banking,CUST2156
ORD101319,2024-02-24,North,Beauty,Face Wash,9,3248.61,5,27775.62,22327.35,5448.27,UPI,CUST2806
ORD101320,2025-12-05,South,Beauty,Hair Serum,6,2821.42,0,16928.52,13103.87,3824.65,Credit Card,CUST1337
ORD101321,2025-08-01,North,Apparel,Sneakers,10,1480.64,10,13325.76,8287.14,5038.62,Debit Card,CUST1794
ORD101322,2025-09-16,West,Apparel,Sneakers,5,3102.06,5,14734.78,9991.78,4743.0,Net Banking,CUST2506
ORD101323,2024-04-20,North,Home & Kitchen,Cookware Set,5,539.91,10,2429.59,1652.61,776.98,Debit Card,CUST1328
ORD101324,2024-05-01,East,Sports,Cricket Bat,9,1226.74,0,11040.66,7464.21,3576.45,COD,CUST3056
ORD101325,2024-01-13,East,Home & Kitchen,Cookware Set,11,1522.16,10,15069.38,11514.23,3555.15,Credit Card,CUST2214
ORD101326,2024-02-20,South,Apparel,T-Shirt,9,2846.75,5,24339.71,14580.14,9759.57,COD,CUST2645
ORD101327,2024-07-14,South,Home & Kitchen,Mixer Grinder,1,161.21,0,161.21,121.26,39.95,Net Banking,CUST2379
ORD101328,2024-05-27,West,Sports,Cricket Bat,9,1898.73,15,14525.28,13316.1,1209.18,UPI,CUST2515
ORD101329,2024-08-16,Central,Electronics,Smartphone,4,16108.08,10,57989.09,43584.81,14404.28,COD,CUST1125
ORD101330,2024-11-01,East,Sports,Yoga Mat,9,2799.64,15,21417.25,18867.89,2549.36,Credit Card,CUST2232
ORD101331,2024-10-07,West,Apparel,Jeans,11,3531.27,5,36901.77,30394.15,6507.62,Credit Card,CUST1520
ORD101332,2025-09-21,North,Sports,Dumbbells,2,3568.18,5,6779.54,4916.8,1862.74,Credit Card,CUST2721
ORD101333,2024-12-10,Central,Home & Kitchen,Cookware Set,10,1242.42,5,11802.99,8801.92,3001.07,Credit Card,CUST2206
ORD101334,2025-02-02,South,Apparel,Sneakers,3,1644.18,0,4932.54,3852.92,1079.62,Net Banking,CUST2750
ORD101335,2025-05-11,West,Sports,Dumbbells,8,1814.88,10,13067.14,8255.63,4811.51,UPI,CUST1361
ORD101336,2024-04-02,East,Electronics,Smartwatch,1,3684.86,20,2947.89,2832.2,115.69,UPI,CUST3393
ORD101337,2024-04-12,West,Home & Kitchen,Mixer Grinder,7,1142.57,5,7598.09,5318.79,2279.3,COD,CUST2403
ORD101338,2025-02-06,Central,Sports,Dumbbells,8,2421.99,5,18407.12,12027.61,6379.51,COD,CUST3458
ORD101339,2025-08-07,South,Apparel,Kurta,4,3060.62,5,11630.36,6865.49,4764.87,Debit Card,CUST2854
ORD101340,2024-08-16,West,Home & Kitchen,Air Fryer,2,2668.79,0,5337.58,4227.02,1110.56,Net Banking,CUST1203
ORD101341,2024-02-22,North,Sports,Yoga Mat,7,2511.6,0,17581.2,9964.11,7617.09,Debit Card,CUST1104
ORD101342,2024-09-22,East,Apparel,Sneakers,10,3543.72,5,33665.34,25872.11,7793.23,Net Banking,CUST2777
ORD101343,2024-10-25,West,Sports,Dumbbells,5,2140.9,20,8563.6,8040.08,523.52,Credit Card,CUST3440
ORD101344,2025-01-15,South,Sports,Football,7,3643.73,0,25506.11,17433.66,8072.45,Credit Card,CUST2943
ORD101345,2025-03-10,Central,Sports,Dumbbells,10,467.37,15,3972.64,2652.09,1320.55,UPI,CUST1568
ORD101346,2025-07-27,Central,Home & Kitchen,Mixer Grinder,2,3788.72,0,7577.44,5040.64,2536.8,COD,CUST1029
ORD101347,2024-12-24,West,Apparel,Kurta,7,2022.8,10,12743.64,10856.36,1887.28,Debit Card,CUST2800
ORD101348,2024-09-25,East,Apparel,Kurta,10,3791.24,0,37912.4,28194.25,9718.15,Net Banking,CUST1179
ORD101349,2025-04-24,North,Beauty,Lipstick,9,2921.84,15,22352.08,15903.23,6448.85,Credit Card,CUST1364
ORD101350,2024-12-18,North,Sports,Cricket Bat,4,2674.17,0,10696.68,6633.35,4063.33,UPI,CUST1481
ORD101351,2024-07-10,South,Apparel,T-Shirt,3,2145.55,5,6114.82,4046.13,2068.69,Credit Card,CUST1467
ORD101352,2025-06-21,North,Beauty,Perfume,2,2572.49,10,4630.48,3744.42,886.06,Credit Card,CUST2658
ORD101353,2024-11-04,West,Sports,Football,8,658.34,15,4476.71,3260.01,1216.7,Debit Card,CUST2276
ORD101354,2024-01-13,North,Sports,Dumbbells,11,3564.3,5,37246.94,28912.7,8334.24,Net Banking,CUST2303
ORD101355,2025-06-21,North,Apparel,Kurta,8,1905.98,5,14485.45,9624.08,4861.37,Credit Card,CUST2603
ORD101356,2024-02-13,North,Apparel,Sneakers,11,3119.22,0,34311.42,26781.98,7529.44,COD,CUST3040
ORD101357,2024-03-29,Central,Electronics,Headphones,1,15435.1,20,12348.08,8925.55,3422.53,COD,CUST2717
ORD101358,2024-09-13,Central,Home & Kitchen,Mixer Grinder,7,3563.47,0,24944.29,15119.73,9824.56,Net Banking,CUST1270
ORD101359,2025-06-03,North,Sports,Cricket Bat,6,3797.13,5,21643.64,13302.39,8341.25,Net Banking,CUST2673
ORD101360,2025-09-05,Central,Electronics,Laptop,1,56052.45,0,56052.45,34370.88,21681.57,Credit Card,CUST2222
ORD101361,2024-07-29,Central,Electronics,Laptop,4,47720.84,5,181339.19,113135.05,68204.14,COD,CUST1295
ORD101362,2024-01-06,Central,Apparel,Jeans,6,3159.3,0,18955.8,10934.72,8021.08,UPI,CUST3291
ORD101363,2024-11-22,Central,Sports,Yoga Mat,11,2262.24,25,18663.48,16415.68,2247.8,Debit Card,CUST2403
ORD101364,2024-12-30,Central,Beauty,Face Wash,10,3596.08,25,26970.6,27503.94,-533.34,Net Banking,CUST2648
ORD101365,2024-02-15,North,Beauty,Hair Serum,8,1779.93,0,14239.44,9406.55,4832.89,UPI,CUST1123
ORD101366,2024-01-10,West,Apparel,Kurta,9,3567.29,5,30500.33,18804.45,11695.88,Debit Card,CUST1441
ORD101367,2024-08-04,Central,Home & Kitchen,Cookware Set,2,3304.8,20,5287.68,3833.17,1454.51,Debit Card,CUST1625
ORD101368,2025-10-28,East,Beauty,Lipstick,5,331.19,10,1490.36,1267.95,222.41,Debit Card,CUST2088
ORD101369,2025-05-30,West,Home & Kitchen,Air Fryer,9,3670.21,0,33031.89,25632.36,7399.53,COD,CUST2097
ORD101370,2024-07-05,Central,Home & Kitchen,Cookware Set,1,344.45,0,344.45,251.48,92.97,Debit Card,CUST1140
ORD101371,2024-09-21,Central,Apparel,Sneakers,11,1404.25,15,13129.74,10074.34,3055.4,Net Banking,CUST2749
ORD101372,2025-07-21,West,Home & Kitchen,Bedsheet Set,6,456.67,0,2740.02,1813.86,926.16,COD,CUST1639
ORD101373,2025-03-06,East,Electronics,Smartphone,10,19378.59,25,145339.42,137664.52,7674.9,Debit Card,CUST1966
ORD101374,2025-07-13,South,Electronics,Tablet,10,52525.52,0,525255.2,301306.91,223948.29,Net Banking,CUST1256
ORD101375,2025-07-30,South,Electronics,Headphones,1,34304.69,0,34304.69,20072.52,14232.17,UPI,CUST2440
ORD101376,2024-12-22,East,Home & Kitchen,Mixer Grinder,9,2090.67,5,17875.23,11682.44,6192.79,Debit Card,CUST1055
ORD101377,2025-07-30,North,Sports,Yoga Mat,5,3853.18,5,18302.6,10905.72,7396.88,Credit Card,CUST1256
ORD101378,2025-11-02,South,Beauty,Lipstick,10,3916.32,0,39163.2,26312.46,12850.74,UPI,CUST3460
ORD101379,2025-03-09,Central,Home & Kitchen,Air Fryer,2,3236.24,10,5825.23,4033.85,1791.38,UPI,CUST2596
ORD101380,2025-07-14,East,Apparel,Jacket,4,1138.22,10,4097.59,3050.45,1047.14,Credit Card,CUST1976
ORD101381,2024-06-26,Central,Sports,Football,5,3872.43,5,18394.04,12117.23,6276.81,UPI,CUST1246
ORD101382,2024-05-27,West,Electronics,Headphones,6,40176.59,25,180794.65,169153.08,11641.57,UPI,CUST1737
ORD101383,2024-03-05,Central,Beauty,Face Wash,8,3803.33,0,30426.64,20782.06,9644.58,Net Banking,CUST1600
ORD101384,2025-04-20,West,Electronics,Tablet,3,11788.59,0,35365.77,25977.49,9388.28,Credit Card,CUST2242
ORD101385,2024-01-12,East,Electronics,Headphones,9,11465.42,0,103188.78,58835.88,44352.9,COD,CUST2481
ORD101386,2024-03-20,South,Beauty,Face Wash,7,3699.65,0,25897.55,20462.75,5434.8,Debit Card,CUST1111
ORD101387,2024-10-18,North,Electronics,Smartwatch,6,41693.03,5,237650.27,169643.28,68006.99,Net Banking,CUST2896
ORD101388,2025-04-30,East,Sports,Cricket Bat,6,2750.8,15,14029.08,11374.62,2654.46,Debit Card,CUST2648
ORD101389,2025-06-30,East,Sports,Yoga Mat,4,774.36,25,2323.08,1762.44,560.64,Debit Card,CUST1146
ORD101390,2024-05-01,North,Apparel,Jeans,1,3791.23,0,3791.23,2914.85,876.38,COD,CUST1503
ORD101391,2025-10-29,South,Beauty,Face Wash,1,2670.87,5,2537.33,1598.88,938.45,COD,CUST2189
ORD101392,2025-08-19,South,Home & Kitchen,Bedsheet Set,9,2379.65,0,21416.85,16602.92,4813.93,UPI,CUST2025
ORD101393,2025-09-09,West,Home & Kitchen,Mixer Grinder,8,533.06,10,3838.03,2474.42,1363.61,Debit Card,CUST3022
ORD101394,2025-04-16,West,Electronics,Tablet,3,21893.47,0,65680.41,47346.29,18334.12,Net Banking,CUST3028
ORD101395,2025-07-19,Central,Electronics,Smartwatch,8,46721.08,15,317703.34,259747.38,57955.96,COD,CUST3289
ORD101396,2024-07-21,West,Apparel,Jeans,1,3595.25,0,3595.25,2290.72,1304.53,Debit Card,CUST3438
ORD101397,2025-11-18,West,Apparel,Sneakers,5,387.19,0,1935.95,1497.96,437.99,Debit Card,CUST3181
ORD101398,2025-09-10,Central,Apparel,Kurta,1,1310.36,10,1179.32,770.01,409.31,Debit Card,CUST1565
ORD101399,2024-08-22,North,Apparel,Jeans,4,2125.7,5,8077.66,5383.83,2693.83,Net Banking,CUST1656
ORD101400,2024-03-30,Central,Beauty,Lipstick,4,1869.75,0,7479.0,5656.25,1822.75,Credit Card,CUST2556
ORD101401,2024-02-21,West,Electronics,Smartwatch,2,51864.5,0,103729.0,62055.46,41673.54,Net Banking,CUST1671
ORD101402,2024-08-19,East,Home & Kitchen,Cookware Set,5,873.86,10,3932.37,2565.31,1367.06,Net Banking,CUST2716
ORD101403,2024-09-16,East,Sports,Cricket Bat,1,2976.78,0,2976.78,2297.98,678.8,UPI,CUST2046
ORD101404,2024-05-08,Central,Home & Kitchen,Bedsheet Set,3,856.11,5,2439.91,1937.53,502.38,UPI,CUST1512
ORD101405,2025-10-04,South,Beauty,Face Wash,3,961.22,0,2883.66,1787.58,1096.08,UPI,CUST1188
ORD101406,2025-01-22,North,Home & Kitchen,Cookware Set,1,666.68,10,600.01,423.29,176.72,Credit Card,CUST1386
ORD101407,2025-04-15,Central,Electronics,Laptop,5,45684.27,0,228421.35,173233.27,55188.08,UPI,CUST2758
ORD101408,2024-07-31,East,Home & Kitchen,Mixer Grinder,10,1833.02,0,18330.2,12849.49,5480.71,Credit Card,CUST3024
ORD101409,2025-06-24,West,Home & Kitchen,Bedsheet Set,7,2489.89,5,16557.77,10567.37,5990.4,Credit Card,CUST3381
ORD101410,2024-05-21,Central,Home & Kitchen,Cookware Set,1,1626.61,15,1382.62,1159.28,223.34,UPI,CUST2446
ORD101411,2025-02-20,Central,Apparel,Kurta,1,3298.93,0,3298.93,2532.59,766.34,Net Banking,CUST1984
ORD101412,2024-04-21,Central,Sports,Football,1,2064.09,10,1857.68,1141.84,715.84,UPI,CUST2502
ORD101413,2025-08-11,Central,Electronics,Smartwatch,3,5886.6,0,17659.8,12915.84,4743.96,Debit Card,CUST1466
ORD101414,2025-08-21,South,Electronics,Headphones,1,52687.24,15,44784.15,41594.34,3189.81,Credit Card,CUST1469
ORD101415,2025-05-07,Central,Home & Kitchen,Cookware Set,7,2342.51,15,13937.93,9339.8,4598.13,Net Banking,CUST1774
ORD101416,2024-04-06,North,Electronics,Smartwatch,5,52051.38,25,195192.68,169483.19,25709.49,Credit Card,CUST1131
ORD101417,2024-04-30,East,Beauty,Lipstick,5,3200.7,0,16003.5,11528.36,4475.14,Credit Card,CUST2062
ORD101418,2025-07-19,West,Electronics,Headphones,10,33776.38,0,337763.8,204716.04,133047.76,UPI,CUST2708
ORD101419,2025-05-17,East,Beauty,Face Wash,8,584.5,10,4208.4,3531.05,677.35,COD,CUST2523
ORD101420,2024-02-11,South,Sports,Cricket Bat,1,3179.86,0,3179.86,2042.57,1137.29,UPI,CUST2672
ORD101421,2024-04-15,Central,Sports,Football,3,3842.58,20,9222.19,8615.2,606.99,Credit Card,CUST2249
ORD101422,2025-04-25,Central,Electronics,Laptop,2,32947.44,10,59305.39,40516.28,18789.11,Net Banking,CUST2682
ORD101423,2025-08-23,West,Home & Kitchen,Bedsheet Set,6,2075.76,15,10586.38,9033.58,1552.8,UPI,CUST1166
ORD101424,2025-01-18,East,Electronics,Headphones,4,49639.2,15,168773.28,123721.49,45051.79,Net Banking,CUST1992
ORD101425,2024-09-14,Central,Home & Kitchen,Cookware Set,3,2425.03,25,5456.32,4304.72,1151.6,Net Banking,CUST3373
ORD101426,2025-06-12,West,Electronics,Headphones,9,15304.64,15,117080.5,99998.34,17082.16,Credit Card,CUST3354
ORD101427,2024-06-02,South,Sports,Dumbbells,8,2698.58,5,20509.21,15277.14,5232.07,UPI,CUST1632
ORD101428,2025-02-14,South,Home & Kitchen,Bedsheet Set,4,2185.05,15,7429.17,6414.26,1014.91,Credit Card,CUST2060
ORD101429,2025-08-05,West,Beauty,Perfume,1,1276.79,5,1212.95,811.41,401.54,UPI,CUST2592
ORD101430,2024-06-14,West,Sports,Yoga Mat,6,512.13,25,2304.58,2168.09,136.49,Net Banking,CUST1544
ORD101431,2024-01-10,West,Sports,Dumbbells,4,2386.07,10,8589.85,7436.53,1153.32,Debit Card,CUST1096
ORD101432,2025-05-10,South,Apparel,Jeans,3,1668.21,0,5004.63,2902.88,2101.75,Debit Card,CUST1272
ORD101433,2024-01-08,South,Sports,Yoga Mat,2,3324.81,10,5984.66,4395.98,1588.68,Net Banking,CUST2832
ORD101434,2025-05-31,West,Sports,Yoga Mat,11,3423.16,25,28241.07,29059.52,-818.45,UPI,CUST2461
ORD101435,2025-03-20,East,Sports,Yoga Mat,8,195.35,25,1172.1,969.36,202.74,Credit Card,CUST1679
ORD101436,2024-12-03,South,Sports,Cricket Bat,2,2383.88,20,3814.21,3003.9,810.31,Net Banking,CUST1952
ORD101437,2024-08-18,East,Apparel,T-Shirt,6,3252.13,10,17561.5,12175.11,5386.39,COD,CUST3392
ORD101438,2024-06-08,West,Beauty,Lipstick,6,1970.59,0,11823.54,8390.41,3433.13,Net Banking,CUST1656
ORD101439,2025-07-29,North,Apparel,Jeans,11,1836.43,15,17170.62,13968.11,3202.51,UPI,CUST3216
ORD101440,2024-02-02,Central,Apparel,T-Shirt,9,2772.04,5,23700.94,14629.52,9071.42,Debit Card,CUST1721
ORD101441,2024-01-29,Central,Home & Kitchen,Cookware Set,7,2371.0,0,16597.0,11316.33,5280.67,UPI,CUST3114
ORD101442,2024-07-15,East,Apparel,T-Shirt,3,318.81,0,956.43,675.08,281.35,Credit Card,CUST2589
ORD101443,2024-05-17,Central,Beauty,Perfume,9,3901.25,0,35111.25,22434.11,12677.14,Debit Card,CUST1316
ORD101444,2025-08-20,South,Beauty,Lipstick,1,2131.1,0,2131.1,1342.37,788.73,COD,CUST3305
ORD101445,2025-04-24,South,Beauty,Hair Serum,8,227.2,20,1454.08,1258.36,195.72,UPI,CUST2671
ORD101446,2024-02-28,North,Apparel,Jeans,1,3050.25,10,2745.22,2188.09,557.13,COD,CUST2148
ORD101447,2024-02-10,West,Electronics,Headphones,11,51026.26,10,505159.97,426835.67,78324.3,UPI,CUST3116
ORD101448,2024-03-21,North,Apparel,Jeans,9,2734.2,0,24607.8,18003.66,6604.14,UPI,CUST1265
ORD101449,2024-10-19,East,Beauty,Hair Serum,8,2182.08,5,16583.81,12123.1,4460.71,COD,CUST1414
ORD101450,2024-12-18,West,Apparel,Sneakers,5,433.22,0,2166.1,1699.06,467.04,Credit Card,CUST3210
ORD101451,2024-01-15,East,Sports,Football,8,2997.54,5,22781.3,14821.55,7959.75,COD,CUST1426
ORD101452,2025-05-11,Central,Sports,Cricket Bat,6,2918.11,10,15757.79,12861.65,2896.14,Credit Card,CUST2170
ORD101453,2024-09-15,North,Beauty,Hair Serum,4,2392.22,0,9568.88,6367.91,3200.97,UPI,CUST2388
ORD101454,2024-03-30,North,Sports,Football,4,1168.9,10,4208.04,2688.45,1519.59,Debit Card,CUST2613
ORD101455,2025-08-25,South,Beauty,Face Wash,7,1517.87,0,10625.09,5926.3,4698.79,Net Banking,CUST1686
ORD101456,2025-07-19,East,Beauty,Hair Serum,4,1996.15,0,7984.6,4575.14,3409.46,Net Banking,CUST2100
ORD101457,2025-12-18,West,Beauty,Perfume,7,1062.72,5,7067.09,4226.07,2841.02,Net Banking,CUST3212
ORD101458,2024-10-05,Central,Sports,Cricket Bat,11,2826.74,0,31094.14,22075.09,9019.05,UPI,CUST2329
ORD101459,2024-05-03,North,Beauty,Hair Serum,3,833.03,0,2499.09,1728.77,770.32,Debit Card,CUST3497
ORD101460,2025-07-05,Central,Electronics,Laptop,6,5948.33,5,33905.48,27960.23,5945.25,Debit Card,CUST3154
ORD101461,2024-07-06,West,Apparel,Sneakers,8,841.63,25,5049.78,4351.5,698.28,Net Banking,CUST3383
ORD101462,2025-08-29,South,Beauty,Face Wash,6,2320.89,5,13229.07,10189.79,3039.28,COD,CUST2095
ORD101463,2024-01-24,West,Sports,Yoga Mat,5,663.86,15,2821.4,2646.92,174.48,Credit Card,CUST3481
ORD101464,2025-03-25,South,Home & Kitchen,Air Fryer,9,328.77,0,2958.93,2309.02,649.91,Credit Card,CUST1419
ORD101465,2024-09-05,West,Electronics,Smartphone,9,48958.21,20,352499.11,299557.9,52941.21,Net Banking,CUST3217
ORD101466,2024-11-12,West,Electronics,Tablet,6,57690.67,10,311529.62,238793.96,72735.66,Debit Card,CUST1591
ORD101467,2025-06-10,West,Sports,Yoga Mat,8,2372.11,20,15181.5,14549.06,632.44,Debit Card,CUST1528
ORD101468,2025-03-09,South,Beauty,Face Wash,6,1605.4,0,9632.4,7029.3,2603.1,Net Banking,CUST1437
ORD101469,2025-06-24,South,Sports,Yoga Mat,6,1108.43,0,6650.58,4213.5,2437.08,UPI,CUST2124
ORD101470,2025-08-05,West,Apparel,T-Shirt,3,1833.79,20,4401.1,3895.62,505.48,Net Banking,CUST1227
ORD101471,2024-10-07,East,Home & Kitchen,Bedsheet Set,8,1280.48,5,9731.65,7817.15,1914.5,UPI,CUST2420
ORD101472,2024-09-09,South,Electronics,Laptop,5,34969.21,5,166103.75,105752.15,60351.6,Credit Card,CUST1259
ORD101473,2024-08-21,North,Sports,Dumbbells,3,3745.71,0,11237.13,6593.09,4644.04,COD,CUST2477
ORD101474,2025-03-14,Central,Beauty,Hair Serum,9,1049.28,0,9443.52,5283.22,4160.3,Credit Card,CUST3071
ORD101475,2025-02-28,South,Sports,Football,10,1363.58,0,13635.8,7864.42,5771.38,UPI,CUST2883
ORD101476,2024-12-13,West,Sports,Football,2,1139.27,0,2278.54,1380.28,898.26,COD,CUST2851
ORD101477,2025-02-05,Central,Beauty,Face Wash,1,1919.08,5,1823.13,1336.95,486.18,Debit Card,CUST1897
ORD101478,2024-12-18,Central,Electronics,Laptop,7,54375.45,10,342565.34,243071.42,99493.92,Net Banking,CUST2936
ORD101479,2025-11-09,North,Sports,Yoga Mat,7,2951.18,5,19625.35,15786.68,3838.67,UPI,CUST1546
ORD101480,2024-09-23,East,Apparel,T-Shirt,9,1660.67,5,14198.73,8689.34,5509.39,Credit Card,CUST1899
ORD101481,2025-05-16,Central,Apparel,T-Shirt,6,2183.67,10,11791.82,7885.68,3906.14,Debit Card,CUST3367
ORD101482,2025-02-04,North,Home & Kitchen,Air Fryer,9,2338.03,5,19990.16,11926.97,8063.19,Credit Card,CUST1897
ORD101483,2025-09-14,South,Electronics,Smartwatch,3,52012.36,0,156037.08,121427.56,34609.52,UPI,CUST3345
ORD101484,2024-08-20,West,Home & Kitchen,Cookware Set,7,3192.5,0,22347.5,15060.28,7287.22,Debit Card,CUST1705
ORD101485,2024-08-21,North,Home & Kitchen,Mixer Grinder,7,1040.69,0,7284.83,4364.87,2919.96,Net Banking,CUST1889
ORD101486,2025-08-14,West,Home & Kitchen,Air Fryer,10,185.42,10,1668.78,1166.47,502.31,Credit Card,CUST1799
ORD101487,2024-12-29,East,Beauty,Face Wash,10,1805.71,25,13542.82,11275.55,2267.27,COD,CUST2287
ORD101488,2024-03-04,East,Apparel,T-Shirt,11,3034.26,0,33376.86,23454.42,9922.44,Net Banking,CUST1974
ORD101489,2024-04-19,Central,Sports,Football,2,1827.58,0,3655.16,2365.47,1289.69,UPI,CUST1165
ORD101490,2024-01-26,North,Apparel,Kurta,11,511.21,5,5342.14,3885.98,1456.16,Credit Card,CUST3447
ORD101491,2024-07-25,West,Sports,Cricket Bat,11,3788.12,5,39585.85,28868.65,10717.2,Debit Card,CUST3024
ORD101492,2024-06-11,Central,Home & Kitchen,Bedsheet Set,4,2874.97,5,10924.89,8902.36,2022.53,Net Banking,CUST2995
ORD101493,2025-06-16,South,Home & Kitchen,Air Fryer,4,1720.66,0,6882.64,5130.47,1752.17,Debit Card,CUST1332
ORD101494,2024-05-06,Central,Sports,Football,1,3969.55,0,3969.55,2973.26,996.29,COD,CUST1302
ORD101495,2025-04-08,Central,Beauty,Perfume,11,2726.36,10,26990.96,19734.99,7255.97,UPI,CUST1646
ORD101496,2024-01-01,North,Home & Kitchen,Cookware Set,1,1092.48,10,983.23,633.98,349.25,Credit Card,CUST1234
ORD101497,2024-12-14,North,Electronics,Smartwatch,4,6663.03,5,25319.51,21134.8,4184.71,UPI,CUST2909
ORD101498,2024-02-20,West,Sports,Football,1,1153.57,15,980.53,883.49,97.04,Credit Card,CUST1467
ORD101499,2024-05-21,Central,Home & Kitchen,Air Fryer,4,3111.61,10,11201.8,7894.78,3307.02,UPI,CUST1901
ORD101500,2025-11-03,East,Electronics,Laptop,7,6965.53,5,46320.77,38985.3,7335.47,Net Banking,CUST1463
ORD101501,2024-10-06,East,Electronics,Headphones,7,33882.7,10,213461.01,142872.69,70588.32,Debit Card,CUST1912
ORD101502,2025-05-11,North,Sports,Dumbbells,8,692.34,10,4984.85,4055.55,929.3,Credit Card,CUST2334
ORD101503,2025-02-06,West,Home & Kitchen,Air Fryer,2,3808.31,0,7616.62,5337.37,2279.25,Debit Card,CUST1549
ORD101504,2025-10-04,South,Sports,Cricket Bat,6,2189.76,10,11824.7,9957.63,1867.07,UPI,CUST1477
ORD101505,2025-11-13,West,Home & Kitchen,Air Fryer,10,3088.73,10,27798.57,19005.3,8793.27,COD,CUST2446
ORD101506,2025-10-01,West,Electronics,Laptop,5,1764.27,10,7939.22,6184.05,1755.17,UPI,CUST2689
ORD101507,2024-10-19,West,Beauty,Lipstick,11,474.89,0,5223.79,2897.8,2325.99,COD,CUST2145
ORD101508,2024-10-25,East,Electronics,Tablet,7,9394.21,20,52607.58,48620.4,3987.18,Debit Card,CUST3409
ORD101509,2025-08-11,South,Home & Kitchen,Mixer Grinder,6,921.31,0,5527.86,3991.52,1536.34,Debit Card,CUST1007
ORD101510,2025-06-27,North,Home & Kitchen,Air Fryer,4,2008.82,0,8035.28,6104.75,1930.53,UPI,CUST3108
ORD101511,2025-03-13,East,Home & Kitchen,Mixer Grinder,8,3378.69,10,24326.57,16409.8,7916.77,COD,CUST1715
ORD101512,2025-05-28,Central,Sports,Yoga Mat,2,599.7,0,1199.4,722.49,476.91,Debit Card,CUST1854
ORD101513,2024-09-05,Central,Beauty,Perfume,2,552.25,10,994.05,797.25,196.8,Credit Card,CUST3268
ORD101514,2024-09-29,North,Home & Kitchen,Air Fryer,10,542.52,5,5153.94,3068.56,2085.38,Net Banking,CUST1275
ORD101515,2025-05-28,West,Beauty,Face Wash,8,2744.93,0,21959.44,15771.57,6187.87,UPI,CUST2264
ORD101516,2025-10-14,East,Home & Kitchen,Bedsheet Set,4,1001.77,10,3606.37,2977.5,628.87,UPI,CUST2525
ORD101517,2025-10-11,South,Sports,Dumbbells,5,943.86,0,4719.3,2992.58,1726.72,Credit Card,CUST1969
ORD101518,2024-01-29,South,Home & Kitchen,Mixer Grinder,9,1035.83,5,8856.35,7052.96,1803.39,Credit Card,CUST1060
ORD101519,2024-05-04,West,Beauty,Face Wash,8,3313.35,0,26506.8,18627.04,7879.76,Debit Card,CUST3290
ORD101520,2025-05-04,East,Apparel,Jeans,9,570.73,15,4366.08,2952.2,1413.88,COD,CUST1081
ORD101521,2025-06-05,East,Sports,Dumbbells,11,3896.22,25,32143.82,26446.6,5697.22,UPI,CUST1025
ORD101522,2025-05-13,South,Electronics,Tablet,1,6225.02,10,5602.52,3472.28,2130.24,UPI,CUST2479
ORD101523,2025-08-10,West,Electronics,Smartwatch,11,26454.68,0,291001.48,211404.02,79597.46,Debit Card,CUST2854
ORD101524,2024-01-12,East,Electronics,Smartphone,1,21630.08,0,21630.08,15372.36,6257.72,Credit Card,CUST1085
ORD101525,2025-04-20,East,Sports,Cricket Bat,7,2582.33,0,18076.31,14229.01,3847.3,COD,CUST2975
ORD101526,2024-04-14,Central,Electronics,Smartphone,2,28971.32,0,57942.64,38374.3,19568.34,Net Banking,CUST1761
ORD101527,2024-12-19,East,Electronics,Tablet,11,25007.84,10,247577.62,198466.21,49111.41,UPI,CUST2110
ORD101528,2025-07-06,South,Home & Kitchen,Cookware Set,6,2287.36,10,12351.74,9376.61,2975.13,Net Banking,CUST3089
ORD101529,2024-04-02,West,Home & Kitchen,Air Fryer,9,1358.06,0,12222.54,7375.7,4846.84,Credit Card,CUST1291
ORD101530,2025-04-08,South,Home & Kitchen,Cookware Set,4,2693.8,25,8081.4,7891.97,189.43,Net Banking,CUST1073
ORD101531,2024-12-01,Central,Electronics,Smartphone,4,14534.6,5,55231.48,35324.06,19907.42,Debit Card,CUST2244
ORD101532,2024-09-18,South,Sports,Cricket Bat,10,2199.37,20,17594.96,12553.12,5041.84,Debit Card,CUST2660
ORD101533,2025-11-30,East,Home & Kitchen,Air Fryer,1,1103.12,15,937.65,817.13,120.52,UPI,CUST1835
ORD101534,2025-10-29,South,Home & Kitchen,Cookware Set,7,3854.86,5,25634.82,16173.37,9461.45,Credit Card,CUST1857
ORD101535,2024-09-01,Central,Home & Kitchen,Air Fryer,2,2073.53,0,4147.06,3290.43,856.63,COD,CUST1464
ORD101536,2025-09-13,North,Electronics,Laptop,6,19994.77,10,107971.76,75363.11,32608.65,COD,CUST1402
ORD101537,2025-02-12,West,Electronics,Smartphone,2,59362.57,10,106852.63,94533.42,12319.21,Credit Card,CUST1323
ORD101538,2025-02-17,West,Electronics,Smartwatch,11,56030.2,15,523882.37,374977.9,148904.47,UPI,CUST1392
ORD101539,2024-07-22,Central,Sports,Football,2,2310.43,5,4389.82,3454.79,935.03,Net Banking,CUST1341
ORD101540,2024-05-12,South,Home & Kitchen,Air Fryer,11,1675.55,25,13823.29,12620.57,1202.72,Debit Card,CUST3185
ORD101541,2024-07-26,Central,Electronics,Smartwatch,10,25046.51,5,237941.84,140022.97,97918.87,UPI,CUST3365
ORD101542,2024-04-22,North,Electronics,Smartwatch,5,1527.73,0,7638.65,5960.19,1678.46,COD,CUST1830
ORD101543,2025-01-01,West,Home & Kitchen,Bedsheet Set,9,1080.17,10,8749.38,5825.04,2924.34,UPI,CUST1634
ORD101544,2025-07-13,Central,Apparel,Jeans,8,2870.22,5,21813.67,17622.75,4190.92,Net Banking,CUST1581
ORD101545,2024-06-19,South,Home & Kitchen,Bedsheet Set,11,3856.72,0,42423.92,27794.35,14629.57,Net Banking,CUST2616
ORD101546,2024-06-23,West,Home & Kitchen,Bedsheet Set,7,225.09,15,1339.29,909.21,430.08,Credit Card,CUST3396
ORD101547,2025-03-18,North,Electronics,Smartwatch,1,48998.8,15,41648.98,32907.49,8741.49,Net Banking,CUST1822
ORD101548,2025-09-22,South,Beauty,Hair Serum,9,1259.39,0,11334.51,8303.99,3030.52,Net Banking,CUST1340
ORD101549,2025-04-16,Central,Home & Kitchen,Cookware Set,9,3492.94,0,31436.46,17304.29,14132.17,Credit Card,CUST2116
ORD101550,2025-01-28,East,Beauty,Face Wash,8,3965.3,5,30136.28,19070.82,11065.46,Debit Card,CUST2980
ORD101551,2024-05-01,Central,Electronics,Headphones,10,1379.6,0,13796.0,9985.53,3810.47,COD,CUST2233
ORD101552,2025-12-30,South,Beauty,Hair Serum,1,1500.34,15,1275.29,1043.64,231.65,Debit Card,CUST3127
ORD101553,2025-04-24,South,Apparel,Kurta,6,160.94,20,772.51,557.88,214.63,COD,CUST1201
ORD101554,2024-12-11,East,Beauty,Face Wash,1,639.08,0,639.08,400.29,238.79,UPI,CUST3313
ORD101555,2025-10-01,West,Sports,Football,4,3926.8,20,12565.76,12165.71,400.05,Debit Card,CUST1400
ORD101556,2025-12-24,South,Home & Kitchen,Cookware Set,10,2316.9,0,23169.0,14452.29,8716.71,Credit Card,CUST3345
ORD101557,2024-11-12,North,Sports,Football,10,3246.57,0,32465.7,19878.78,12586.92,Debit Card,CUST1270
ORD101558,2025-04-18,East,Sports,Football,3,2389.36,25,5376.06,5306.99,69.07,Debit Card,CUST1762
ORD101559,2025-01-24,South,Electronics,Smartwatch,4,12339.01,5,46888.24,36979.37,9908.87,Net Banking,CUST3303
ORD101560,2024-11-04,Central,Beauty,Face Wash,11,3650.54,0,40155.94,22579.21,17576.73,Credit Card,CUST2250
ORD101561,2025-08-15,East,Sports,Football,2,2757.77,0,5515.54,3601.3,1914.24,COD,CUST3446
ORD101562,2025-12-09,South,Electronics,Smartphone,3,13124.92,10,35437.28,30645.43,4791.85,UPI,CUST2715
ORD101563,2025-02-15,South,Sports,Cricket Bat,2,936.32,0,1872.64,1496.28,376.36,UPI,CUST3320
ORD101564,2025-10-08,West,Beauty,Lipstick,9,1411.47,0,12703.23,8567.34,4135.89,Debit Card,CUST1651
ORD101565,2024-06-24,South,Sports,Football,3,203.7,10,549.99,391.88,158.11,UPI,CUST2256
ORD101566,2024-11-22,Central,Home & Kitchen,Air Fryer,4,1468.53,0,5874.12,3333.04,2541.08,Net Banking,CUST1713
ORD101567,2024-04-02,North,Beauty,Lipstick,9,2649.53,0,23845.77,13315.77,10530.0,Debit Card,CUST1784
ORD101568,2025-10-10,Central,Electronics,Tablet,1,10921.91,0,10921.91,6075.69,4846.22,COD,CUST1625
ORD101569,2025-05-13,North,Apparel,Jacket,11,641.14,20,5642.03,5064.22,577.81,Net Banking,CUST3302
ORD101570,2024-03-25,North,Sports,Cricket Bat,10,1832.28,15,15574.38,10504.91,5069.47,Debit Card,CUST1036
ORD101571,2024-05-19,East,Home & Kitchen,Mixer Grinder,10,2528.12,10,22753.08,14083.76,8669.32,Credit Card,CUST2836
ORD101572,2025-09-09,Central,Apparel,Sneakers,9,2127.76,0,19149.84,11129.4,8020.44,COD,CUST1661
ORD101573,2024-08-30,West,Home & Kitchen,Bedsheet Set,3,3069.47,15,7827.15,6483.78,1343.37,COD,CUST1145
ORD101574,2024-11-18,South,Beauty,Perfume,10,3729.96,5,35434.62,21248.3,14186.32,COD,CUST2515
ORD101575,2025-07-28,Central,Apparel,Jeans,11,555.78,0,6113.58,3883.8,2229.78,COD,CUST2117
ORD101576,2025-01-07,South,Home & Kitchen,Bedsheet Set,3,2739.21,10,7395.87,5667.33,1728.54,Net Banking,CUST1039
ORD101577,2024-12-24,North,Apparel,Jeans,6,1800.36,0,10802.16,7470.49,3331.67,Credit Card,CUST1700
ORD101578,2025-05-25,West,Electronics,Laptop,4,56469.75,5,214585.05,150357.44,64227.61,COD,CUST3104
ORD101579,2024-08-05,South,Apparel,T-Shirt,11,779.95,0,8579.45,4775.92,3803.53,COD,CUST1729
ORD101580,2025-01-07,Central,Beauty,Hair Serum,1,3049.0,15,2591.65,1701.97,889.68,UPI,CUST1838
ORD101581,2025-02-21,Central,Beauty,Hair Serum,5,3345.63,0,16728.15,12765.41,3962.74,COD,CUST1255
ORD101582,2024-03-21,South,Beauty,Lipstick,6,1489.9,20,7151.52,5968.11,1183.41,UPI,CUST1570
ORD101583,2025-12-04,Central,Beauty,Face Wash,8,660.53,0,5284.24,3505.26,1778.98,COD,CUST3260
ORD101584,2025-04-26,East,Apparel,Kurta,6,3876.27,15,19768.98,15401.38,4367.6,COD,CUST2600
ORD101585,2024-08-08,North,Sports,Dumbbells,4,2803.59,10,10092.92,7676.61,2416.31,Credit Card,CUST2265
ORD101586,2024-06-06,East,Sports,Football,2,807.43,0,1614.86,1120.51,494.35,Credit Card,CUST3290
ORD101587,2025-06-13,North,Sports,Football,8,2702.19,15,18374.89,13283.64,5091.25,UPI,CUST1091
ORD101588,2024-01-22,West,Sports,Dumbbells,9,1960.93,25,13236.28,13089.38,146.9,Debit Card,CUST1279
ORD101589,2024-01-19,Central,Electronics,Tablet,3,42996.63,15,109641.41,93650.03,15991.38,Credit Card,CUST2703
ORD101590,2024-08-08,North,Apparel,Sneakers,8,3257.76,5,24758.98,16399.57,8359.41,Debit Card,CUST3422
ORD101591,2025-07-10,Central,Sports,Dumbbells,10,1522.01,15,12937.08,11608.29,1328.79,Credit Card,CUST2572
ORD101592,2025-07-18,West,Home & Kitchen,Mixer Grinder,2,2112.43,5,4013.62,2797.37,1216.25,COD,CUST1754
ORD101593,2024-10-26,Central,Sports,Football,3,1890.9,0,5672.7,3188.0,2484.7,Net Banking,CUST1874
ORD101594,2024-07-26,East,Beauty,Lipstick,9,726.97,10,5888.46,4013.38,1875.08,Net Banking,CUST1607
ORD101595,2024-01-26,Central,Apparel,T-Shirt,6,651.81,0,3910.86,2265.25,1645.61,Net Banking,CUST3052
ORD101596,2025-08-11,North,Sports,Dumbbells,1,266.96,10,240.26,149.92,90.34,COD,CUST3079
ORD101597,2025-06-23,Central,Sports,Yoga Mat,3,1435.19,10,3875.01,3088.45,786.56,Credit Card,CUST1206
ORD101598,2024-11-13,East,Home & Kitchen,Mixer Grinder,11,946.32,10,9368.57,6808.39,2560.18,COD,CUST2724
ORD101599,2024-02-13,Central,Electronics,Laptop,1,33991.32,15,28892.62,19693.52,9199.1,Credit Card,CUST1591
ORD101600,2024-03-22,South,Home & Kitchen,Air Fryer,7,3601.42,10,22688.95,18470.59,4218.36,Debit Card,CUST2480
ORD101601,2025-03-15,East,Home & Kitchen,Air Fryer,8,2994.94,0,23959.52,18229.44,5730.08,Credit Card,CUST1214
ORD101602,2025-11-15,South,Electronics,Tablet,8,16368.92,15,111308.66,104617.18,6691.48,Debit Card,CUST2501
ORD101603,2024-11-04,East,Apparel,Sneakers,7,1339.06,10,8436.08,7414.5,1021.58,UPI,CUST1310
ORD101604,2024-10-26,West,Home & Kitchen,Cookware Set,2,364.64,0,729.28,566.62,162.66,UPI,CUST3013
ORD101605,2025-12-30,East,Sports,Cricket Bat,6,2652.86,10,14325.44,12559.52,1765.92,Credit Card,CUST1076
ORD101606,2025-06-04,South,Apparel,Kurta,8,3738.72,10,26918.78,22176.32,4742.46,COD,CUST1488
ORD101607,2025-04-06,South,Beauty,Hair Serum,10,847.69,15,7205.37,4948.47,2256.9,COD,CUST1756
ORD101608,2025-04-21,Central,Apparel,Jeans,11,1257.07,0,13827.77,9079.82,4747.95,Net Banking,CUST1672
ORD101609,2025-01-25,North,Electronics,Headphones,1,19103.07,5,18147.92,11983.95,6163.97,Credit Card,CUST1245
ORD101610,2025-09-26,West,Apparel,Sneakers,11,3179.83,0,34978.13,22387.42,12590.71,COD,CUST3455
ORD101611,2024-05-04,Central,Home & Kitchen,Bedsheet Set,1,864.28,10,777.85,629.33,148.52,UPI,CUST2193
ORD101612,2024-02-08,West,Beauty,Hair Serum,5,721.79,5,3428.5,2421.06,1007.44,Net Banking,CUST2122
ORD101613,2025-06-10,West,Apparel,Kurta,5,776.69,5,3689.28,2906.61,782.67,Credit Card,CUST1645
ORD101614,2025-03-30,West,Home & Kitchen,Bedsheet Set,10,2027.19,10,18244.71,13835.04,4409.67,Net Banking,CUST3196
ORD101615,2025-05-02,North,Sports,Cricket Bat,9,3651.79,0,32866.11,22653.36,10212.75,Debit Card,CUST1424
ORD101616,2024-10-19,Central,Home & Kitchen,Bedsheet Set,9,735.87,0,6622.83,4115.03,2507.8,Net Banking,CUST2588
ORD101617,2025-08-18,East,Home & Kitchen,Air Fryer,2,3530.74,10,6355.33,5074.01,1281.32,Credit Card,CUST2255
ORD101618,2024-01-07,West,Home & Kitchen,Bedsheet Set,4,2127.49,15,7233.47,5475.42,1758.05,UPI,CUST2244
ORD101619,2025-03-03,Central,Sports,Yoga Mat,11,2645.61,5,27646.62,18956.99,8689.63,Net Banking,CUST1233
ORD101620,2025-07-28,Central,Apparel,Jacket,4,3122.32,15,10615.89,7401.55,3214.34,Credit Card,CUST1318
ORD101621,2024-06-29,North,Electronics,Smartphone,9,52934.92,5,452593.57,326585.96,126007.61,COD,CUST2961
ORD101622,2024-09-16,North,Electronics,Tablet,5,19011.98,0,95059.9,74922.46,20137.44,COD,CUST2576
ORD101623,2025-05-16,East,Home & Kitchen,Cookware Set,4,914.81,0,3659.24,2926.77,732.47,Net Banking,CUST2733
ORD101624,2024-10-25,North,Apparel,T-Shirt,5,815.36,0,4076.8,2304.96,1771.84,Debit Card,CUST1593
ORD101625,2025-08-17,Central,Electronics,Smartphone,3,53123.92,0,159371.76,106123.58,53248.18,UPI,CUST3110
ORD101626,2024-11-06,North,Sports,Cricket Bat,7,3137.51,15,18668.18,15032.94,3635.24,Credit Card,CUST1258
ORD101627,2025-12-23,West,Sports,Yoga Mat,3,2986.7,10,8064.09,6396.29,1667.8,Debit Card,CUST1812
ORD101628,2024-11-26,South,Apparel,T-Shirt,5,405.22,5,1924.8,1318.34,606.46,Net Banking,CUST2518
ORD101629,2025-11-23,North,Home & Kitchen,Bedsheet Set,10,3465.74,0,34657.4,22973.93,11683.47,COD,CUST1319
ORD101630,2025-02-02,East,Home & Kitchen,Bedsheet Set,11,1111.99,10,11008.7,9410.88,1597.82,Net Banking,CUST1820
ORD101631,2025-10-02,East,Apparel,T-Shirt,2,558.45,0,1116.9,879.66,237.24,Credit Card,CUST2675
ORD101632,2025-02-13,East,Beauty,Hair Serum,11,2119.2,10,20980.08,13416.9,7563.18,Credit Card,CUST1059
ORD101633,2024-04-16,South,Home & Kitchen,Air Fryer,9,3946.36,10,31965.52,26940.82,5024.7,COD,CUST1095
ORD101634,2024-03-29,South,Electronics,Smartwatch,10,17150.98,10,154358.82,123239.21,31119.61,Debit Card,CUST3464
ORD101635,2025-11-08,West,Beauty,Perfume,3,3264.56,15,8324.63,6505.51,1819.12,Credit Card,CUST1654
ORD101636,2025-01-29,West,Apparel,Kurta,10,3334.56,5,31678.32,20636.31,11042.01,UPI,CUST2036
ORD101637,2025-04-01,West,Sports,Cricket Bat,9,2061.14,0,18550.26,14502.62,4047.64,Net Banking,CUST2024
ORD101638,2025-07-25,North,Electronics,Smartphone,10,12981.45,0,129814.5,84793.48,45021.02,Credit Card,CUST2067
ORD101639,2024-03-18,West,Sports,Dumbbells,2,1580.13,5,3002.25,2162.54,839.71,Credit Card,CUST2910
ORD101640,2025-04-18,North,Beauty,Perfume,10,3539.62,5,33626.39,23114.55,10511.84,Credit Card,CUST1186
ORD101641,2024-08-30,South,Beauty,Lipstick,8,3849.93,0,30799.44,18261.76,12537.68,Net Banking,CUST1534
ORD101642,2024-07-28,Central,Beauty,Face Wash,3,3796.61,0,11389.83,7681.44,3708.39,COD,CUST1321
ORD101643,2025-08-01,West,Beauty,Hair Serum,7,805.91,5,5359.3,3940.41,1418.89,Credit Card,CUST2872
ORD101644,2025-10-29,North,Sports,Yoga Mat,3,703.76,0,2111.28,1587.77,523.51,COD,CUST1906
ORD101645,2025-02-04,Central,Beauty,Face Wash,6,2793.31,5,15921.87,11935.23,3986.64,Debit Card,CUST2910
ORD101646,2024-04-10,East,Home & Kitchen,Air Fryer,7,874.03,5,5812.3,4371.9,1440.4,COD,CUST2018
ORD101647,2024-06-04,East,Electronics,Smartphone,10,554.26,5,5265.47,3135.95,2129.52,Debit Card,CUST1979
ORD101648,2024-11-27,West,Home & Kitchen,Mixer Grinder,3,1919.06,0,5757.18,4069.62,1687.56,Net Banking,CUST3149
ORD101649,2025-04-25,Central,Apparel,Jeans,6,3030.6,20,14546.88,13926.58,620.3,Credit Card,CUST3133
ORD101650,2025-02-27,East,Beauty,Perfume,5,3252.98,0,16264.9,11646.18,4618.72,COD,CUST1116
ORD101651,2025-06-28,West,Electronics,Headphones,5,54059.83,15,229754.28,194799.68,34954.6,Credit Card,CUST1798
ORD101652,2024-10-12,South,Beauty,Perfume,3,1704.67,0,5114.01,3267.81,1846.2,Credit Card,CUST1906
ORD101653,2024-01-13,Central,Apparel,T-Shirt,11,3011.83,0,33130.13,21983.23,11146.9,UPI,CUST1840
ORD101654,2024-03-11,North,Beauty,Hair Serum,2,457.93,0,915.86,638.98,276.88,Debit Card,CUST1987
ORD101655,2025-06-18,Central,Home & Kitchen,Bedsheet Set,2,2976.18,0,5952.36,4192.64,1759.72,COD,CUST1931
ORD101656,2024-11-20,East,Electronics,Smartphone,3,55907.59,10,150950.49,123608.48,27342.01,Credit Card,CUST3000
ORD101657,2024-11-29,West,Home & Kitchen,Mixer Grinder,11,1540.88,0,16949.68,10953.95,5995.73,Credit Card,CUST1702
ORD101658,2025-02-12,West,Apparel,Kurta,6,2043.72,0,12262.32,8802.41,3459.91,Debit Card,CUST1347
ORD101659,2024-06-07,South,Apparel,Kurta,9,1108.38,10,8977.88,5661.35,3316.53,Credit Card,CUST1676
ORD101660,2025-08-11,West,Electronics,Laptop,5,24033.84,0,120169.2,73745.45,46423.75,Credit Card,CUST2594
ORD101661,2025-07-19,South,Beauty,Face Wash,6,1733.93,20,8322.86,6050.64,2272.22,UPI,CUST1857
ORD101662,2024-09-17,North,Electronics,Laptop,9,16858.36,15,128966.45,96772.02,32194.43,Net Banking,CUST2245
ORD101663,2024-02-21,Central,Electronics,Smartwatch,4,18669.88,10,67211.57,51649.17,15562.4,UPI,CUST2415
ORD101664,2025-09-20,North,Sports,Cricket Bat,10,2969.12,0,29691.2,21289.93,8401.27,Credit Card,CUST1260
ORD101665,2025-06-11,North,Beauty,Perfume,1,2110.51,10,1899.46,1348.82,550.64,UPI,CUST3067
ORD101666,2025-09-15,West,Beauty,Lipstick,8,677.32,5,5147.63,3151.63,1996.0,Net Banking,CUST2963
ORD101667,2024-08-19,Central,Electronics,Tablet,6,28951.01,25,130279.54,125357.17,4922.37,UPI,CUST3135
ORD101668,2024-01-20,North,Home & Kitchen,Cookware Set,6,992.36,5,5656.45,3506.02,2150.43,Debit Card,CUST1591
ORD101669,2025-08-05,North,Apparel,Jacket,11,290.6,10,2876.94,1993.31,883.63,Credit Card,CUST2443
ORD101670,2024-01-07,West,Home & Kitchen,Cookware Set,3,1061.73,10,2866.67,1991.93,874.74,UPI,CUST3263
ORD101671,2024-04-13,West,Home & Kitchen,Cookware Set,7,3532.34,0,24726.38,17619.38,7107.0,UPI,CUST3092
ORD101672,2024-07-16,South,Sports,Cricket Bat,8,1159.13,0,9273.04,6052.28,3220.76,Credit Card,CUST1026
ORD101673,2024-06-14,South,Sports,Football,2,3782.73,0,7565.46,5112.49,2452.97,Credit Card,CUST1372
ORD101674,2025-09-07,North,Beauty,Face Wash,5,339.26,10,1526.67,1294.97,231.7,Credit Card,CUST1124
ORD101675,2025-06-20,Central,Apparel,T-Shirt,2,223.32,10,401.98,349.84,52.14,Net Banking,CUST1253
ORD101676,2024-04-30,South,Beauty,Hair Serum,5,386.0,5,1833.5,1301.13,532.37,UPI,CUST3135
ORD101677,2025-04-06,Central,Apparel,Jacket,8,974.95,0,7799.6,5409.59,2390.01,COD,CUST1744
ORD101678,2025-08-28,South,Beauty,Perfume,7,1069.25,15,6362.04,5583.47,778.57,Debit Card,CUST2531
ORD101679,2025-07-11,South,Electronics,Tablet,11,41774.73,5,436545.93,317708.65,118837.28,COD,CUST2404
ORD101680,2024-06-05,East,Sports,Cricket Bat,7,2603.96,10,16404.95,11047.18,5357.77,Net Banking,CUST2137
ORD101681,2025-01-23,Central,Beauty,Face Wash,7,3709.91,0,25969.37,14899.17,11070.2,UPI,CUST3350
ORD101682,2025-08-29,Central,Apparel,T-Shirt,1,3742.92,20,2994.34,2914.01,80.33,Credit Card,CUST3063
ORD101683,2025-07-09,Central,Sports,Dumbbells,10,178.0,0,1780.0,1169.83,610.17,Debit Card,CUST1823
ORD101684,2024-11-15,South,Apparel,Sneakers,4,1672.6,0,6690.4,5099.41,1590.99,Net Banking,CUST3278
ORD101685,2025-06-04,North,Electronics,Laptop,9,3302.55,20,23778.36,20265.3,3513.06,UPI,CUST2786
ORD101686,2025-08-18,South,Beauty,Hair Serum,2,2485.87,10,4474.57,3527.45,947.12,UPI,CUST1647
ORD101687,2024-05-19,East,Electronics,Smartphone,9,9035.23,5,77251.22,48702.98,28548.24,Net Banking,CUST3487
ORD101688,2024-09-26,East,Apparel,Sneakers,6,980.21,0,5881.26,3944.7,1936.56,Net Banking,CUST2596
ORD101689,2025-04-24,North,Sports,Football,1,2979.68,0,2979.68,2281.02,698.66,Credit Card,CUST3340
ORD101690,2024-01-25,South,Electronics,Tablet,9,9618.53,10,77910.09,60458.46,17451.63,UPI,CUST2669
ORD101691,2025-09-29,Central,Electronics,Smartwatch,11,23744.41,0,261188.51,154840.68,106347.83,Credit Card,CUST1574
ORD101692,2024-10-20,West,Electronics,Laptop,2,38684.42,0,77368.84,59835.8,17533.04,Debit Card,CUST2639
ORD101693,2025-06-29,West,Sports,Dumbbells,4,1651.75,15,5615.95,5168.76,447.19,UPI,CUST2196
ORD101694,2025-03-14,North,Home & Kitchen,Cookware Set,3,3158.86,20,7581.26,5794.34,1786.92,Net Banking,CUST3131
ORD101695,2025-04-08,South,Apparel,T-Shirt,7,170.5,10,1074.15,757.63,316.52,COD,CUST2603
ORD101696,2024-08-13,South,Apparel,Sneakers,10,2313.63,0,23136.3,14696.66,8439.64,Credit Card,CUST1763
ORD101697,2025-06-10,North,Beauty,Hair Serum,11,1884.57,0,20730.27,14287.37,6442.9,COD,CUST3172
ORD101698,2024-04-22,Central,Apparel,Jeans,5,2196.66,0,10983.3,7209.34,3773.96,COD,CUST3390
ORD101699,2025-08-02,East,Apparel,Sneakers,1,1666.81,0,1666.81,986.85,679.96,UPI,CUST1611
ORD101700,2024-09-08,East,Beauty,Perfume,6,2796.38,5,15939.37,10328.74,5610.63,Net Banking,CUST3248
ORD101701,2024-08-04,South,Apparel,Jacket,8,2604.16,10,18749.95,11517.63,7232.32,Credit Card,CUST2613
ORD101702,2025-03-10,East,Sports,Cricket Bat,2,2123.44,5,4034.54,3017.75,1016.79,UPI,CUST2599
ORD101703,2025-05-23,West,Electronics,Smartwatch,4,28698.76,0,114795.04,77915.11,36879.93,COD,CUST2876
ORD101704,2025-09-12,South,Apparel,Jacket,1,1589.62,10,1430.66,893.1,537.56,Net Banking,CUST3033
ORD101705,2025-08-13,Central,Sports,Yoga Mat,1,1828.79,10,1645.91,1161.54,484.37,UPI,CUST1496
ORD101706,2025-05-19,North,Sports,Yoga Mat,4,772.15,0,3088.6,2286.09,802.51,COD,CUST1717
ORD101707,2024-05-24,South,Sports,Football,9,2688.87,20,19359.86,13855.09,5504.77,Debit Card,CUST2477
ORD101708,2025-11-29,East,Beauty,Hair Serum,6,3279.77,0,19678.62,14065.01,5613.61,Credit Card,CUST3098
ORD101709,2025-02-06,South,Beauty,Perfume,3,584.5,5,1665.82,1008.82,657.0,Net Banking,CUST1730
ORD101710,2024-02-26,Central,Beauty,Perfume,2,2322.56,0,4645.12,3712.6,932.52,UPI,CUST1710
ORD101711,2024-06-26,West,Sports,Cricket Bat,4,2884.31,5,10960.38,8748.9,2211.48,Credit Card,CUST2555
ORD101712,2024-04-15,Central,Electronics,Smartwatch,2,6625.7,15,11263.69,9725.59,1538.1,Credit Card,CUST1521
ORD101713,2024-09-20,West,Beauty,Hair Serum,5,3907.87,0,19539.35,12974.75,6564.6,Credit Card,CUST2986
ORD101714,2024-01-26,South,Beauty,Hair Serum,5,2349.58,25,8810.92,7978.99,831.93,Credit Card,CUST2161
ORD101715,2025-11-25,West,Sports,Cricket Bat,11,307.02,0,3377.22,2343.41,1033.81,UPI,CUST1080
ORD101716,2025-02-10,East,Apparel,Jacket,7,2387.03,20,13367.37,12581.25,786.12,UPI,CUST3063
ORD101717,2024-12-25,West,Electronics,Smartphone,7,49515.94,0,346611.58,271255.33,75356.25,Net Banking,CUST1776
ORD101718,2025-03-22,Central,Apparel,Sneakers,2,1175.0,5,2232.5,1355.3,877.2,Debit Card,CUST3337
ORD101719,2025-03-07,West,Electronics,Smartwatch,7,2897.93,20,16228.41,14734.83,1493.58,UPI,CUST2381
ORD101720,2025-08-30,East,Beauty,Perfume,2,3028.81,5,5754.74,4442.69,1312.05,COD,CUST1376
ORD101721,2024-04-27,West,Electronics,Smartphone,5,48187.1,0,240935.5,155336.36,85599.14,Net Banking,CUST3171
ORD101722,2025-10-19,East,Sports,Cricket Bat,5,2028.32,10,9127.44,6879.1,2248.34,COD,CUST3008
ORD101723,2025-09-19,North,Home & Kitchen,Cookware Set,9,482.06,20,3470.83,2796.4,674.43,Debit Card,CUST1119
ORD101724,2025-08-04,Central,Home & Kitchen,Mixer Grinder,3,630.23,0,1890.69,1205.75,684.94,Net Banking,CUST1400
ORD101725,2024-12-30,West,Electronics,Smartphone,1,26081.53,5,24777.45,16076.72,8700.73,Net Banking,CUST3481
ORD101726,2024-04-02,East,Beauty,Face Wash,7,1069.78,0,7488.46,5286.64,2201.82,Net Banking,CUST3109
ORD101727,2024-10-26,North,Apparel,Kurta,3,2628.99,10,7098.27,4831.92,2266.35,Debit Card,CUST1252
ORD101728,2025-04-22,East,Apparel,Jeans,1,3538.95,25,2654.21,2736.49,-82.28,UPI,CUST2161
ORD101729,2025-01-02,West,Sports,Cricket Bat,11,2803.66,20,24672.21,18889.65,5782.56,Debit Card,CUST3115
ORD101730,2024-05-12,East,Apparel,Jeans,7,2765.1,0,19355.7,13484.78,5870.92,Net Banking,CUST2706
ORD101731,2024-06-02,East,Home & Kitchen,Bedsheet Set,7,1393.17,5,9264.58,6868.84,2395.74,Credit Card,CUST3249
ORD101732,2025-08-03,East,Electronics,Headphones,10,30785.76,10,277071.84,200957.68,76114.16,COD,CUST2469
ORD101733,2024-08-16,West,Beauty,Face Wash,2,2245.09,5,4265.67,3027.68,1237.99,Debit Card,CUST1553
ORD101734,2024-12-18,West,Sports,Dumbbells,4,801.05,0,3204.2,2509.41,694.79,Debit Card,CUST1260
ORD101735,2024-08-04,South,Home & Kitchen,Mixer Grinder,1,1074.27,10,966.84,619.91,346.93,COD,CUST1274
ORD101736,2024-07-24,West,Electronics,Smartphone,8,13294.41,5,101037.52,65860.45,35177.07,UPI,CUST3426
ORD101737,2024-04-16,North,Home & Kitchen,Mixer Grinder,8,1193.21,0,9545.68,5896.63,3649.05,UPI,CUST2924
ORD101738,2024-01-24,South,Home & Kitchen,Mixer Grinder,11,2544.02,10,25185.8,19211.52,5974.28,COD,CUST1910
ORD101739,2024-11-02,Central,Apparel,Jeans,8,182.99,0,1463.92,875.24,588.68,Credit Card,CUST1872
ORD101740,2024-04-27,Central,Home & Kitchen,Bedsheet Set,10,2753.15,10,24778.35,20104.14,4674.21,UPI,CUST1626
ORD101741,2025-06-08,West,Beauty,Lipstick,5,1346.7,25,5050.12,5103.59,-53.47,COD,CUST1771
ORD101742,2025-11-22,South,Electronics,Headphones,10,48625.35,15,413315.48,278779.75,134535.73,Credit Card,CUST2341
ORD101743,2025-03-11,Central,Electronics,Laptop,3,30434.03,5,86736.99,70230.54,16506.45,Net Banking,CUST1717
ORD101744,2025-10-04,East,Beauty,Lipstick,1,442.93,5,420.78,319.68,101.1,COD,CUST1786
ORD101745,2025-04-04,West,Sports,Football,6,3649.33,20,17516.78,12394.87,5121.91,Net Banking,CUST1354
ORD101746,2024-10-14,East,Sports,Yoga Mat,11,1418.25,5,14820.71,12132.68,2688.03,UPI,CUST3215
ORD101747,2025-09-12,West,Home & Kitchen,Cookware Set,10,2418.68,5,22977.46,14913.45,8064.01,Net Banking,CUST2002
ORD101748,2025-10-20,South,Home & Kitchen,Mixer Grinder,11,1700.05,20,14960.44,12080.32,2880.12,Net Banking,CUST2832
ORD101749,2025-02-12,South,Home & Kitchen,Bedsheet Set,10,529.37,15,4499.64,3207.36,1292.28,Debit Card,CUST1706
ORD101750,2025-04-16,East,Apparel,Kurta,11,743.14,10,7357.09,5188.06,2169.03,UPI,CUST1666
ORD101751,2024-10-03,South,Apparel,Jeans,2,2827.63,10,5089.73,4105.63,984.1,UPI,CUST3452
ORD101752,2025-05-08,East,Electronics,Smartphone,2,26988.92,0,53977.84,33312.41,20665.43,Debit Card,CUST2851
ORD101753,2025-09-27,East,Apparel,Sneakers,7,1106.86,0,7748.02,5754.48,1993.54,Net Banking,CUST2138
ORD101754,2024-03-30,Central,Apparel,Jeans,4,1524.21,25,4572.63,3753.48,819.15,Credit Card,CUST3419
ORD101755,2024-08-02,South,Home & Kitchen,Air Fryer,11,2796.45,10,27684.86,23153.16,4531.7,Net Banking,CUST2151
ORD101756,2025-12-23,Central,Beauty,Perfume,11,2331.27,25,19232.98,16143.93,3089.05,Net Banking,CUST2073
ORD101757,2025-08-06,West,Electronics,Smartphone,5,45552.84,0,227764.2,129632.61,98131.59,COD,CUST1567
ORD101758,2025-09-08,East,Apparel,Sneakers,4,1267.59,5,4816.84,2818.76,1998.08,UPI,CUST1356
ORD101759,2024-11-13,Central,Electronics,Tablet,9,56100.98,15,429172.5,358949.68,70222.82,Net Banking,CUST2027
ORD101760,2024-02-13,East,Home & Kitchen,Bedsheet Set,8,1705.82,0,13646.56,9252.45,4394.11,Debit Card,CUST2197
ORD101761,2024-09-11,West,Apparel,Kurta,2,2358.56,5,4481.26,3382.75,1098.51,Net Banking,CUST3116
ORD101762,2025-05-23,North,Electronics,Smartwatch,6,48124.73,20,230998.7,165921.65,65077.05,UPI,CUST2440
ORD101763,2024-06-07,East,Sports,Cricket Bat,5,3409.16,5,16193.51,12562.9,3630.61,Credit Card,CUST1095
ORD101764,2025-01-18,West,Beauty,Perfume,10,2050.09,20,16400.72,13311.45,3089.27,Net Banking,CUST1579
ORD101765,2025-10-01,North,Electronics,Headphones,5,21121.73,10,95047.78,67796.72,27251.06,Debit Card,CUST1692
ORD101766,2024-08-22,Central,Apparel,Kurta,8,3175.15,20,20320.96,16230.39,4090.57,UPI,CUST1819
ORD101767,2025-10-19,North,Home & Kitchen,Cookware Set,11,3556.0,10,35204.4,25706.3,9498.1,Credit Card,CUST2242
ORD101768,2024-04-27,North,Sports,Football,1,3912.87,15,3325.94,2326.45,999.49,Debit Card,CUST2445
ORD101769,2024-07-25,West,Beauty,Perfume,1,1848.62,10,1663.76,1195.36,468.4,Net Banking,CUST1900
ORD101770,2024-08-08,East,Sports,Cricket Bat,5,2422.39,10,10900.76,7702.76,3198.0,COD,CUST3012
ORD101771,2025-03-18,East,Apparel,Sneakers,9,1967.65,5,16823.41,10851.8,5971.61,COD,CUST2498
ORD101772,2025-09-03,East,Home & Kitchen,Mixer Grinder,1,1399.95,5,1329.95,912.29,417.66,Net Banking,CUST2482
ORD101773,2024-08-05,West,Home & Kitchen,Air Fryer,8,3524.22,0,28193.76,16058.05,12135.71,Debit Card,CUST3489
ORD101774,2025-11-29,West,Electronics,Laptop,6,51289.89,10,276965.41,209269.11,67696.3,COD,CUST2746
ORD101775,2024-01-25,South,Beauty,Lipstick,6,2880.79,0,17284.74,9806.48,7478.26,COD,CUST1433
ORD101776,2024-03-06,Central,Beauty,Perfume,5,3196.71,10,14385.2,11910.88,2474.32,Debit Card,CUST1167
ORD101777,2024-02-11,South,Electronics,Laptop,8,52443.3,0,419546.4,256624.83,162921.57,Net Banking,CUST2133
ORD101778,2024-07-28,North,Beauty,Lipstick,4,263.48,0,1053.92,839.57,214.35,Debit Card,CUST1070
ORD101779,2025-06-02,North,Beauty,Face Wash,8,3279.11,10,23609.59,16652.18,6957.41,COD,CUST3228
ORD101780,2025-09-04,South,Home & Kitchen,Bedsheet Set,7,512.83,10,3230.83,2231.4,999.43,Debit Card,CUST1637
ORD101781,2025-05-30,South,Beauty,Perfume,8,2177.1,5,16545.96,10364.55,6181.41,UPI,CUST1770
ORD101782,2025-12-03,Central,Beauty,Lipstick,1,1351.69,0,1351.69,775.87,575.82,COD,CUST2940
ORD101783,2024-11-04,Central,Electronics,Headphones,7,30602.68,0,214218.76,153754.16,60464.6,Net Banking,CUST2670
ORD101784,2025-06-24,South,Beauty,Hair Serum,3,3115.01,0,9345.03,7088.5,2256.53,Credit Card,CUST2990
ORD101785,2025-04-26,East,Electronics,Laptop,1,59054.76,0,59054.76,47223.11,11831.65,Net Banking,CUST1724
ORD101786,2025-10-29,East,Beauty,Face Wash,10,379.12,0,3791.2,2961.56,829.64,COD,CUST1970
ORD101787,2025-07-19,South,Apparel,Sneakers,1,1162.82,10,1046.54,842.01,204.53,Credit Card,CUST1763
ORD101788,2025-01-08,West,Electronics,Headphones,6,42971.16,0,257826.96,148539.42,109287.54,Credit Card,CUST1943
ORD101789,2024-10-05,Central,Sports,Dumbbells,4,204.97,10,737.89,566.26,171.63,COD,CUST3228
ORD101790,2025-06-09,East,Sports,Football,4,3201.81,20,10245.79,7950.15,2295.64,COD,CUST3063
ORD101791,2024-03-31,Central,Electronics,Headphones,8,51594.19,0,412753.52,266246.14,146507.38,Debit Card,CUST1730
ORD101792,2025-08-15,South,Electronics,Headphones,1,20634.37,10,18570.93,11450.44,7120.49,Debit Card,CUST1960
ORD101793,2024-05-11,East,Electronics,Laptop,4,27567.21,0,110268.84,80373.93,29894.91,COD,CUST3051
ORD101794,2024-11-20,South,Apparel,Jacket,7,1369.85,10,8630.05,5563.99,3066.06,Credit Card,CUST3016
ORD101795,2025-05-17,West,Home & Kitchen,Air Fryer,6,2436.41,10,13156.61,9488.68,3667.93,Net Banking,CUST2088
ORD101796,2024-09-21,East,Electronics,Headphones,2,6536.16,0,13072.32,8141.52,4930.8,Debit Card,CUST2289
ORD101797,2024-11-24,South,Electronics,Tablet,3,6560.82,0,19682.46,10838.64,8843.82,UPI,CUST2523
ORD101798,2024-01-16,South,Electronics,Tablet,5,21926.8,5,104152.3,61488.15,42664.15,Debit Card,CUST2324
ORD101799,2024-01-06,East,Home & Kitchen,Air Fryer,11,2351.62,10,23281.04,15583.91,7697.13,Net Banking,CUST2318
ORD101800,2024-04-27,Central,Home & Kitchen,Mixer Grinder,5,2520.11,0,12600.55,9924.62,2675.93,Debit Card,CUST1011
ORD101801,2024-07-27,North,Home & Kitchen,Cookware Set,5,3807.77,0,19038.85,10592.36,8446.49,UPI,CUST1613
ORD101802,2025-11-13,East,Sports,Dumbbells,2,2838.13,10,5108.63,3390.17,1718.46,COD,CUST1521
ORD101803,2024-01-29,South,Beauty,Lipstick,2,2188.33,5,4157.83,2759.85,1397.98,Credit Card,CUST2451
ORD101804,2025-07-12,Central,Apparel,Jeans,7,3354.12,0,23478.84,15046.26,8432.58,UPI,CUST2612
ORD101805,2024-07-22,Central,Apparel,Kurta,2,3957.17,20,6331.47,4507.76,1823.71,Debit Card,CUST2203
ORD101806,2025-05-07,West,Sports,Cricket Bat,3,1018.92,0,3056.76,2142.88,913.88,COD,CUST1589
ORD101807,2024-10-30,South,Electronics,Smartphone,3,4339.96,0,13019.88,8105.83,4914.05,Credit Card,CUST2707
ORD101808,2024-09-10,East,Beauty,Lipstick,2,319.76,5,607.54,418.31,189.23,Net Banking,CUST1843
ORD101809,2025-06-14,Central,Apparel,Sneakers,1,3793.12,10,3413.81,2690.74,723.07,Debit Card,CUST1516
ORD101810,2024-04-02,East,Home & Kitchen,Cookware Set,1,561.64,5,533.56,406.78,126.78,Credit Card,CUST1313
ORD101811,2025-08-13,South,Electronics,Laptop,4,4521.85,10,16278.66,12362.86,3915.8,UPI,CUST2626
ORD101812,2025-04-18,South,Apparel,Jacket,1,1840.96,15,1564.82,1237.86,326.96,UPI,CUST3161
ORD101813,2025-06-06,West,Apparel,T-Shirt,7,386.8,0,2707.6,1746.5,961.1,Credit Card,CUST2685
ORD101814,2024-12-27,West,Electronics,Smartphone,2,9630.68,0,19261.36,11348.06,7913.3,COD,CUST2620
ORD101815,2025-04-08,North,Electronics,Laptop,6,20365.75,0,122194.5,71893.67,50300.83,Credit Card,CUST2595
ORD101816,2025-08-22,West,Sports,Cricket Bat,11,1715.29,5,17924.78,14108.71,3816.07,Credit Card,CUST1073
ORD101817,2025-07-31,North,Home & Kitchen,Mixer Grinder,8,1014.94,10,7307.57,5902.61,1404.96,Net Banking,CUST3425
ORD101818,2025-10-22,North,Electronics,Smartphone,10,14665.97,5,139326.71,81365.81,57960.9,Debit Card,CUST2313
ORD101819,2024-03-01,South,Apparel,Kurta,9,3129.65,15,23941.82,18966.92,4974.9,UPI,CUST1633
ORD101820,2025-11-09,North,Home & Kitchen,Mixer Grinder,10,3457.88,5,32849.86,22512.7,10337.16,UPI,CUST2642
ORD101821,2024-01-27,East,Home & Kitchen,Air Fryer,1,3423.53,10,3081.18,2131.56,949.62,UPI,CUST2817
ORD101822,2025-09-24,Central,Sports,Yoga Mat,8,883.26,5,6712.78,4012.66,2700.12,Debit Card,CUST2711
ORD101823,2024-04-30,Central,Electronics,Smartphone,5,23309.31,0,116546.55,81447.27,35099.28,Credit Card,CUST2360
ORD101824,2025-01-13,South,Sports,Yoga Mat,4,1634.06,0,6536.24,4731.18,1805.06,Net Banking,CUST1974
ORD101825,2024-03-06,North,Apparel,Kurta,11,3666.64,0,40333.04,30257.94,10075.1,Credit Card,CUST2957
ORD101826,2025-12-17,West,Apparel,Kurta,10,1835.44,0,18354.4,12313.94,6040.46,Net Banking,CUST2040
ORD101827,2024-10-22,West,Sports,Yoga Mat,10,509.85,5,4843.58,3010.96,1832.62,Credit Card,CUST1374
ORD101828,2024-02-04,West,Apparel,Jacket,1,3950.6,0,3950.6,2698.22,1252.38,COD,CUST3123
ORD101829,2025-05-08,South,Apparel,Kurta,10,2841.56,20,22732.48,18281.02,4451.46,COD,CUST3342
ORD101830,2025-03-26,North,Electronics,Headphones,2,16372.68,5,31108.09,25135.3,5972.79,COD,CUST2922
ORD101831,2024-08-20,South,Electronics,Tablet,8,18465.56,10,132952.03,83003.35,49948.68,COD,CUST2851
ORD101832,2025-04-14,Central,Home & Kitchen,Air Fryer,3,1902.98,10,5138.05,3693.62,1444.43,Credit Card,CUST1793
ORD101833,2025-04-14,West,Electronics,Headphones,5,25614.72,0,128073.6,86873.56,41200.04,Credit Card,CUST2094
ORD101834,2025-02-07,West,Beauty,Lipstick,2,1403.97,10,2527.15,1596.78,930.37,Debit Card,CUST1909
ORD101835,2024-10-02,South,Home & Kitchen,Bedsheet Set,3,1884.74,0,5654.22,3531.12,2123.1,Debit Card,CUST2408
ORD101836,2025-08-24,West,Beauty,Lipstick,8,3873.77,5,29440.65,20092.1,9348.55,UPI,CUST2433
ORD101837,2024-01-03,East,Electronics,Smartwatch,3,14010.31,10,37827.84,28707.0,9120.84,UPI,CUST1871
ORD101838,2025-05-09,North,Electronics,Smartwatch,1,12141.19,5,11534.13,8717.05,2817.08,COD,CUST1141
ORD101839,2024-03-26,North,Beauty,Face Wash,1,3480.49,5,3306.47,2036.87,1269.6,UPI,CUST2621
ORD101840,2025-10-10,Central,Beauty,Hair Serum,1,1142.36,0,1142.36,765.59,376.77,Credit Card,CUST1868
ORD101841,2024-01-06,East,Apparel,T-Shirt,5,2975.5,0,14877.5,10522.53,4354.97,UPI,CUST3347
ORD101842,2025-06-09,Central,Home & Kitchen,Cookware Set,10,2899.24,10,26093.16,16948.05,9145.11,COD,CUST1377
ORD101843,2025-08-22,West,Electronics,Laptop,8,12428.11,0,99424.88,57807.15,41617.73,COD,CUST2803
ORD101844,2024-03-15,West,Home & Kitchen,Air Fryer,3,3391.79,0,10175.37,7729.99,2445.38,Net Banking,CUST3322
ORD101845,2025-06-13,West,Beauty,Hair Serum,7,2113.73,10,13316.5,9600.3,3716.2,Debit Card,CUST1766
ORD101846,2025-08-06,West,Home & Kitchen,Cookware Set,6,276.96,15,1412.5,1198.14,214.36,Credit Card,CUST2359
ORD101847,2025-12-03,West,Electronics,Headphones,10,21079.79,10,189718.11,149794.39,39923.72,COD,CUST2896
ORD101848,2024-07-17,North,Apparel,Jeans,5,2642.67,0,13213.35,9842.55,3370.8,Credit Card,CUST3498
ORD101849,2024-07-14,West,Electronics,Smartphone,6,16315.5,0,97893.0,78110.61,19782.39,Credit Card,CUST3056
ORD101850,2024-07-19,Central,Apparel,Sneakers,11,715.55,25,5903.29,6193.49,-290.2,Net Banking,CUST3378
ORD101851,2024-09-23,Central,Apparel,Jacket,8,2591.11,15,17619.55,16510.7,1108.85,Debit Card,CUST1354
ORD101852,2025-08-06,Central,Electronics,Smartphone,2,49393.65,0,98787.3,58907.05,39880.25,COD,CUST2170
ORD101853,2024-11-22,East,Beauty,Perfume,2,2219.46,25,3329.19,2884.31,444.88,COD,CUST2914
ORD101854,2024-07-27,Central,Beauty,Lipstick,5,1662.22,10,7479.99,6519.82,960.17,Net Banking,CUST3395
ORD101855,2024-02-19,North,Sports,Cricket Bat,4,2686.64,10,9671.9,5999.41,3672.49,COD,CUST2792
ORD101856,2024-09-29,West,Electronics,Smartwatch,9,15320.73,5,130992.24,76353.35,54638.89,Net Banking,CUST2565
ORD101857,2025-08-18,West,Beauty,Hair Serum,6,3495.46,20,16778.21,13251.85,3526.36,Credit Card,CUST2869
ORD101858,2024-07-19,Central,Electronics,Laptop,8,8024.37,10,57775.46,44292.65,13482.81,Net Banking,CUST2014
ORD101859,2025-10-08,West,Apparel,Sneakers,10,2435.94,0,24359.4,14978.3,9381.1,UPI,CUST2527
ORD101860,2024-05-21,West,Home & Kitchen,Bedsheet Set,2,1119.64,15,1903.39,1767.41,135.98,Credit Card,CUST1214
ORD101861,2024-03-11,Central,Sports,Football,9,1922.49,5,16437.29,11043.28,5394.01,Debit Card,CUST1607
ORD101862,2024-12-14,West,Sports,Football,10,3472.02,5,32984.19,27727.99,5256.2,Debit Card,CUST2465
ORD101863,2024-06-20,North,Apparel,Kurta,9,3118.87,10,25262.85,18310.97,6951.88,COD,CUST2126
ORD101864,2024-10-10,Central,Home & Kitchen,Bedsheet Set,1,2473.98,20,1979.18,1391.63,587.55,COD,CUST2292
ORD101865,2025-02-03,East,Sports,Dumbbells,7,1530.25,0,10711.75,8559.89,2151.86,Net Banking,CUST1173
ORD101866,2025-09-09,Central,Electronics,Smartphone,5,40900.11,15,173825.47,154152.84,19672.63,Credit Card,CUST2896
ORD101867,2025-10-01,East,Apparel,Jacket,7,2425.72,5,16131.04,12081.09,4049.95,Debit Card,CUST1651
ORD101868,2024-03-11,West,Electronics,Headphones,6,52187.3,5,297467.61,198518.16,98949.45,Credit Card,CUST1965
ORD101869,2025-05-19,East,Beauty,Lipstick,1,2304.36,10,2073.92,1831.0,242.92,COD,CUST2126
ORD101870,2025-05-03,South,Home & Kitchen,Mixer Grinder,5,1797.12,0,8985.6,6988.1,1997.5,UPI,CUST3343
ORD101871,2024-04-16,Central,Apparel,Jacket,10,2139.82,0,21398.2,12891.69,8506.51,Credit Card,CUST1705
ORD101872,2025-04-05,North,Electronics,Headphones,7,3678.43,5,24461.56,18801.05,5660.51,Net Banking,CUST1193
ORD101873,2024-06-06,Central,Apparel,T-Shirt,1,3315.76,10,2984.18,2623.09,361.09,Net Banking,CUST1591
ORD101874,2024-05-20,West,Electronics,Smartwatch,10,16882.18,0,168821.8,116170.65,52651.15,Debit Card,CUST1303
ORD101875,2024-03-01,East,Sports,Football,8,3275.67,10,23584.82,19192.85,4391.97,Credit Card,CUST2100
ORD101876,2025-06-23,East,Beauty,Face Wash,9,310.14,0,2791.26,1795.48,995.78,COD,CUST2611
ORD101877,2024-09-01,East,Sports,Football,10,3681.79,5,34977.0,28027.17,6949.83,Debit Card,CUST3357
ORD101878,2025-01-06,North,Electronics,Smartwatch,4,22331.34,0,89325.36,51978.94,37346.42,UPI,CUST1993
ORD101879,2024-03-18,Central,Home & Kitchen,Bedsheet Set,6,3799.17,5,21655.27,17709.92,3945.35,Net Banking,CUST3252
ORD101880,2024-04-22,East,Apparel,Kurta,8,2159.22,10,15546.38,10512.4,5033.98,Net Banking,CUST3401
ORD101881,2025-09-14,West,Beauty,Perfume,1,3365.63,20,2692.5,2543.77,148.73,Credit Card,CUST1160
ORD101882,2024-05-07,East,Sports,Yoga Mat,2,162.02,0,324.04,187.02,137.02,Net Banking,CUST1472
ORD101883,2025-07-10,Central,Electronics,Headphones,7,49474.03,10,311686.39,207697.19,103989.2,COD,CUST2975
ORD101884,2024-10-06,North,Apparel,Kurta,4,453.77,0,1815.08,1192.24,622.84,Debit Card,CUST1033
ORD101885,2025-01-20,East,Electronics,Tablet,9,30843.23,10,249830.16,179539.79,70290.37,Net Banking,CUST1851
ORD101886,2025-08-26,Central,Electronics,Tablet,8,21098.55,10,151909.56,124764.37,27145.19,COD,CUST3344
ORD101887,2024-11-03,East,Beauty,Perfume,3,2414.13,10,6518.15,4860.13,1658.02,Credit Card,CUST1791
ORD101888,2025-02-25,West,Home & Kitchen,Air Fryer,5,2904.7,0,14523.5,10709.72,3813.78,Debit Card,CUST3122
ORD101889,2025-12-14,West,Home & Kitchen,Cookware Set,11,3351.65,20,29494.52,27191.11,2303.41,COD,CUST3246
ORD101890,2024-12-19,Central,Home & Kitchen,Bedsheet Set,3,1650.63,5,4704.3,3486.18,1218.12,UPI,CUST2446
ORD101891,2024-12-13,South,Electronics,Tablet,6,54607.45,20,262115.76,225930.0,36185.76,Debit Card,CUST2439
ORD101892,2025-11-17,West,Beauty,Perfume,7,1883.98,0,13187.86,8806.56,4381.3,Net Banking,CUST1028
ORD101893,2024-01-14,Central,Sports,Football,8,2876.45,5,21861.02,14096.02,7765.0,Credit Card,CUST1294
ORD101894,2024-07-01,East,Sports,Yoga Mat,4,842.6,20,2696.32,2486.64,209.68,COD,CUST1594
ORD101895,2024-06-07,South,Apparel,Jeans,9,3766.44,5,32203.06,19101.24,13101.82,Net Banking,CUST2592
ORD101896,2025-08-09,East,Beauty,Hair Serum,6,2956.78,20,14192.54,11232.76,2959.78,Credit Card,CUST2290
ORD101897,2025-01-29,East,Apparel,Sneakers,8,176.79,0,1414.32,813.52,600.8,Net Banking,CUST2629
ORD101898,2025-01-28,Central,Apparel,Jacket,10,3034.56,20,24276.48,21178.19,3098.29,UPI,CUST2910
ORD101899,2024-10-16,North,Beauty,Perfume,11,735.77,20,6474.78,6257.86,216.92,UPI,CUST1218
ORD101900,2025-02-09,South,Apparel,T-Shirt,9,2092.87,25,14126.87,13261.7,865.17,Net Banking,CUST2791
ORD101901,2024-08-07,Central,Beauty,Hair Serum,3,3590.55,0,10771.65,7439.74,3331.91,COD,CUST3055
ORD101902,2024-07-07,South,Beauty,Face Wash,1,691.97,0,691.97,477.14,214.83,UPI,CUST3375
ORD101903,2025-07-08,North,Home & Kitchen,Cookware Set,11,598.92,5,6258.71,3665.38,2593.33,Net Banking,CUST1306
ORD101904,2024-01-04,North,Home & Kitchen,Cookware Set,9,3268.17,5,27942.85,22823.19,5119.66,COD,CUST2764
ORD101905,2024-10-02,North,Electronics,Smartphone,8,8387.75,0,67102.0,40055.33,27046.67,Net Banking,CUST1929
ORD101906,2025-01-23,North,Sports,Dumbbells,9,2951.89,0,26567.01,18653.59,7913.42,COD,CUST2676
ORD101907,2024-09-28,West,Home & Kitchen,Mixer Grinder,6,3527.89,10,19050.61,16403.93,2646.68,UPI,CUST2526
ORD101908,2024-05-26,Central,Apparel,T-Shirt,5,889.87,0,4449.35,2822.0,1627.35,Debit Card,CUST3486
ORD101909,2025-11-04,Central,Electronics,Tablet,11,34781.66,0,382598.26,297357.67,85240.59,Debit Card,CUST3456
ORD101910,2024-01-24,North,Home & Kitchen,Bedsheet Set,6,2507.4,10,13539.96,9841.85,3698.11,UPI,CUST1464
ORD101911,2024-07-26,East,Sports,Cricket Bat,8,1353.08,0,10824.64,7270.93,3553.71,Net Banking,CUST3227
ORD101912,2024-04-06,South,Sports,Football,10,1172.17,0,11721.7,7234.58,4487.12,COD,CUST1721
ORD101913,2024-04-25,North,Apparel,Jeans,7,2527.6,25,13269.9,11225.26,2044.64,UPI,CUST1693
ORD101914,2024-05-27,West,Apparel,Jacket,6,1463.25,5,8340.52,6310.68,2029.84,COD,CUST1557
ORD101915,2025-08-15,West,Home & Kitchen,Mixer Grinder,3,1246.7,0,3740.1,2641.46,1098.64,Debit Card,CUST2345
ORD101916,2024-08-28,East,Home & Kitchen,Mixer Grinder,2,3025.98,20,4841.57,4778.21,63.36,Debit Card,CUST2499
ORD101917,2024-01-27,South,Beauty,Hair Serum,2,1110.1,20,1776.16,1619.93,156.23,Net Banking,CUST1524
ORD101918,2025-01-16,West,Apparel,Jacket,8,3373.72,0,26989.76,19202.97,7786.79,Net Banking,CUST2855
ORD101919,2025-08-05,Central,Home & Kitchen,Mixer Grinder,2,1044.49,10,1880.08,1389.34,490.74,Credit Card,CUST2507
ORD101920,2024-09-16,East,Electronics,Laptop,9,7329.87,10,59371.95,45636.63,13735.32,Debit Card,CUST2542
ORD101921,2025-03-13,East,Beauty,Lipstick,8,3709.8,5,28194.48,20959.79,7234.69,Credit Card,CUST1589
ORD101922,2025-11-20,West,Sports,Yoga Mat,11,3440.77,15,32171.2,25360.88,6810.32,COD,CUST3342
ORD101923,2024-02-22,East,Electronics,Smartwatch,6,29776.95,5,169728.62,122328.44,47400.18,Net Banking,CUST1763
ORD101924,2025-06-30,East,Electronics,Laptop,1,8041.05,5,7639.0,6051.83,1587.17,UPI,CUST2489
ORD101925,2025-10-13,East,Apparel,Sneakers,3,1657.92,20,3979.01,2891.76,1087.25,COD,CUST2075
ORD101926,2024-03-19,North,Electronics,Headphones,1,26839.57,20,21471.66,17860.62,3611.04,COD,CUST2992
ORD101927,2025-04-01,East,Beauty,Hair Serum,6,1783.93,15,9098.04,7337.67,1760.37,COD,CUST2990
ORD101928,2025-01-12,East,Electronics,Laptop,11,37673.29,10,372965.57,298301.66,74663.91,Debit Card,CUST1363
ORD101929,2024-05-14,West,Electronics,Headphones,6,38474.92,5,219307.04,175972.68,43334.36,Debit Card,CUST3083
ORD101930,2024-04-04,West,Sports,Dumbbells,9,674.5,10,5463.45,3795.92,1667.53,Credit Card,CUST1753
ORD101931,2025-06-03,West,Electronics,Laptop,4,13768.67,20,44059.74,40169.19,3890.55,UPI,CUST1596
ORD101932,2024-06-03,South,Electronics,Smartwatch,3,14841.41,10,40071.81,31143.91,8927.9,Net Banking,CUST2395
ORD101933,2025-07-16,North,Home & Kitchen,Mixer Grinder,10,1795.51,25,13466.32,13120.24,346.08,UPI,CUST2871
ORD101934,2024-08-18,South,Apparel,Kurta,8,1990.67,5,15129.09,12147.89,2981.2,Debit Card,CUST2326
ORD101935,2024-03-12,West,Beauty,Lipstick,7,2345.99,20,13137.54,12251.01,886.53,COD,CUST1805
ORD101936,2024-05-04,South,Apparel,Jacket,5,790.3,10,3556.35,2461.37,1094.98,Debit Card,CUST1105
ORD101937,2024-05-10,South,Home & Kitchen,Air Fryer,5,3865.37,0,19326.85,10718.94,8607.91,Credit Card,CUST3049
ORD101938,2024-08-20,South,Beauty,Lipstick,1,3193.07,0,3193.07,1965.14,1227.93,COD,CUST3227
ORD101939,2025-12-25,North,Beauty,Perfume,5,2418.16,10,10881.72,8015.42,2866.3,Credit Card,CUST3491
ORD101940,2025-03-03,North,Sports,Yoga Mat,3,1486.13,5,4235.47,2470.97,1764.5,COD,CUST2414
ORD101941,2025-03-03,South,Apparel,Jacket,10,973.93,5,9252.33,6131.32,3121.01,Credit Card,CUST2182
ORD101942,2024-09-21,Central,Beauty,Hair Serum,4,3037.74,0,12150.96,9231.84,2919.12,Net Banking,CUST2521
ORD101943,2025-08-19,East,Apparel,T-Shirt,1,3715.65,15,3158.3,2900.47,257.83,UPI,CUST3433
ORD101944,2024-11-07,North,Sports,Cricket Bat,6,859.42,0,5156.52,3185.52,1971.0,Debit Card,CUST2548
ORD101945,2024-01-16,West,Beauty,Hair Serum,1,2896.81,20,2317.45,1657.29,660.16,Credit Card,CUST1702
ORD101946,2025-09-04,South,Apparel,Jeans,9,357.9,5,3060.04,2426.41,633.63,Net Banking,CUST3010
ORD101947,2025-03-17,West,Home & Kitchen,Bedsheet Set,5,2062.56,0,10312.8,7178.4,3134.4,UPI,CUST2428
ORD101948,2025-05-27,Central,Beauty,Perfume,6,1807.12,5,10300.58,6979.27,3321.31,UPI,CUST3073
ORD101949,2025-02-12,West,Home & Kitchen,Cookware Set,1,566.27,5,537.96,325.42,212.54,UPI,CUST1669
ORD101950,2025-12-18,North,Beauty,Perfume,6,378.45,10,2043.63,1750.21,293.42,Net Banking,CUST2022
ORD101951,2025-03-25,Central,Home & Kitchen,Cookware Set,5,3916.34,20,15665.36,12527.74,3137.62,COD,CUST1405
ORD101952,2025-09-05,Central,Apparel,Jacket,7,2993.16,15,17809.3,12986.47,4822.83,COD,CUST2309
ORD101953,2025-03-29,West,Electronics,Smartphone,10,15663.34,10,140970.06,121705.52,19264.54,UPI,CUST1350
ORD101954,2025-05-25,South,Home & Kitchen,Bedsheet Set,10,1756.94,0,17569.4,13672.07,3897.33,COD,CUST2583
ORD101955,2025-07-14,North,Beauty,Lipstick,5,2880.7,5,13683.32,9642.7,4040.62,Credit Card,CUST2268
ORD101956,2024-09-11,North,Sports,Cricket Bat,1,884.62,10,796.16,542.55,253.61,Net Banking,CUST1335
ORD101957,2024-12-23,East,Apparel,Sneakers,10,3899.43,0,38994.3,29367.15,9627.15,Debit Card,CUST2400
ORD101958,2025-04-07,North,Sports,Cricket Bat,4,3508.99,10,12632.36,9754.86,2877.5,Net Banking,CUST3455
ORD101959,2024-10-12,East,Sports,Football,2,296.06,0,592.12,461.42,130.7,COD,CUST2157
ORD101960,2025-08-10,Central,Home & Kitchen,Cookware Set,4,1254.23,5,4766.07,3686.81,1079.26,Credit Card,CUST1296
ORD101961,2025-08-28,East,Sports,Yoga Mat,9,2863.46,20,20616.91,16974.21,3642.7,UPI,CUST2369
ORD101962,2024-03-12,East,Sports,Football,2,2195.74,0,4391.48,2727.85,1663.63,COD,CUST1973
ORD101963,2024-06-16,East,Apparel,T-Shirt,9,1826.69,0,16440.21,12273.37,4166.84,Debit Card,CUST3469
ORD101964,2025-04-22,East,Beauty,Perfume,8,371.65,15,2527.22,1920.0,607.22,Credit Card,CUST3125
ORD101965,2024-02-07,South,Home & Kitchen,Mixer Grinder,10,3301.39,5,31363.2,23122.51,8240.69,COD,CUST2659
ORD101966,2024-04-01,West,Home & Kitchen,Air Fryer,1,2286.49,0,2286.49,1332.58,953.91,Net Banking,CUST1098
ORD101967,2025-06-09,Central,Home & Kitchen,Air Fryer,2,2125.32,15,3613.04,3163.39,449.65,Net Banking,CUST2826
ORD101968,2025-06-05,East,Beauty,Perfume,6,3469.02,20,16651.3,12458.05,4193.25,COD,CUST2236
ORD101969,2025-11-30,West,Apparel,Kurta,7,3562.55,5,23690.96,17745.78,5945.18,Credit Card,CUST2607
ORD101970,2025-05-06,North,Apparel,Jeans,4,3412.88,0,13651.52,8873.36,4778.16,UPI,CUST1999
ORD101971,2024-05-31,West,Apparel,T-Shirt,8,2043.47,0,16347.76,10130.35,6217.41,Net Banking,CUST1503
ORD101972,2024-08-28,West,Apparel,Sneakers,2,1672.31,15,2842.93,2314.34,528.59,Credit Card,CUST2066
ORD101973,2025-04-10,West,Beauty,Face Wash,8,742.8,15,5051.04,4434.82,616.22,Net Banking,CUST2216
ORD101974,2024-08-31,West,Sports,Football,4,3761.25,15,12788.25,10899.34,1888.91,COD,CUST2046
ORD101975,2025-12-19,North,Electronics,Laptop,4,33646.25,0,134585.0,89102.89,45482.11,Net Banking,CUST2251
ORD101976,2024-07-20,East,Electronics,Laptop,5,46900.5,15,199327.12,147948.18,51378.94,UPI,CUST3115
ORD101977,2024-05-02,East,Apparel,Kurta,9,2730.86,25,18433.3,17572.88,860.42,Debit Card,CUST2466
ORD101978,2025-02-26,Central,Sports,Yoga Mat,10,1905.39,0,19053.9,13784.26,5269.64,Credit Card,CUST2253
ORD101979,2024-02-28,West,Sports,Yoga Mat,6,3895.5,0,23373.0,17039.46,6333.54,Credit Card,CUST3477
ORD101980,2025-06-20,North,Apparel,Sneakers,6,2956.27,25,13303.22,13458.28,-155.06,Net Banking,CUST2368
ORD101981,2024-09-22,North,Electronics,Headphones,10,27657.72,0,276577.2,177722.99,98854.21,COD,CUST1936
ORD101982,2025-10-10,East,Home & Kitchen,Mixer Grinder,5,2172.21,25,8145.79,8448.41,-302.62,UPI,CUST1565
ORD101983,2024-09-15,West,Electronics,Smartphone,7,56540.12,0,395780.84,227896.43,167884.41,COD,CUST1530
ORD101984,2024-10-16,Central,Beauty,Lipstick,2,2549.12,15,4333.5,3674.1,659.4,Credit Card,CUST1509
ORD101985,2024-11-05,Central,Home & Kitchen,Mixer Grinder,11,3654.83,0,40203.13,27124.35,13078.78,COD,CUST3479
ORD101986,2025-05-14,South,Home & Kitchen,Cookware Set,9,1118.33,10,9058.47,7471.95,1586.52,Credit Card,CUST2706
ORD101987,2024-03-09,North,Home & Kitchen,Air Fryer,1,3417.7,0,3417.7,2680.43,737.27,Credit Card,CUST1553
ORD101988,2024-01-13,North,Sports,Football,10,693.49,0,6934.9,5195.47,1739.43,COD,CUST3404
ORD101989,2024-01-03,South,Home & Kitchen,Cookware Set,11,791.2,5,8268.04,6070.74,2197.3,COD,CUST2511
ORD101990,2024-10-05,South,Electronics,Smartphone,11,47425.75,0,521683.25,295524.29,226158.96,UPI,CUST2512
ORD101991,2025-02-10,East,Beauty,Hair Serum,9,1812.17,5,15494.05,11061.46,4432.59,UPI,CUST3231
ORD101992,2024-11-06,West,Electronics,Headphones,9,33452.23,0,301070.07,198893.76,102176.31,COD,CUST2248
ORD101993,2025-07-30,East,Home & Kitchen,Cookware Set,5,2538.07,5,12055.83,9326.76,2729.07,Credit Card,CUST1793
ORD101994,2024-01-28,West,Home & Kitchen,Cookware Set,8,2456.61,25,14739.66,11249.38,3490.28,COD,CUST1084
ORD101995,2024-01-30,East,Beauty,Hair Serum,2,3479.31,5,6610.69,5069.48,1541.21,Debit Card,CUST2748
ORD101996,2024-02-07,North,Sports,Football,5,2359.71,15,10028.77,7663.62,2365.15,COD,CUST1796
ORD101997,2024-04-21,West,Home & Kitchen,Cookware Set,6,1797.19,0,10783.14,6174.21,4608.93,COD,CUST3488
ORD101998,2025-02-24,Central,Electronics,Smartphone,6,49553.03,0,297318.18,176224.96,121093.22,Net Banking,CUST3432
ORD101999,2024-11-09,South,Beauty,Perfume,3,2686.33,10,7253.09,5428.92,1824.17,COD,CUST1338
ORD102000,2025-05-07,East,Sports,Cricket Bat,7,1826.25,5,12144.56,8871.03,3273.53,COD,CUST1474
ORD102001,2025-02-26,West,Beauty,Face Wash,4,2113.08,0,8452.32,6462.41,1989.91,Net Banking,CUST2246
ORD102002,2025-11-20,East,Apparel,Jeans,4,184.0,0,736.0,577.93,158.07,UPI,CUST1981
ORD102003,2025-03-04,East,Sports,Football,9,2864.69,15,21914.88,16978.04,4936.84,Debit Card,CUST2807
ORD102004,2025-06-27,North,Electronics,Tablet,2,20736.55,5,39399.44,24800.83,14598.61,Credit Card,CUST2812
ORD102005,2024-11-07,Central,Sports,Cricket Bat,11,3909.46,20,34403.25,25021.61,9381.64,COD,CUST3131
ORD102006,2025-06-26,West,Beauty,Face Wash,1,1608.56,20,1286.85,888.67,398.18,Debit Card,CUST2068
ORD102007,2024-10-19,East,Home & Kitchen,Air Fryer,10,770.03,0,7700.3,4668.21,3032.09,Debit Card,CUST2766
ORD102008,2025-04-22,North,Electronics,Tablet,6,33873.04,10,182914.42,144279.7,38634.72,Credit Card,CUST3490
ORD102009,2025-12-26,South,Beauty,Perfume,4,2768.55,0,11074.2,7651.73,3422.47,COD,CUST2513
ORD102010,2025-05-12,West,Electronics,Smartphone,9,39745.98,20,286171.06,232849.93,53321.13,Net Banking,CUST1042
ORD102011,2024-12-16,West,Home & Kitchen,Bedsheet Set,6,3031.03,15,15458.25,12441.87,3016.38,Debit Card,CUST2598
ORD102012,2024-01-19,South,Home & Kitchen,Air Fryer,11,3732.34,10,36950.17,30802.15,6148.02,UPI,CUST1184
ORD102013,2025-12-28,Central,Apparel,T-Shirt,4,3658.26,20,11706.43,9868.43,1838.0,Net Banking,CUST3125
ORD102014,2024-06-15,Central,Electronics,Smartwatch,10,36963.3,20,295706.4,292221.83,3484.57,Credit Card,CUST2529
ORD102015,2025-05-26,North,Electronics,Smartwatch,6,31607.09,0,189642.54,129179.21,60463.33,Credit Card,CUST2197
ORD102016,2025-03-06,West,Apparel,Sneakers,5,1321.82,10,5948.19,5035.42,912.77,COD,CUST1104
ORD102017,2025-11-24,East,Sports,Football,11,2911.46,15,27222.15,18958.65,8263.5,Debit Card,CUST1817
ORD102018,2024-08-08,West,Sports,Dumbbells,1,1979.51,20,1583.61,1194.86,388.75,Net Banking,CUST2873
ORD102019,2025-07-06,South,Electronics,Laptop,3,27636.66,25,62182.48,53734.89,8447.59,Credit Card,CUST2190
ORD102020,2025-09-26,North,Apparel,T-Shirt,10,3401.04,10,30609.36,21956.81,8652.55,UPI,CUST1691
ORD102021,2025-11-30,West,Electronics,Laptop,4,32548.35,0,130193.4,95387.4,34806.0,UPI,CUST2005
ORD102022,2024-12-11,Central,Apparel,Sneakers,10,334.68,20,2677.44,2212.56,464.88,UPI,CUST1716
ORD102023,2025-06-22,West,Electronics,Headphones,9,39159.05,0,352431.45,199983.44,152448.01,UPI,CUST1597
ORD102024,2024-01-23,North,Beauty,Hair Serum,7,3649.22,0,25544.54,15356.06,10188.48,Credit Card,CUST3246
ORD102025,2025-07-08,West,Apparel,Jeans,8,3121.45,20,19977.28,17568.54,2408.74,COD,CUST3343
ORD102026,2025-10-08,West,Beauty,Face Wash,6,1982.32,25,8920.44,7277.15,1643.29,Debit Card,CUST2365
ORD102027,2025-04-09,East,Apparel,Jeans,6,1642.67,0,9856.02,7507.14,2348.88,Debit Card,CUST2751
ORD102028,2024-09-12,East,Beauty,Face Wash,6,298.67,0,1792.02,1086.25,705.77,Credit Card,CUST2327
ORD102029,2025-09-06,West,Electronics,Smartwatch,5,48606.5,25,182274.38,162703.62,19570.76,COD,CUST2435
ORD102030,2024-08-04,North,Sports,Dumbbells,4,859.82,5,3267.32,2034.12,1233.2,COD,CUST2734
ORD102031,2024-02-17,Central,Beauty,Hair Serum,5,3356.18,0,16780.9,12282.92,4497.98,Debit Card,CUST2511
ORD102032,2025-03-06,South,Sports,Football,7,1255.77,20,7032.31,6509.44,522.87,Credit Card,CUST2433
ORD102033,2025-07-21,West,Sports,Cricket Bat,9,902.38,0,8121.42,4958.79,3162.63,Debit Card,CUST1845
ORD102034,2024-07-11,East,Home & Kitchen,Mixer Grinder,10,2109.66,20,16877.28,15262.11,1615.17,COD,CUST3337
ORD102035,2025-03-20,West,Beauty,Face Wash,11,1904.58,0,20950.38,14843.35,6107.03,Debit Card,CUST2167
ORD102036,2025-01-23,West,Home & Kitchen,Bedsheet Set,2,3062.73,10,5512.91,3926.73,1586.18,Credit Card,CUST2970
ORD102037,2025-10-12,South,Apparel,Jacket,4,1015.29,0,4061.16,2401.57,1659.59,COD,CUST3387
ORD102038,2024-11-07,South,Home & Kitchen,Bedsheet Set,8,2381.5,20,15241.6,14611.68,629.92,Debit Card,CUST3216
ORD102039,2024-05-28,East,Apparel,Kurta,9,1156.75,10,9369.68,6562.29,2807.39,Debit Card,CUST2692
ORD102040,2025-04-08,East,Beauty,Perfume,1,3047.02,0,3047.02,1891.67,1155.35,COD,CUST1530
ORD102041,2025-07-18,West,Beauty,Lipstick,5,2883.1,0,14415.5,9398.4,5017.1,UPI,CUST2127
ORD102042,2024-07-10,East,Sports,Yoga Mat,1,3211.86,10,2890.67,2238.31,652.36,Credit Card,CUST2861
ORD102043,2024-06-02,South,Beauty,Perfume,2,2449.79,5,4654.6,3550.13,1104.47,UPI,CUST1804
ORD102044,2024-07-22,West,Apparel,Kurta,3,973.65,0,2920.95,1826.29,1094.66,Credit Card,CUST1271
ORD102045,2025-06-15,East,Beauty,Hair Serum,10,2051.27,0,20512.7,13752.51,6760.19,UPI,CUST1458
ORD102046,2025-12-15,North,Apparel,Kurta,9,2726.93,10,22088.13,14923.39,7164.74,Credit Card,CUST1058
ORD102047,2024-01-21,East,Home & Kitchen,Air Fryer,10,1476.09,15,12546.76,9369.25,3177.51,UPI,CUST1679
ORD102048,2024-07-21,North,Apparel,Kurta,1,817.49,0,817.49,533.1,284.39,Credit Card,CUST2638
ORD102049,2024-11-11,North,Home & Kitchen,Bedsheet Set,5,523.26,5,2485.48,1986.58,498.9,Debit Card,CUST1678
ORD102050,2024-09-03,Central,Apparel,T-Shirt,2,396.06,0,792.12,495.26,296.86,UPI,CUST1834
ORD102051,2024-07-12,East,Beauty,Lipstick,4,2630.81,15,8944.75,6098.16,2846.59,Net Banking,CUST2813
ORD102052,2025-03-14,East,Electronics,Tablet,11,38200.34,0,420203.74,306984.95,113218.79,UPI,CUST1191
ORD102053,2025-09-09,North,Sports,Cricket Bat,2,668.67,5,1270.47,771.23,499.24,COD,CUST1591
ORD102054,2024-06-02,North,Beauty,Face Wash,6,2102.74,0,12616.44,7520.19,5096.25,Debit Card,CUST2573
ORD102055,2024-04-26,Central,Sports,Cricket Bat,3,1031.43,0,3094.29,1982.97,1111.32,Credit Card,CUST1941
ORD102056,2025-06-11,South,Sports,Cricket Bat,9,2363.57,20,17017.7,15161.07,1856.63,Credit Card,CUST1435
ORD102057,2024-12-25,South,Apparel,Jacket,1,3226.43,5,3065.11,2218.2,846.91,Net Banking,CUST3261
ORD102058,2025-08-14,North,Beauty,Hair Serum,7,2756.45,10,17365.63,15335.32,2030.31,UPI,CUST2585
ORD102059,2024-07-07,South,Home & Kitchen,Air Fryer,9,3450.71,0,31056.39,20569.39,10487.0,Credit Card,CUST2738
ORD102060,2024-04-22,West,Apparel,Sneakers,6,667.56,15,3404.56,2809.87,594.69,Credit Card,CUST1673
ORD102061,2024-11-07,East,Apparel,Sneakers,1,596.67,10,537.0,392.68,144.32,Net Banking,CUST2016
ORD102062,2024-07-28,North,Sports,Yoga Mat,3,939.46,10,2536.54,2146.2,390.34,Net Banking,CUST2329
ORD102063,2024-02-27,East,Home & Kitchen,Bedsheet Set,2,2545.34,10,4581.61,3157.35,1424.26,UPI,CUST2876
ORD102064,2024-03-23,West,Apparel,Kurta,3,535.89,20,1286.14,1034.75,251.39,UPI,CUST1604
ORD102065,2024-10-20,West,Apparel,Sneakers,4,2127.56,10,7659.22,4798.68,2860.54,COD,CUST2859
ORD102066,2024-03-06,North,Beauty,Lipstick,10,3443.62,0,34436.2,26123.77,8312.43,COD,CUST1245
ORD102067,2024-02-02,Central,Apparel,T-Shirt,9,404.75,0,3642.75,2119.95,1522.8,Credit Card,CUST2336
ORD102068,2025-12-28,East,Electronics,Headphones,9,32384.02,15,247737.75,196350.91,51386.84,COD,CUST2795
ORD102069,2024-01-05,North,Apparel,Sneakers,9,1974.16,5,16879.07,13512.88,3366.19,COD,CUST3486
ORD102070,2024-11-26,Central,Electronics,Laptop,8,17776.58,0,142212.64,100258.71,41953.93,Credit Card,CUST2361
ORD102071,2025-06-05,West,Sports,Dumbbells,7,463.74,10,2921.56,2162.87,758.69,COD,CUST2537
ORD102072,2025-10-31,East,Sports,Dumbbells,2,188.78,5,358.68,246.78,111.9,Net Banking,CUST3417
ORD102073,2025-06-30,Central,Electronics,Headphones,7,25333.36,10,159600.17,136234.2,23365.97,Debit Card,CUST2468
ORD102074,2025-04-12,West,Apparel,Sneakers,7,1292.36,10,8141.87,5927.38,2214.49,UPI,CUST1092
ORD102075,2025-06-02,East,Sports,Football,2,3632.04,0,7264.08,4042.11,3221.97,COD,CUST1415
ORD102076,2025-07-10,North,Apparel,Jacket,10,1084.79,0,10847.9,8586.1,2261.8,Credit Card,CUST3378
ORD102077,2025-11-19,West,Sports,Dumbbells,2,2768.61,0,5537.22,4331.65,1205.57,UPI,CUST1910
ORD102078,2024-08-22,South,Sports,Dumbbells,11,1497.77,0,16475.47,11314.18,5161.29,Credit Card,CUST2235
ORD102079,2024-04-01,Central,Sports,Dumbbells,9,3518.49,15,26916.45,20611.43,6305.02,Net Banking,CUST2251
ORD102080,2024-07-12,North,Apparel,T-Shirt,2,1669.93,10,3005.87,2585.93,419.94,Debit Card,CUST2610
ORD102081,2025-07-27,South,Sports,Dumbbells,10,3664.43,0,36644.3,26765.81,9878.49,Net Banking,CUST1469
ORD102082,2025-06-17,North,Beauty,Face Wash,11,1099.48,10,10884.85,8889.75,1995.1,Net Banking,CUST1761
ORD102083,2024-11-03,North,Home & Kitchen,Air Fryer,4,1913.01,10,6886.84,5533.6,1353.24,Credit Card,CUST2672
ORD102084,2025-07-26,East,Electronics,Smartwatch,10,18133.17,0,181331.7,101445.25,79886.45,Debit Card,CUST2690
ORD102085,2024-07-04,East,Electronics,Smartwatch,9,15373.01,15,117603.53,78525.86,39077.67,UPI,CUST3055
ORD102086,2024-09-21,East,Sports,Yoga Mat,4,2446.08,15,8316.67,7228.36,1088.31,Net Banking,CUST1676
ORD102087,2024-03-23,West,Home & Kitchen,Cookware Set,7,2321.73,5,15439.5,9498.95,5940.55,Debit Card,CUST1489
ORD102088,2025-02-06,East,Apparel,T-Shirt,11,3802.33,10,37643.07,32173.52,5469.55,Debit Card,CUST1386
ORD102089,2024-05-25,East,Sports,Yoga Mat,9,504.58,0,4541.22,3493.51,1047.71,COD,CUST1486
ORD102090,2025-10-22,West,Electronics,Laptop,7,31405.03,0,219835.21,169934.27,49900.94,COD,CUST3060
ORD102091,2025-07-12,North,Electronics,Smartphone,7,42226.42,0,295584.94,229586.2,65998.74,COD,CUST3299
ORD102092,2024-12-06,South,Apparel,Sneakers,5,2330.9,0,11654.5,7776.95,3877.55,COD,CUST1197
ORD102093,2025-10-08,Central,Electronics,Headphones,3,29459.55,0,88378.65,48954.53,39424.12,COD,CUST1683
ORD102094,2024-01-12,East,Sports,Football,6,512.55,0,3075.3,2176.13,899.17,Debit Card,CUST3219
ORD102095,2025-04-12,West,Beauty,Hair Serum,11,3878.46,20,34130.45,26229.52,7900.93,COD,CUST2212
ORD102096,2024-04-29,South,Beauty,Perfume,9,1568.24,10,12702.74,7904.91,4797.83,Debit Card,CUST1320
ORD102097,2024-11-30,West,Apparel,Sneakers,8,3104.86,10,22354.99,17010.59,5344.4,UPI,CUST2796
ORD102098,2024-07-28,South,Sports,Cricket Bat,10,1483.5,10,13351.5,11634.89,1716.61,COD,CUST1004
ORD102099,2024-02-03,South,Beauty,Face Wash,8,566.38,0,4531.04,2800.14,1730.9,Debit Card,CUST1124
ORD102100,2024-09-27,Central,Home & Kitchen,Mixer Grinder,5,2657.09,0,13285.45,7578.89,5706.56,COD,CUST1502
ORD102101,2025-03-25,East,Electronics,Smartphone,11,33211.54,5,347060.59,289155.7,57904.89,Debit Card,CUST1737
ORD102102,2025-06-10,Central,Home & Kitchen,Mixer Grinder,4,201.08,5,764.1,591.84,172.26,UPI,CUST2868
ORD102103,2025-02-22,East,Electronics,Headphones,8,37158.64,10,267542.21,192632.58,74909.63,Net Banking,CUST2511
ORD102104,2024-09-15,West,Home & Kitchen,Air Fryer,2,555.18,15,943.81,801.85,141.96,Credit Card,CUST2896
ORD102105,2025-12-16,Central,Apparel,Jeans,3,2216.02,25,4986.04,4634.57,351.47,COD,CUST2714
ORD102106,2025-07-28,East,Electronics,Headphones,4,16498.35,20,52794.72,48944.38,3850.34,UPI,CUST2541
ORD102107,2025-04-27,North,Apparel,Sneakers,3,2591.2,0,7773.6,6020.19,1753.41,Credit Card,CUST2967
ORD102108,2024-12-01,North,Sports,Dumbbells,11,956.52,0,10521.72,6927.56,3594.16,Credit Card,CUST2976
ORD102109,2024-10-26,Central,Beauty,Hair Serum,8,3723.63,5,28299.59,21997.74,6301.85,Net Banking,CUST3196
ORD102110,2025-12-16,East,Sports,Football,3,2638.07,0,7914.21,6111.52,1802.69,COD,CUST3292
ORD102111,2024-03-13,South,Beauty,Perfume,1,3623.38,5,3442.21,2364.72,1077.49,Debit Card,CUST2354
ORD102112,2024-09-15,West,Beauty,Hair Serum,10,2763.68,10,24873.12,16321.12,8552.0,UPI,CUST1257
ORD102113,2025-12-30,Central,Home & Kitchen,Mixer Grinder,10,2799.47,25,20996.02,20765.16,230.86,Debit Card,CUST1987
ORD102114,2025-09-16,South,Beauty,Hair Serum,5,2537.12,0,12685.6,7484.39,5201.21,COD,CUST2522
ORD102115,2024-01-22,West,Home & Kitchen,Mixer Grinder,7,3277.34,0,22941.38,16859.19,6082.19,Net Banking,CUST1046
ORD102116,2025-09-17,North,Electronics,Laptop,3,49956.04,0,149868.12,117760.7,32107.42,Debit Card,CUST1753
ORD102117,2024-10-27,Central,Home & Kitchen,Mixer Grinder,4,2737.6,0,10950.4,6911.76,4038.64,Credit Card,CUST2225
ORD102118,2024-06-16,Central,Apparel,Kurta,6,2205.73,0,13234.38,7969.56,5264.82,Debit Card,CUST2486
ORD102119,2025-03-17,Central,Electronics,Tablet,1,43136.77,20,34509.42,31203.7,3305.72,UPI,CUST2257
ORD102120,2024-10-24,North,Beauty,Face Wash,4,1583.41,0,6333.64,3916.88,2416.76,Debit Card,CUST3248
ORD102121,2024-08-26,East,Apparel,T-Shirt,3,917.85,10,2478.2,1906.19,572.01,UPI,CUST2881
ORD102122,2024-01-08,West,Apparel,Kurta,8,3962.24,0,31697.92,22721.42,8976.5,Credit Card,CUST1085
ORD102123,2024-02-24,West,Sports,Dumbbells,9,3016.0,15,23072.4,17315.39,5757.01,Debit Card,CUST1131
ORD102124,2025-02-24,North,Electronics,Smartwatch,8,7868.15,0,62945.2,47763.53,15181.67,Net Banking,CUST2226
ORD102125,2024-09-17,West,Beauty,Perfume,2,1312.08,5,2492.95,1850.67,642.28,Credit Card,CUST1285
ORD102126,2025-05-27,West,Sports,Dumbbells,6,3953.7,0,23722.2,15641.76,8080.44,Net Banking,CUST1439
ORD102127,2024-12-14,North,Electronics,Smartphone,6,8664.62,10,46788.95,37185.91,9603.04,Debit Card,CUST3484
ORD102128,2025-12-04,South,Apparel,Jacket,7,1281.48,0,8970.36,5051.42,3918.94,UPI,CUST2201
ORD102129,2025-01-16,South,Home & Kitchen,Mixer Grinder,3,402.67,5,1147.61,895.39,252.22,Net Banking,CUST3203
ORD102130,2025-12-12,North,Beauty,Perfume,7,1780.81,10,11219.1,9794.19,1424.91,Debit Card,CUST2801
ORD102131,2025-08-25,North,Home & Kitchen,Cookware Set,1,2681.74,15,2279.48,1849.32,430.16,Credit Card,CUST1306
ORD102132,2024-09-23,North,Home & Kitchen,Bedsheet Set,6,1930.6,0,11583.6,7039.84,4543.76,Net Banking,CUST3180
ORD102133,2025-10-10,East,Apparel,Sneakers,3,2723.21,0,8169.63,5141.5,3028.13,Net Banking,CUST1628
ORD102134,2025-02-08,North,Beauty,Face Wash,11,1540.23,15,14401.15,11663.97,2737.18,UPI,CUST3280
ORD102135,2024-09-01,Central,Apparel,Kurta,1,3621.71,0,3621.71,2854.32,767.39,UPI,CUST2024
ORD102136,2024-08-04,North,Beauty,Hair Serum,11,3598.83,0,39587.13,24475.55,15111.58,Net Banking,CUST2904
ORD102137,2024-10-01,West,Electronics,Headphones,11,26412.3,10,261481.77,224795.2,36686.57,Debit Card,CUST2178
ORD102138,2024-03-17,West,Beauty,Face Wash,5,3740.83,0,18704.15,10988.19,7715.96,Credit Card,CUST3169
ORD102139,2024-05-23,North,Beauty,Perfume,7,587.99,0,4115.93,2572.49,1543.44,Net Banking,CUST3422
ORD102140,2024-10-17,South,Sports,Cricket Bat,3,3097.36,0,9292.08,5452.97,3839.11,Debit Card,CUST3349
ORD102141,2024-10-02,Central,Apparel,Jacket,6,2589.87,0,15539.22,8754.07,6785.15,COD,CUST1849
ORD102142,2024-02-19,Central,Beauty,Face Wash,4,2872.41,10,10340.68,7232.55,3108.13,UPI,CUST2908
ORD102143,2025-10-24,Central,Apparel,Jacket,9,3361.97,0,30257.73,19744.41,10513.32,UPI,CUST2155
ORD102144,2024-11-29,West,Apparel,Kurta,4,2261.66,0,9046.64,5027.91,4018.73,Debit Card,CUST2683
ORD102145,2025-08-23,North,Beauty,Face Wash,10,3788.27,25,28412.02,25319.23,3092.79,COD,CUST2439
ORD102146,2025-06-03,South,Sports,Dumbbells,5,1939.75,25,7274.06,7625.24,-351.18,Credit Card,CUST2058
ORD102147,2024-04-22,East,Electronics,Smartwatch,4,27406.63,5,104145.19,86251.06,17894.13,Debit Card,CUST2392
ORD102148,2024-08-29,East,Home & Kitchen,Bedsheet Set,5,223.53,10,1005.89,792.31,213.58,UPI,CUST1058
ORD102149,2025-06-12,North,Sports,Dumbbells,6,3360.86,0,20165.16,15560.26,4604.9,UPI,CUST1316
ORD102150,2024-05-24,East,Sports,Cricket Bat,2,1933.0,0,3866.0,2696.84,1169.16,Credit Card,CUST2178
ORD102151,2025-05-20,South,Beauty,Face Wash,10,804.06,5,7638.57,6174.41,1464.16,Debit Card,CUST1211
ORD102152,2025-11-21,South,Home & Kitchen,Bedsheet Set,1,594.4,5,564.68,452.11,112.57,Debit Card,CUST2333
ORD102153,2025-11-07,East,Sports,Dumbbells,1,863.28,25,647.46,562.01,85.45,Net Banking,CUST3138
ORD102154,2025-03-31,South,Beauty,Lipstick,7,575.58,20,3223.25,2972.59,250.66,Net Banking,CUST1233
ORD102155,2025-08-16,West,Home & Kitchen,Cookware Set,4,3070.05,5,11666.19,7503.49,4162.7,Debit Card,CUST1037
ORD102156,2024-06-09,South,Home & Kitchen,Mixer Grinder,1,1495.52,20,1196.42,1171.35,25.07,Credit Card,CUST1805
ORD102157,2024-10-24,North,Sports,Football,5,1817.34,20,7269.36,6020.22,1249.14,Credit Card,CUST1045
ORD102158,2025-11-05,Central,Apparel,Sneakers,4,3493.58,5,13275.6,8780.81,4494.79,COD,CUST3441
ORD102159,2025-08-17,North,Beauty,Face Wash,10,1236.96,5,11751.12,6940.57,4810.55,Debit Card,CUST1765
ORD102160,2025-11-01,North,Electronics,Smartwatch,2,855.63,0,1711.26,1220.35,490.91,Net Banking,CUST1149
ORD102161,2024-01-23,West,Beauty,Lipstick,4,637.88,10,2296.37,1575.06,721.31,UPI,CUST1380
ORD102162,2024-04-18,West,Electronics,Smartphone,8,9006.97,5,68452.97,55504.5,12948.47,Net Banking,CUST1709
ORD102163,2024-05-22,North,Apparel,Sneakers,5,2573.61,5,12224.65,9940.45,2284.2,UPI,CUST2320
ORD102164,2024-01-10,East,Electronics,Headphones,10,25119.18,0,251191.8,144357.98,106833.82,UPI,CUST1400
ORD102165,2024-04-18,East,Electronics,Tablet,8,41048.19,10,295546.97,229422.45,66124.52,UPI,CUST3306
ORD102166,2024-11-30,East,Apparel,Sneakers,5,1151.45,20,4605.8,3929.45,676.35,Credit Card,CUST2921
ORD102167,2025-09-22,Central,Home & Kitchen,Bedsheet Set,8,535.81,10,3857.83,2365.88,1491.95,UPI,CUST2725
ORD102168,2025-09-27,West,Electronics,Laptop,4,48528.46,0,194113.84,153493.28,40620.56,Credit Card,CUST2269
ORD102169,2025-03-23,South,Home & Kitchen,Bedsheet Set,2,1429.27,20,2286.83,1642.86,643.97,Debit Card,CUST2057
ORD102170,2024-02-08,Central,Apparel,Kurta,3,2587.31,10,6985.74,5637.79,1347.95,Debit Card,CUST2858
ORD102171,2024-03-19,Central,Apparel,T-Shirt,2,820.97,10,1477.75,913.32,564.43,UPI,CUST2255
ORD102172,2025-08-02,East,Electronics,Laptop,4,13986.93,5,53150.33,38617.31,14533.02,Debit Card,CUST1883
ORD102173,2024-06-15,East,Apparel,Kurta,9,1660.94,0,14948.46,11702.44,3246.02,UPI,CUST1116
ORD102174,2024-11-28,Central,Electronics,Tablet,7,38772.87,15,230698.58,176527.17,54171.41,Net Banking,CUST3163
ORD102175,2024-08-07,North,Sports,Football,9,1817.34,10,14720.45,9742.74,4977.71,COD,CUST2606
ORD102176,2024-06-04,West,Electronics,Headphones,6,34590.16,0,207540.96,135825.78,71715.18,COD,CUST3062
ORD102177,2024-04-26,Central,Home & Kitchen,Mixer Grinder,11,2237.49,20,19689.91,17693.85,1996.06,COD,CUST1221
ORD102178,2024-06-21,Central,Beauty,Lipstick,4,2007.77,20,6424.86,5006.73,1418.13,Credit Card,CUST2556
ORD102179,2024-04-21,East,Apparel,T-Shirt,11,2252.19,5,23535.39,13956.11,9579.28,COD,CUST1160
ORD102180,2025-02-05,East,Sports,Football,6,3997.44,0,23984.64,18495.13,5489.51,Credit Card,CUST2915
ORD102181,2025-10-16,East,Beauty,Perfume,4,3536.77,5,13439.73,8167.33,5272.4,Credit Card,CUST2589
ORD102182,2025-11-03,South,Sports,Cricket Bat,10,1457.36,0,14573.6,8168.67,6404.93,COD,CUST1924
ORD102183,2024-04-19,South,Electronics,Laptop,3,22663.79,0,67991.37,49452.23,18539.14,UPI,CUST3160
ORD102184,2024-08-15,North,Home & Kitchen,Air Fryer,7,218.83,0,1531.81,869.1,662.71,Credit Card,CUST1704
ORD102185,2025-12-22,West,Electronics,Smartwatch,10,20333.1,0,203331.0,141137.93,62193.07,Credit Card,CUST2967
ORD102186,2025-12-21,East,Sports,Dumbbells,10,472.17,20,3777.36,2745.79,1031.57,UPI,CUST1735
ORD102187,2025-11-21,South,Electronics,Smartwatch,6,21300.08,10,115020.43,87760.18,27260.25,Net Banking,CUST1023
ORD102188,2024-08-03,Central,Electronics,Headphones,7,49998.97,0,349992.79,263375.64,86617.15,UPI,CUST1433
ORD102189,2024-07-26,Central,Electronics,Tablet,5,56714.02,5,269391.59,223536.72,45854.87,COD,CUST2206
ORD102190,2025-02-26,Central,Electronics,Smartwatch,9,48771.92,10,395052.55,308022.73,87029.82,Credit Card,CUST1526
ORD102191,2024-02-06,North,Electronics,Smartphone,2,20391.84,5,38744.5,25661.96,13082.54,COD,CUST2172
ORD102192,2025-11-27,South,Home & Kitchen,Mixer Grinder,9,1126.73,15,8619.48,6672.56,1946.92,Credit Card,CUST1298
ORD102193,2024-02-11,East,Beauty,Face Wash,3,2436.41,0,7309.23,5642.74,1666.49,Debit Card,CUST2709
ORD102194,2024-02-27,North,Beauty,Face Wash,7,2938.21,5,19539.1,11501.22,8037.88,Credit Card,CUST2826
ORD102195,2025-02-16,East,Sports,Cricket Bat,2,2351.75,0,4703.5,3169.6,1533.9,COD,CUST2565
ORD102196,2024-03-30,Central,Beauty,Face Wash,7,1518.52,10,9566.68,7201.76,2364.92,COD,CUST1653
ORD102197,2024-03-03,Central,Apparel,Kurta,4,2173.37,5,8258.81,6871.04,1387.77,Credit Card,CUST3197
ORD102198,2024-09-27,West,Beauty,Hair Serum,1,3275.1,15,2783.84,2018.93,764.91,COD,CUST2833
ORD102199,2024-08-28,East,Sports,Cricket Bat,6,2676.48,5,15255.94,12190.59,3065.35,Credit Card,CUST1106
ORD102200,2025-01-13,Central,Beauty,Lipstick,2,2857.73,20,4572.37,4052.08,520.29,UPI,CUST2266
ORD102201,2025-08-20,North,Electronics,Smartphone,3,5446.49,15,13888.55,12481.36,1407.19,Debit Card,CUST1425
ORD102202,2025-12-02,South,Electronics,Tablet,9,21861.26,0,196751.34,153899.1,42852.24,Debit Card,CUST1117
ORD102203,2025-02-18,East,Apparel,Kurta,7,2274.35,0,15920.45,9015.72,6904.73,Net Banking,CUST3142
ORD102204,2025-03-17,Central,Beauty,Hair Serum,7,2356.03,5,15667.6,10212.99,5454.61,COD,CUST2699
ORD102205,2025-02-15,South,Apparel,Jeans,2,1234.06,0,2468.12,1446.99,1021.13,Credit Card,CUST2024
ORD102206,2025-12-02,East,Electronics,Laptop,9,37492.83,5,320563.7,219388.55,101175.15,Debit Card,CUST1031
ORD102207,2024-04-27,East,Beauty,Lipstick,8,1824.67,10,13137.62,9012.27,4125.35,Debit Card,CUST1622
ORD102208,2024-04-12,South,Sports,Yoga Mat,7,2176.64,10,13712.83,9470.18,4242.65,COD,CUST2336
ORD102209,2024-11-25,East,Home & Kitchen,Air Fryer,3,2384.61,0,7153.83,4247.58,2906.25,Net Banking,CUST2987
ORD102210,2025-05-15,Central,Electronics,Tablet,2,3451.1,0,6902.2,4582.93,2319.27,UPI,CUST2256
ORD102211,2024-08-23,Central,Electronics,Laptop,5,53529.93,20,214119.72,161645.33,52474.39,Debit Card,CUST3427
ORD102212,2025-09-05,East,Electronics,Smartwatch,3,41808.98,25,94070.2,71400.29,22669.91,UPI,CUST2805
ORD102213,2024-07-23,North,Apparel,Jeans,9,3030.36,25,20454.93,17705.74,2749.19,Net Banking,CUST1245
ORD102214,2024-07-05,West,Apparel,Sneakers,1,2378.06,5,2259.16,1355.68,903.48,Debit Card,CUST2441
ORD102215,2024-12-16,Central,Home & Kitchen,Air Fryer,9,3032.05,0,27288.45,20554.38,6734.07,Net Banking,CUST1357
ORD102216,2025-01-12,South,Beauty,Lipstick,9,527.76,5,4512.35,3484.01,1028.34,Credit Card,CUST1783
ORD102217,2024-11-27,West,Beauty,Face Wash,8,3722.83,0,29782.64,18873.68,10908.96,UPI,CUST2042
ORD102218,2024-05-27,South,Electronics,Laptop,7,54102.93,0,378720.51,220787.41,157933.1,COD,CUST1112
ORD102219,2025-03-30,South,Sports,Yoga Mat,6,2294.28,10,12389.11,8716.33,3672.78,COD,CUST2932
ORD102220,2025-05-22,South,Home & Kitchen,Bedsheet Set,4,3987.43,5,15152.23,11160.87,3991.36,COD,CUST2762
ORD102221,2025-10-18,East,Apparel,T-Shirt,2,1724.05,0,3448.1,2243.64,1204.46,Credit Card,CUST1566
ORD102222,2025-03-25,North,Electronics,Headphones,2,31213.18,15,53062.41,36898.63,16163.78,Debit Card,CUST2993
ORD102223,2024-06-28,East,Electronics,Laptop,2,58441.34,0,116882.68,88308.93,28573.75,COD,CUST1474
ORD102224,2025-09-09,East,Apparel,Kurta,1,549.91,10,494.92,331.16,163.76,Credit Card,CUST3228
ORD102225,2025-12-25,South,Electronics,Laptop,5,54269.28,15,230644.44,167858.41,62786.03,Net Banking,CUST2139
ORD102226,2025-02-16,East,Apparel,Jeans,9,2899.11,0,26091.99,16453.17,9638.82,UPI,CUST2840
ORD102227,2024-09-13,South,Home & Kitchen,Cookware Set,8,783.92,0,6271.36,3516.33,2755.03,UPI,CUST1303
ORD102228,2025-05-01,East,Electronics,Laptop,1,32093.62,15,27279.58,23562.74,3716.84,Credit Card,CUST2984
ORD102229,2025-03-30,West,Electronics,Laptop,9,30572.07,15,233876.34,209052.54,24823.8,Credit Card,CUST2089
ORD102230,2025-01-27,East,Home & Kitchen,Cookware Set,4,2822.96,0,11291.84,7806.3,3485.54,COD,CUST2074
ORD102231,2024-11-23,East,Apparel,Jacket,7,1872.91,10,11799.33,9526.92,2272.41,UPI,CUST3410
ORD102232,2024-11-20,North,Sports,Football,10,1072.03,0,10720.3,8540.85,2179.45,Credit Card,CUST2540
ORD102233,2024-06-24,South,Apparel,Jeans,5,3453.14,10,15539.13,10774.15,4764.98,UPI,CUST1904
ORD102234,2024-10-02,East,Sports,Football,9,514.54,10,4167.77,3402.92,764.85,Net Banking,CUST1319
ORD102235,2024-10-12,South,Sports,Football,9,3300.12,0,29701.08,23701.44,5999.64,Credit Card,CUST1070
ORD102236,2024-07-13,Central,Sports,Yoga Mat,1,3507.31,0,3507.31,2347.09,1160.22,Net Banking,CUST3009
ORD102237,2024-07-14,South,Apparel,Jacket,1,831.97,5,790.37,535.26,255.11,Credit Card,CUST1215
ORD102238,2024-04-02,Central,Home & Kitchen,Cookware Set,4,2375.11,5,9025.42,5606.17,3419.25,Debit Card,CUST2954
ORD102239,2025-01-06,North,Beauty,Perfume,6,3867.12,20,18562.18,13886.41,4675.77,COD,CUST1691
ORD102240,2024-09-20,South,Sports,Cricket Bat,7,2134.86,10,13449.62,9047.09,4402.53,Debit Card,CUST3035
ORD102241,2024-04-09,West,Beauty,Lipstick,4,2678.38,5,10177.84,8008.12,2169.72,Debit Card,CUST1164
ORD102242,2024-03-30,East,Beauty,Perfume,8,3753.43,0,30027.44,16831.51,13195.93,Net Banking,CUST3105
ORD102243,2025-06-25,West,Sports,Football,2,1927.96,25,2891.94,2929.62,-37.68,COD,CUST2689
ORD102244,2025-06-02,Central,Home & Kitchen,Bedsheet Set,5,3146.82,0,15734.1,9332.91,6401.19,Credit Card,CUST3121
ORD102245,2025-02-19,South,Apparel,Jeans,1,3563.93,10,3207.54,2835.14,372.4,COD,CUST3343
ORD102246,2024-03-24,South,Apparel,Sneakers,3,3884.08,20,9321.79,9133.23,188.56,Net Banking,CUST3415
ORD102247,2025-01-01,Central,Beauty,Hair Serum,10,3624.03,15,30804.26,23622.62,7181.64,UPI,CUST3317
ORD102248,2024-03-10,Central,Home & Kitchen,Air Fryer,8,2561.83,15,17420.44,14896.81,2523.63,Credit Card,CUST2184
ORD102249,2024-02-01,East,Apparel,T-Shirt,8,651.25,0,5210.0,2892.65,2317.35,COD,CUST1609
ORD102250,2025-06-25,South,Sports,Dumbbells,10,3949.62,5,37521.39,25000.17,12521.22,Debit Card,CUST2816
ORD102251,2024-10-05,Central,Electronics,Smartwatch,11,48226.83,5,503970.37,375977.05,127993.32,Debit Card,CUST3233
ORD102252,2024-06-17,West,Home & Kitchen,Bedsheet Set,4,803.44,0,3213.76,2344.63,869.13,COD,CUST1160
ORD102253,2024-10-15,East,Beauty,Hair Serum,4,1296.82,10,4668.55,3369.08,1299.47,COD,CUST2623
ORD102254,2025-04-07,West,Home & Kitchen,Air Fryer,3,627.17,5,1787.43,1193.33,594.1,Credit Card,CUST1130
ORD102255,2025-03-27,South,Apparel,Sneakers,4,2308.74,15,7849.72,6676.6,1173.12,Net Banking,CUST1780
ORD102256,2025-09-28,North,Electronics,Headphones,10,42163.52,15,358389.92,314114.24,44275.68,Net Banking,CUST1375
ORD102257,2024-06-06,East,Sports,Cricket Bat,5,2929.18,20,11716.72,10309.89,1406.83,UPI,CUST1785
ORD102258,2024-04-17,North,Electronics,Smartphone,11,52468.58,25,432865.78,352740.34,80125.44,Net Banking,CUST1253
ORD102259,2024-03-27,South,Electronics,Tablet,5,6086.57,25,22824.64,18990.29,3834.35,Net Banking,CUST1937
ORD102260,2025-05-25,East,Apparel,Jacket,1,1395.59,15,1186.25,974.68,211.57,Net Banking,CUST1034
ORD102261,2024-08-04,Central,Home & Kitchen,Cookware Set,1,3290.0,10,2961.0,2171.41,789.59,UPI,CUST2348
ORD102262,2024-12-21,North,Sports,Dumbbells,10,1751.87,0,17518.7,11756.55,5762.15,Net Banking,CUST3335
ORD102263,2025-08-25,West,Home & Kitchen,Air Fryer,1,1155.96,15,982.57,742.72,239.85,COD,CUST2447
ORD102264,2025-11-29,West,Sports,Cricket Bat,8,2929.13,25,17574.78,13658.95,3915.83,Debit Card,CUST2679
ORD102265,2024-04-19,South,Apparel,Sneakers,3,3400.81,15,8672.07,6451.11,2220.96,UPI,CUST2673
ORD102266,2024-11-03,South,Apparel,Sneakers,2,325.04,0,650.08,379.84,270.24,Debit Card,CUST2056
ORD102267,2024-03-08,West,Sports,Football,11,2260.26,5,23619.72,19130.47,4489.25,Net Banking,CUST3263
ORD102268,2024-06-25,South,Electronics,Headphones,5,45157.58,0,225787.9,142289.53,83498.37,COD,CUST1178
ORD102269,2025-01-29,West,Beauty,Perfume,1,3463.33,5,3290.16,2698.82,591.34,COD,CUST1668
ORD102270,2024-03-25,East,Sports,Cricket Bat,9,2704.69,0,24342.21,14016.81,10325.4,UPI,CUST2269
ORD102271,2024-12-06,East,Sports,Yoga Mat,7,1211.39,0,8479.73,6306.21,2173.52,Credit Card,CUST3051
ORD102272,2025-10-06,East,Beauty,Lipstick,11,749.02,25,6179.41,4609.4,1570.01,UPI,CUST1774
ORD102273,2024-12-25,West,Beauty,Hair Serum,6,3513.62,0,21081.72,16541.71,4540.01,Debit Card,CUST1920
ORD102274,2024-06-04,Central,Home & Kitchen,Air Fryer,6,3585.5,10,19361.7,15704.43,3657.27,Credit Card,CUST2369
ORD102275,2024-07-13,South,Sports,Cricket Bat,8,3722.68,5,28292.37,22855.86,5436.51,UPI,CUST2010
ORD102276,2025-08-11,West,Home & Kitchen,Bedsheet Set,11,3721.42,15,34795.28,24814.81,9980.47,UPI,CUST3095
ORD102277,2025-10-10,Central,Beauty,Face Wash,1,2553.52,0,2553.52,1938.58,614.94,COD,CUST3445
ORD102278,2024-10-20,North,Apparel,Sneakers,8,2865.92,10,20634.62,17233.14,3401.48,Net Banking,CUST2226
ORD102279,2024-05-13,East,Sports,Football,3,2720.54,0,8161.62,5257.59,2904.03,Credit Card,CUST1625
ORD102280,2024-06-07,Central,Apparel,T-Shirt,1,1453.92,15,1235.83,997.35,238.48,UPI,CUST3202
ORD102281,2025-04-30,West,Electronics,Tablet,11,14448.09,15,135089.64,109550.51,25539.13,Credit Card,CUST3241
ORD102282,2025-10-08,North,Apparel,Jeans,2,2623.93,5,4985.47,3925.78,1059.69,COD,CUST1205
ORD102283,2025-07-08,South,Home & Kitchen,Cookware Set,4,3974.54,10,14308.34,9665.47,4642.87,Net Banking,CUST2854
ORD102284,2025-12-02,West,Sports,Cricket Bat,10,2947.44,5,28000.68,19184.81,8815.87,Credit Card,CUST3491
ORD102285,2024-12-18,South,Home & Kitchen,Mixer Grinder,4,626.94,10,2256.98,1976.3,280.68,Net Banking,CUST1452
ORD102286,2025-02-22,South,Beauty,Hair Serum,2,632.72,0,1265.44,706.05,559.39,Credit Card,CUST2538
ORD102287,2024-07-28,West,Apparel,Kurta,8,3474.26,0,27794.08,18509.33,9284.75,COD,CUST2877
ORD102288,2025-09-18,South,Electronics,Smartwatch,7,57477.6,5,382226.04,309334.44,72891.6,UPI,CUST2623
ORD102289,2024-12-25,West,Apparel,Jacket,9,2733.78,0,24604.02,17138.17,7465.85,COD,CUST2142
ORD102290,2025-01-16,Central,Apparel,Kurta,2,925.83,15,1573.91,1043.35,530.56,Net Banking,CUST2184
ORD102291,2024-05-28,Central,Sports,Yoga Mat,5,2506.78,5,11907.2,7749.17,4158.03,COD,CUST2842
ORD102292,2024-08-21,North,Home & Kitchen,Cookware Set,7,3001.0,15,17855.95,13367.15,4488.8,UPI,CUST3442
ORD102293,2025-12-14,West,Beauty,Face Wash,1,3009.51,10,2708.56,1961.35,747.21,Debit Card,CUST2211
ORD102294,2025-02-05,East,Apparel,Kurta,1,584.55,5,555.32,421.89,133.43,Debit Card,CUST3465
ORD102295,2024-10-18,West,Beauty,Hair Serum,1,1834.82,25,1376.12,1446.83,-70.71,Debit Card,CUST1099
ORD102296,2024-02-08,East,Electronics,Smartphone,7,53755.87,0,376291.09,239454.74,136836.35,COD,CUST2607
ORD102297,2024-08-06,West,Home & Kitchen,Air Fryer,10,3187.46,15,27093.41,20312.05,6781.36,Debit Card,CUST3237
ORD102298,2024-08-12,South,Apparel,Sneakers,3,1436.66,5,4094.48,2614.48,1480.0,UPI,CUST2386
ORD102299,2024-03-23,West,Sports,Football,5,946.58,15,4022.96,3350.47,672.49,COD,CUST1184
ORD102300,2025-06-05,North,Apparel,Kurta,2,587.18,0,1174.36,747.97,426.39,COD,CUST3348
ORD102301,2024-03-07,South,Electronics,Laptop,9,36161.78,25,244092.02,233529.78,10562.24,Net Banking,CUST1660
ORD102302,2025-02-08,North,Sports,Dumbbells,1,1894.65,0,1894.65,1495.6,399.05,UPI,CUST1583
ORD102303,2025-06-12,Central,Beauty,Hair Serum,9,1118.91,5,9566.68,6765.76,2800.92,Credit Card,CUST2798
ORD102304,2024-04-20,North,Home & Kitchen,Mixer Grinder,7,3242.55,0,22697.85,14322.5,8375.35,Debit Card,CUST3241
ORD102305,2024-02-16,West,Home & Kitchen,Bedsheet Set,2,3378.36,10,6081.05,4397.0,1684.05,UPI,CUST1130
ORD102306,2024-09-26,Central,Home & Kitchen,Cookware Set,4,2514.02,15,8547.67,7424.44,1123.23,Credit Card,CUST2457
ORD102307,2024-02-07,North,Beauty,Face Wash,7,3535.76,0,24750.32,19725.9,5024.42,COD,CUST1473
ORD102308,2024-02-28,West,Beauty,Lipstick,3,1659.03,5,4728.24,3744.75,983.49,UPI,CUST1382
ORD102309,2025-01-22,North,Beauty,Face Wash,5,3577.71,5,16994.12,11687.56,5306.56,Net Banking,CUST2090
ORD102310,2024-05-08,East,Electronics,Laptop,7,36919.81,5,245516.74,170167.93,75348.81,COD,CUST2208
ORD102311,2025-05-20,North,Beauty,Hair Serum,6,3773.85,10,20378.79,14215.3,6163.49,Credit Card,CUST3045
ORD102312,2024-06-13,West,Sports,Yoga Mat,5,1277.42,10,5748.39,4016.67,1731.72,UPI,CUST1992
ORD102313,2025-08-27,South,Beauty,Lipstick,5,3086.34,0,15431.7,8536.02,6895.68,UPI,CUST1648
ORD102314,2025-01-20,North,Electronics,Tablet,3,14109.16,10,38094.73,28666.31,9428.42,UPI,CUST2842
ORD102315,2025-07-21,Central,Home & Kitchen,Mixer Grinder,9,2043.09,0,18387.81,10136.15,8251.66,COD,CUST3009
ORD102316,2025-05-27,North,Apparel,T-Shirt,9,1424.21,0,12817.89,8545.42,4272.47,Net Banking,CUST2207
ORD102317,2024-03-07,East,Apparel,Sneakers,1,2019.16,0,2019.16,1152.11,867.05,UPI,CUST2576
ORD102318,2025-04-17,Central,Apparel,T-Shirt,3,578.56,0,1735.68,1159.91,575.77,UPI,CUST1827
ORD102319,2024-11-19,Central,Beauty,Face Wash,6,2188.91,15,11163.44,7351.95,3811.49,Credit Card,CUST1483
ORD102320,2024-01-16,West,Beauty,Lipstick,9,663.58,20,4777.78,4047.24,730.54,Credit Card,CUST1128
ORD102321,2025-05-25,North,Sports,Cricket Bat,7,956.27,25,5020.42,4799.29,221.13,COD,CUST1064
ORD102322,2025-09-06,East,Apparel,Jeans,5,2210.03,15,9392.63,7723.52,1669.11,UPI,CUST3013
ORD102323,2025-11-24,North,Apparel,T-Shirt,4,2204.01,15,7493.63,7012.56,481.07,COD,CUST2524
ORD102324,2025-04-07,East,Electronics,Smartphone,10,26319.32,10,236873.88,174133.75,62740.13,UPI,CUST2600
ORD102325,2024-11-16,North,Electronics,Laptop,10,21922.12,10,197299.08,127107.2,70191.88,UPI,CUST2621
ORD102326,2025-06-21,West,Apparel,T-Shirt,10,3375.37,25,25315.28,18909.56,6405.72,Debit Card,CUST2413
ORD102327,2025-06-09,East,Electronics,Headphones,1,48970.02,10,44073.02,38502.25,5570.77,Debit Card,CUST3415
ORD102328,2024-02-20,South,Apparel,Kurta,2,3960.99,0,7921.98,5184.65,2737.33,Debit Card,CUST3307
ORD102329,2024-07-10,North,Beauty,Hair Serum,10,3153.64,0,31536.4,20338.45,11197.95,UPI,CUST3288
ORD102330,2025-05-05,East,Apparel,T-Shirt,10,1729.8,25,12973.5,11545.56,1427.94,Net Banking,CUST1578
ORD102331,2024-08-05,West,Apparel,T-Shirt,1,2060.07,5,1957.07,1624.55,332.52,Net Banking,CUST1452
ORD102332,2024-05-31,South,Electronics,Smartwatch,11,35452.42,0,389976.62,275486.03,114490.59,COD,CUST1894
ORD102333,2025-03-03,East,Apparel,T-Shirt,2,3571.83,0,7143.66,4684.22,2459.44,Debit Card,CUST2796
ORD102334,2024-11-04,North,Home & Kitchen,Mixer Grinder,10,2515.75,10,22641.75,16045.58,6596.17,UPI,CUST2565
ORD102335,2024-05-05,Central,Beauty,Lipstick,5,1928.7,0,9643.5,6266.82,3376.68,COD,CUST3121
ORD102336,2024-01-05,Central,Electronics,Tablet,7,58209.43,5,387092.71,322850.56,64242.15,UPI,CUST1277
ORD102337,2024-08-11,Central,Home & Kitchen,Mixer Grinder,8,3191.79,15,21704.17,14762.71,6941.46,Net Banking,CUST2789
ORD102338,2024-12-08,East,Beauty,Perfume,1,3944.69,20,3155.75,3112.92,42.83,UPI,CUST1347
ORD102339,2024-01-01,North,Home & Kitchen,Bedsheet Set,8,2076.91,15,14122.99,9762.12,4360.87,Net Banking,CUST1023
ORD102340,2024-07-29,Central,Electronics,Tablet,1,39782.68,5,37793.55,29956.69,7836.86,COD,CUST2695
ORD102341,2024-08-07,Central,Beauty,Perfume,5,397.31,0,1986.55,1418.47,568.08,Debit Card,CUST3144
ORD102342,2024-05-26,North,Electronics,Laptop,6,32914.26,25,148114.17,133140.13,14974.04,Debit Card,CUST2025
ORD102343,2024-10-14,South,Electronics,Headphones,10,8888.44,5,84440.18,66103.95,18336.23,COD,CUST1403
ORD102344,2025-05-22,North,Apparel,Kurta,4,343.32,10,1235.95,807.71,428.24,Credit Card,CUST1744
ORD102345,2025-05-07,West,Apparel,Jacket,8,3824.67,15,26007.76,24106.62,1901.14,Net Banking,CUST3499
ORD102346,2025-01-03,West,Apparel,Jeans,9,3041.07,0,27369.63,19943.48,7426.15,UPI,CUST1864
ORD102347,2025-05-09,Central,Electronics,Laptop,7,44933.63,0,314535.41,193419.69,121115.72,COD,CUST2985
ORD102348,2025-12-28,East,Home & Kitchen,Cookware Set,8,941.67,15,6403.36,4993.37,1409.99,Net Banking,CUST1659
ORD102349,2025-03-07,West,Electronics,Tablet,8,32555.86,25,195335.16,151056.34,44278.82,Net Banking,CUST2215
ORD102350,2024-07-07,East,Electronics,Laptop,8,9544.43,5,72537.67,46393.98,26143.69,Net Banking,CUST3364
ORD102351,2024-07-27,Central,Apparel,Jeans,3,2604.86,0,7814.58,5354.02,2460.56,Credit Card,CUST1553
ORD102352,2025-08-03,Central,Apparel,Jeans,3,3888.63,25,8749.42,8326.32,423.1,COD,CUST1547
ORD102353,2024-05-05,South,Sports,Dumbbells,2,837.43,0,1674.86,1278.4,396.46,COD,CUST1048
ORD102354,2025-10-19,West,Electronics,Smartphone,9,42117.99,20,303249.53,271566.94,31682.59,Credit Card,CUST2983
ORD102355,2024-11-10,South,Apparel,T-Shirt,6,3354.07,5,19118.2,14054.93,5063.27,UPI,CUST2017
ORD102356,2025-09-29,South,Apparel,T-Shirt,11,2659.43,0,29253.73,16550.42,12703.31,Debit Card,CUST3478
ORD102357,2024-08-29,South,Sports,Yoga Mat,6,1171.13,0,7026.78,4762.42,2264.36,Debit Card,CUST1780
ORD102358,2024-07-27,West,Electronics,Smartwatch,9,564.03,5,4822.46,4058.87,763.59,Net Banking,CUST3487
ORD102359,2025-11-20,South,Apparel,Jeans,4,3525.91,15,11988.09,7811.35,4176.74,COD,CUST2212
ORD102360,2024-06-26,South,Apparel,Kurta,11,726.24,0,7988.64,5329.58,2659.06,Net Banking,CUST2265
ORD102361,2024-08-25,South,Home & Kitchen,Bedsheet Set,3,3884.75,20,9323.4,8733.16,590.24,Net Banking,CUST1926
ORD102362,2024-12-07,East,Beauty,Face Wash,3,1289.36,0,3868.08,2337.93,1530.15,COD,CUST1722
ORD102363,2024-11-27,West,Beauty,Perfume,4,1897.64,0,7590.56,4558.01,3032.55,COD,CUST3142
ORD102364,2025-07-06,South,Beauty,Hair Serum,3,2252.28,5,6419.0,4444.0,1975.0,COD,CUST1693
ORD102365,2025-12-04,West,Electronics,Smartwatch,8,5481.1,15,37271.48,33468.82,3802.66,Credit Card,CUST1129
ORD102366,2024-10-18,Central,Home & Kitchen,Cookware Set,4,2994.49,0,11977.96,7766.02,4211.94,UPI,CUST1764
ORD102367,2024-07-15,West,Home & Kitchen,Bedsheet Set,2,3246.93,0,6493.86,4116.97,2376.89,Net Banking,CUST1757
ORD102368,2025-07-21,West,Beauty,Lipstick,7,3679.01,0,25753.07,18198.57,7554.5,Debit Card,CUST2421
ORD102369,2025-03-19,North,Sports,Football,11,3255.85,0,35814.35,21370.49,14443.86,Net Banking,CUST1949
ORD102370,2025-06-11,South,Apparel,Sneakers,7,1015.63,5,6753.94,4355.43,2398.51,UPI,CUST3482
ORD102371,2025-03-01,North,Apparel,T-Shirt,8,1590.21,0,12721.68,7941.49,4780.19,Debit Card,CUST1702
ORD102372,2025-10-12,West,Home & Kitchen,Bedsheet Set,7,1952.12,25,10248.63,8968.6,1280.03,COD,CUST3051
ORD102373,2024-11-12,West,Beauty,Lipstick,3,3600.47,0,10801.41,8412.95,2388.46,COD,CUST3166
ORD102374,2024-12-15,West,Home & Kitchen,Mixer Grinder,5,2521.98,0,12609.9,7540.37,5069.53,Credit Card,CUST3377
ORD102375,2024-08-06,Central,Electronics,Smartwatch,4,34894.55,10,125620.38,101931.72,23688.66,UPI,CUST2358
ORD102376,2024-07-30,East,Apparel,Sneakers,4,3573.52,10,12864.67,10065.67,2799.0,Net Banking,CUST2823
ORD102377,2024-12-15,East,Sports,Football,10,538.42,10,4845.78,3876.45,969.33,Credit Card,CUST1983
ORD102378,2024-01-20,South,Beauty,Hair Serum,7,2022.74,0,14159.18,8811.98,5347.2,UPI,CUST1700
ORD102379,2024-01-26,East,Beauty,Face Wash,6,2594.71,10,14011.43,11618.17,2393.26,Credit Card,CUST2562
ORD102380,2024-03-23,Central,Apparel,Jacket,2,1622.63,5,3083.0,2330.67,752.33,COD,CUST1962
ORD102381,2025-10-29,South,Apparel,Jacket,4,3614.54,0,14458.16,11207.3,3250.86,Debit Card,CUST2445
ORD102382,2025-12-18,North,Sports,Yoga Mat,9,2258.38,5,19309.15,12758.84,6550.31,Credit Card,CUST1287
ORD102383,2024-04-04,West,Electronics,Smartwatch,9,22285.39,0,200568.51,138986.29,61582.22,Debit Card,CUST2588
ORD102384,2024-06-27,South,Electronics,Tablet,5,5310.91,5,25226.82,20194.46,5032.36,COD,CUST3290
ORD102385,2024-04-05,East,Apparel,Sneakers,5,952.83,15,4049.53,3749.29,300.24,Net Banking,CUST2194
ORD102386,2025-08-06,Central,Sports,Football,3,2608.99,5,7435.62,5137.94,2297.68,Net Banking,CUST2017
ORD102387,2024-03-22,North,Beauty,Face Wash,9,1209.42,5,10340.54,8096.37,2244.17,Debit Card,CUST1375
ORD102388,2024-02-02,East,Home & Kitchen,Cookware Set,8,1950.83,10,14045.98,10085.85,3960.13,UPI,CUST3089
ORD102389,2024-01-09,North,Beauty,Lipstick,8,2191.78,10,15780.82,13745.97,2034.85,UPI,CUST1789
ORD102390,2025-03-11,North,Beauty,Face Wash,11,1189.52,0,13084.72,8050.59,5034.13,Credit Card,CUST2673
ORD102391,2025-02-16,East,Beauty,Hair Serum,8,464.56,0,3716.48,2188.71,1527.77,COD,CUST1456
ORD102392,2025-03-19,East,Apparel,Jeans,6,3459.63,20,16606.22,12463.51,4142.71,UPI,CUST3046
ORD102393,2024-03-13,West,Apparel,Jeans,6,3671.46,10,19825.88,16181.18,3644.7,UPI,CUST2095
ORD102394,2025-08-30,West,Sports,Cricket Bat,4,2221.0,10,7995.6,5364.45,2631.15,Debit Card,CUST1222
ORD102395,2024-08-03,South,Apparel,Jeans,7,2901.56,10,18279.83,16132.14,2147.69,Credit Card,CUST2219
ORD102396,2025-08-30,East,Apparel,Jeans,1,1077.69,10,969.92,615.7,354.22,COD,CUST2964
ORD102397,2025-03-23,South,Beauty,Face Wash,8,2394.37,0,19154.96,10763.57,8391.39,Credit Card,CUST2184
ORD102398,2024-11-03,West,Home & Kitchen,Mixer Grinder,2,1049.28,10,1888.7,1158.32,730.38,Credit Card,CUST1777
ORD102399,2024-11-03,East,Home & Kitchen,Mixer Grinder,2,1174.98,10,2114.96,1685.45,429.51,Credit Card,CUST1735
ORD102400,2025-05-05,West,Sports,Yoga Mat,6,1484.33,15,7570.08,6586.97,983.11,COD,CUST2897
ORD102401,2025-09-23,North,Electronics,Smartphone,1,13261.7,10,11935.53,9145.84,2789.69,Net Banking,CUST3488
ORD102402,2025-01-22,North,Electronics,Tablet,2,45241.34,0,90482.68,67032.01,23450.67,Credit Card,CUST2268
ORD102403,2024-06-11,North,Apparel,Kurta,7,3567.68,0,24973.76,16069.08,8904.68,COD,CUST2146
ORD102404,2025-06-17,West,Sports,Dumbbells,11,2778.61,5,29036.47,21330.57,7705.9,COD,CUST2765
ORD102405,2024-09-05,East,Home & Kitchen,Bedsheet Set,9,2930.3,10,23735.43,15499.19,8236.24,Net Banking,CUST1723
ORD102406,2025-08-06,South,Home & Kitchen,Air Fryer,10,1243.92,10,11195.28,7179.62,4015.66,Net Banking,CUST2641
ORD102407,2024-05-15,Central,Beauty,Hair Serum,1,2928.27,0,2928.27,2252.59,675.68,Credit Card,CUST1049
ORD102408,2025-05-29,North,Home & Kitchen,Air Fryer,8,342.43,10,2465.5,1785.24,680.26,Credit Card,CUST2165
ORD102409,2024-07-20,South,Beauty,Hair Serum,10,3676.41,15,31249.48,20738.43,10511.05,Credit Card,CUST2515
ORD102410,2024-12-11,Central,Sports,Cricket Bat,9,2510.1,0,22590.9,12542.14,10048.76,Net Banking,CUST1360
ORD102411,2025-03-16,West,Apparel,Jacket,3,2977.34,0,8932.02,5406.74,3525.28,Debit Card,CUST2345
ORD102412,2024-12-09,South,Beauty,Hair Serum,11,1656.65,10,16400.84,13143.16,3257.68,Credit Card,CUST3152
ORD102413,2024-11-17,East,Home & Kitchen,Mixer Grinder,3,1047.24,10,2827.55,2453.04,374.51,Credit Card,CUST3282
ORD102414,2024-09-19,South,Home & Kitchen,Bedsheet Set,6,2318.9,15,11826.39,8929.19,2897.2,Debit Card,CUST2373
ORD102415,2024-07-18,Central,Beauty,Hair Serum,8,3037.56,0,24300.48,15624.58,8675.9,Credit Card,CUST1216
ORD102416,2025-09-14,West,Home & Kitchen,Bedsheet Set,1,816.83,0,816.83,583.35,233.48,Credit Card,CUST2168
ORD102417,2024-11-03,Central,Beauty,Lipstick,10,2719.34,5,25833.73,17426.53,8407.2,UPI,CUST1931
ORD102418,2024-06-13,Central,Apparel,Kurta,5,2511.14,15,10672.34,8618.56,2053.78,Debit Card,CUST1523
ORD102419,2024-02-21,West,Electronics,Laptop,1,18695.73,0,18695.73,14129.21,4566.52,Credit Card,CUST3320
ORD102420,2024-07-05,South,Home & Kitchen,Bedsheet Set,3,837.35,5,2386.45,1675.44,711.01,COD,CUST1497
ORD102421,2025-03-09,Central,Electronics,Smartwatch,6,44010.67,10,237657.62,158856.88,78800.74,UPI,CUST1375
ORD102422,2025-12-30,South,Apparel,Jeans,6,3604.54,0,21627.24,13248.7,8378.54,Credit Card,CUST3068
ORD102423,2024-09-13,North,Electronics,Smartwatch,1,2368.04,25,1776.03,1571.73,204.3,UPI,CUST1635
ORD102424,2024-09-18,East,Home & Kitchen,Bedsheet Set,1,775.47,10,697.92,521.74,176.18,UPI,CUST2970
ORD102425,2025-10-02,North,Home & Kitchen,Bedsheet Set,11,1619.58,5,16924.61,10886.11,6038.5,UPI,CUST2120
ORD102426,2025-06-12,North,Sports,Football,5,3095.51,0,15477.55,10806.32,4671.23,Net Banking,CUST3076
ORD102427,2024-04-11,Central,Apparel,Kurta,11,2003.04,10,19830.1,13701.24,6128.86,Credit Card,CUST1113
ORD102428,2025-06-26,West,Home & Kitchen,Bedsheet Set,4,363.64,0,1454.56,836.79,617.77,Debit Card,CUST1260
ORD102429,2024-07-25,South,Beauty,Perfume,4,1793.82,5,6816.52,4209.82,2606.7,Net Banking,CUST2046
ORD102430,2025-10-18,North,Electronics,Headphones,4,51301.88,25,153905.64,129186.99,24718.65,Credit Card,CUST1305
ORD102431,2025-07-17,Central,Electronics,Headphones,6,36107.25,0,216643.5,170431.9,46211.6,UPI,CUST2630
ORD102432,2025-07-09,East,Electronics,Tablet,4,39465.99,20,126291.17,102635.07,23656.1,UPI,CUST2714
ORD102433,2025-05-23,Central,Home & Kitchen,Bedsheet Set,10,1073.27,20,8586.16,8508.82,77.34,Credit Card,CUST1178
ORD102434,2024-02-17,Central,Home & Kitchen,Mixer Grinder,8,1222.19,20,7822.02,7538.64,283.38,Debit Card,CUST1785
ORD102435,2024-01-30,West,Apparel,Sneakers,1,3239.31,10,2915.38,1884.19,1031.19,Net Banking,CUST3154
ORD102436,2025-07-28,Central,Home & Kitchen,Cookware Set,6,950.37,15,4846.89,4026.51,820.38,Debit Card,CUST1858
ORD102437,2025-05-17,North,Sports,Yoga Mat,2,1436.85,25,2155.27,1954.18,201.09,COD,CUST3391
ORD102438,2025-09-19,West,Electronics,Tablet,8,20538.51,0,164308.08,114396.88,49911.2,Net Banking,CUST1246
ORD102439,2025-02-14,South,Apparel,Jacket,11,3545.65,5,37052.04,22185.93,14866.11,COD,CUST2323
ORD102440,2024-10-25,Central,Beauty,Perfume,5,2549.54,10,11472.93,8752.93,2720.0,Net Banking,CUST1497
ORD102441,2025-05-30,Central,Apparel,T-Shirt,8,3244.45,10,23360.04,17445.8,5914.24,Net Banking,CUST1272
ORD102442,2024-05-06,East,Home & Kitchen,Mixer Grinder,10,458.8,15,3899.8,2684.94,1214.86,Debit Card,CUST2616
ORD102443,2024-04-16,West,Beauty,Perfume,1,2142.95,0,2142.95,1702.82,440.13,Net Banking,CUST3291
ORD102444,2025-11-20,East,Beauty,Face Wash,1,3514.89,20,2811.91,1942.83,869.08,UPI,CUST2828
ORD102445,2025-06-10,North,Apparel,Jeans,7,3463.65,0,24245.55,18842.49,5403.06,UPI,CUST2830
ORD102446,2025-01-23,East,Beauty,Hair Serum,9,2361.57,15,18066.01,15867.85,2198.16,UPI,CUST1981
ORD102447,2024-06-28,West,Electronics,Tablet,9,34538.87,0,310849.83,202229.02,108620.81,Net Banking,CUST1829
ORD102448,2024-12-11,East,Beauty,Hair Serum,3,3379.56,5,9631.75,6925.15,2706.6,COD,CUST1645
ORD102449,2024-08-08,Central,Beauty,Face Wash,6,2889.69,20,13870.51,10613.17,3257.34,Net Banking,CUST1043
ORD102450,2025-07-11,Central,Home & Kitchen,Cookware Set,3,195.64,0,586.92,370.49,216.43,COD,CUST2680
ORD102451,2024-03-29,East,Electronics,Laptop,7,32116.5,0,224815.5,160627.91,64187.59,Debit Card,CUST2365
ORD102452,2025-07-21,West,Electronics,Headphones,11,37378.69,0,411165.59,280640.41,130525.18,UPI,CUST1485
ORD102453,2024-07-03,West,Sports,Yoga Mat,9,2774.45,0,24970.05,14423.22,10546.83,COD,CUST1050
ORD102454,2024-11-04,South,Home & Kitchen,Cookware Set,2,981.31,20,1570.1,1121.33,448.77,UPI,CUST2093
ORD102455,2024-08-17,East,Apparel,T-Shirt,5,1350.78,5,6416.2,3918.22,2497.98,Debit Card,CUST2614
ORD102456,2025-03-15,West,Electronics,Laptop,1,53609.7,0,53609.7,42863.61,10746.09,COD,CUST2551
ORD102457,2025-08-30,North,Apparel,T-Shirt,5,917.93,0,4589.65,2796.41,1793.24,Net Banking,CUST2629
ORD102458,2024-07-09,North,Beauty,Perfume,3,3888.37,20,9332.09,9173.31,158.78,Credit Card,CUST3445
ORD102459,2025-05-10,Central,Sports,Dumbbells,5,3931.72,10,17692.74,11119.15,6573.59,COD,CUST3178
ORD102460,2024-04-22,South,Apparel,Sneakers,2,811.16,0,1622.32,1072.22,550.1,Credit Card,CUST2957
ORD102461,2025-02-10,West,Electronics,Laptop,4,54006.54,0,216026.16,135592.52,80433.64,COD,CUST1674
ORD102462,2025-12-14,West,Home & Kitchen,Cookware Set,11,3354.48,0,36899.28,28786.55,8112.73,Credit Card,CUST1256
ORD102463,2024-02-03,East,Beauty,Hair Serum,3,2817.7,15,7185.13,5423.63,1761.5,COD,CUST3184
ORD102464,2024-12-24,North,Home & Kitchen,Mixer Grinder,2,3190.22,15,5423.37,3818.57,1604.8,Credit Card,CUST3493
ORD102465,2024-10-04,West,Electronics,Smartphone,3,57944.42,0,173833.26,103485.02,70348.24,Debit Card,CUST3190
ORD102466,2024-02-01,Central,Apparel,T-Shirt,5,3409.58,5,16195.5,9530.43,6665.07,Debit Card,CUST3029
ORD102467,2024-10-01,East,Sports,Football,7,2229.25,5,14824.51,12394.79,2429.72,Credit Card,CUST3045
ORD102468,2024-01-31,West,Sports,Yoga Mat,10,3024.12,10,27217.08,21406.16,5810.92,COD,CUST1650
ORD102469,2025-08-20,Central,Beauty,Lipstick,11,304.08,0,3344.88,1995.23,1349.65,UPI,CUST1585
ORD102470,2024-05-08,North,Electronics,Headphones,6,18104.88,0,108629.28,66817.68,41811.6,Debit Card,CUST3402
ORD102471,2025-09-15,North,Apparel,Sneakers,5,1859.96,10,8369.82,7039.2,1330.62,COD,CUST3134
ORD102472,2024-09-21,North,Sports,Football,8,949.58,20,6077.31,4510.2,1567.11,Debit Card,CUST1465
ORD102473,2024-06-18,South,Sports,Cricket Bat,5,3721.41,5,17676.7,14880.27,2796.43,Credit Card,CUST1949
ORD102474,2025-02-09,South,Apparel,Kurta,10,1579.09,10,14211.81,10204.68,4007.13,Credit Card,CUST2658
ORD102475,2024-10-18,East,Sports,Football,5,1211.56,15,5149.13,3768.28,1380.85,Credit Card,CUST2919
ORD102476,2024-08-20,Central,Electronics,Laptop,10,14139.03,15,120181.76,80861.35,39320.41,UPI,CUST2438
ORD102477,2024-01-28,Central,Apparel,T-Shirt,8,2746.6,5,20874.16,16822.27,4051.89,Net Banking,CUST1855
ORD102478,2025-03-19,North,Electronics,Smartphone,2,57042.91,10,102677.24,86048.33,16628.91,Debit Card,CUST1361
ORD102479,2024-07-13,Central,Home & Kitchen,Air Fryer,8,3786.28,0,30290.24,17944.4,12345.84,UPI,CUST1347
ORD102480,2024-09-10,South,Beauty,Face Wash,11,1529.23,0,16821.53,12439.84,4381.69,Net Banking,CUST1901
ORD102481,2025-02-10,East,Electronics,Tablet,4,10356.4,0,41425.6,32174.67,9250.93,Debit Card,CUST1823
ORD102482,2024-01-02,Central,Beauty,Perfume,9,975.98,25,6587.86,4945.49,1642.37,COD,CUST2619
ORD102483,2025-03-12,Central,Home & Kitchen,Air Fryer,1,2893.43,10,2604.09,1871.48,732.61,Debit Card,CUST3082
ORD102484,2024-07-17,North,Sports,Yoga Mat,1,1008.6,5,958.17,577.74,380.43,Credit Card,CUST2303
ORD102485,2025-07-30,South,Apparel,T-Shirt,10,2159.98,0,21599.8,14809.07,6790.73,UPI,CUST2846
ORD102486,2024-12-20,South,Home & Kitchen,Cookware Set,2,3658.99,5,6952.08,4686.8,2265.28,Debit Card,CUST2681
ORD102487,2025-12-19,Central,Sports,Yoga Mat,2,1667.85,20,2668.56,2541.6,126.96,Net Banking,CUST3111
ORD102488,2024-08-05,Central,Home & Kitchen,Cookware Set,8,2511.81,5,19089.76,14336.4,4753.36,COD,CUST2781
ORD102489,2025-08-02,East,Electronics,Tablet,6,21331.49,15,108790.6,77940.02,30850.58,Net Banking,CUST1839
ORD102490,2024-04-12,West,Beauty,Perfume,1,1462.14,25,1096.6,1058.84,37.76,COD,CUST2971
ORD102491,2025-04-26,West,Electronics,Headphones,10,36722.76,10,330504.84,271929.26,58575.58,UPI,CUST3219
ORD102492,2024-01-17,North,Sports,Yoga Mat,6,1079.64,0,6477.84,3853.55,2624.29,Net Banking,CUST3295
ORD102493,2024-02-21,Central,Apparel,Jacket,4,2858.02,0,11432.08,8455.24,2976.84,Debit Card,CUST2586
ORD102494,2024-09-01,West,Sports,Yoga Mat,10,3645.66,0,36456.6,25413.11,11043.49,UPI,CUST2169
ORD102495,2025-04-22,West,Home & Kitchen,Bedsheet Set,7,1821.81,5,12115.04,9697.42,2417.62,Credit Card,CUST1381
ORD102496,2024-06-05,North,Sports,Yoga Mat,8,1641.86,10,11821.39,9041.6,2779.79,Net Banking,CUST2860
ORD102497,2024-02-13,North,Electronics,Tablet,6,21206.45,10,114514.83,97590.93,16923.9,Debit Card,CUST3284
ORD102498,2025-05-31,East,Beauty,Face Wash,6,1057.22,20,5074.66,5003.15,71.51,Credit Card,CUST2454
ORD102499,2024-07-21,East,Home & Kitchen,Air Fryer,9,1556.7,5,13309.78,10583.17,2726.61,UPI,CUST2088
ORD102500,2024-08-31,North,Apparel,Jacket,2,739.44,10,1330.99,945.15,385.84,Credit Card,CUST2404
ORD102501,2025-09-16,West,Beauty,Perfume,4,2288.75,15,7781.75,6190.1,1591.65,Credit Card,CUST2075
ORD102502,2025-01-08,Central,Electronics,Laptop,11,9068.44,15,84789.91,71700.94,13088.97,Net Banking,CUST2112
ORD102503,2024-02-10,North,Sports,Football,10,274.03,5,2603.28,1721.92,881.36,Debit Card,CUST1978
ORD102504,2025-06-01,Central,Home & Kitchen,Air Fryer,2,3081.93,10,5547.47,3758.3,1789.17,Net Banking,CUST2033
ORD102505,2024-05-17,North,Sports,Cricket Bat,2,3604.24,5,6848.06,4386.5,2461.56,UPI,CUST1579
ORD102506,2024-07-02,South,Home & Kitchen,Bedsheet Set,3,1114.46,0,3343.38,2549.36,794.02,Net Banking,CUST2332
ORD102507,2025-06-25,West,Sports,Football,9,948.72,5,8111.56,6076.42,2035.14,Debit Card,CUST1739
ORD102508,2025-08-10,North,Apparel,Jacket,1,1054.48,0,1054.48,619.05,435.43,Debit Card,CUST2601
ORD102509,2024-12-25,South,Apparel,Jeans,5,2745.81,0,13729.05,8133.7,5595.35,COD,CUST1592
ORD102510,2024-09-02,North,Sports,Dumbbells,11,2104.45,0,23148.95,18467.57,4681.38,Net Banking,CUST3414
ORD102511,2024-03-22,West,Apparel,Kurta,6,3601.56,15,18367.96,12138.51,6229.45,COD,CUST2969
ORD102512,2025-04-23,East,Apparel,Sneakers,4,282.45,5,1073.31,676.36,396.95,COD,CUST1225
ORD102513,2024-07-03,East,Sports,Dumbbells,4,2387.56,25,7162.68,5303.82,1858.86,COD,CUST2820
ORD102514,2024-09-22,East,Sports,Yoga Mat,2,1408.26,0,2816.52,1972.49,844.03,Credit Card,CUST1921
ORD102515,2025-01-21,East,Home & Kitchen,Bedsheet Set,7,3739.38,10,23558.09,15335.15,8222.94,Credit Card,CUST2917
ORD102516,2025-09-24,South,Electronics,Smartphone,10,26948.03,15,229058.25,202254.69,26803.56,Credit Card,CUST1135
ORD102517,2024-10-30,North,Apparel,Kurta,8,2324.65,10,16737.48,12295.66,4441.82,Credit Card,CUST2074
ORD102518,2025-01-18,North,Home & Kitchen,Bedsheet Set,7,155.13,0,1085.91,656.96,428.95,COD,CUST2334
ORD102519,2025-01-09,West,Sports,Yoga Mat,8,1496.17,0,11969.36,8129.59,3839.77,COD,CUST2335
ORD102520,2024-10-20,West,Sports,Cricket Bat,6,3547.81,0,21286.86,13104.03,8182.83,Credit Card,CUST2987
ORD102521,2025-05-30,North,Sports,Yoga Mat,2,1937.44,0,3874.88,2267.75,1607.13,COD,CUST1123
ORD102522,2025-10-01,South,Sports,Dumbbells,5,868.25,10,3907.12,2930.44,976.68,Debit Card,CUST2655
ORD102523,2024-08-30,Central,Sports,Cricket Bat,2,635.55,5,1207.54,931.75,275.79,COD,CUST2016
ORD102524,2025-07-07,South,Apparel,Kurta,9,2743.99,20,19756.73,15728.36,4028.37,UPI,CUST2833
ORD102525,2024-10-17,South,Electronics,Headphones,6,29699.35,0,178196.1,112539.08,65657.02,Debit Card,CUST2479
ORD102526,2025-08-13,West,Home & Kitchen,Mixer Grinder,7,2659.76,0,18618.32,11093.8,7524.52,COD,CUST1476
ORD102527,2024-05-01,East,Beauty,Perfume,8,3154.69,20,20190.02,15812.24,4377.78,Credit Card,CUST1229
ORD102528,2024-06-16,Central,Home & Kitchen,Cookware Set,9,3268.01,25,22059.07,22235.76,-176.69,Credit Card,CUST3401
ORD102529,2024-02-18,West,Home & Kitchen,Air Fryer,4,2081.56,20,6660.99,5122.38,1538.61,Net Banking,CUST1570
ORD102530,2024-11-03,North,Home & Kitchen,Cookware Set,1,228.31,10,205.48,127.6,77.88,Debit Card,CUST3143
ORD102531,2024-04-23,East,Beauty,Perfume,11,1992.94,5,20826.22,16842.71,3983.51,Debit Card,CUST1579
ORD102532,2025-10-01,Central,Electronics,Smartwatch,8,10022.97,15,68156.2,60386.44,7769.76,COD,CUST2910
ORD102533,2025-03-17,North,Electronics,Headphones,4,47194.84,10,169901.42,144279.21,25622.21,Debit Card,CUST1526
ORD102534,2024-10-05,East,Beauty,Lipstick,2,3280.5,20,5248.8,4159.17,1089.63,Net Banking,CUST1289
ORD102535,2024-01-18,East,Electronics,Smartphone,10,4952.41,5,47047.9,31702.67,15345.23,UPI,CUST1140
ORD102536,2024-11-03,North,Beauty,Lipstick,10,2563.63,0,25636.3,14509.03,11127.27,Credit Card,CUST1598
ORD102537,2025-12-11,South,Beauty,Hair Serum,6,2281.76,20,10952.45,10007.8,944.65,Credit Card,CUST1392
ORD102538,2025-02-04,West,Sports,Yoga Mat,2,1577.93,10,2840.27,2059.73,780.54,Credit Card,CUST1990
ORD102539,2024-01-15,South,Beauty,Face Wash,4,2794.48,5,10619.02,7728.14,2890.88,Net Banking,CUST1097
ORD102540,2024-12-02,West,Apparel,Sneakers,7,3597.95,5,23926.37,19843.0,4083.37,Net Banking,CUST2305
ORD102541,2024-06-12,West,Home & Kitchen,Air Fryer,5,2844.11,0,14220.55,8075.28,6145.27,UPI,CUST3296
ORD102542,2024-09-01,North,Sports,Dumbbells,11,3844.95,20,33835.56,31241.67,2593.89,COD,CUST1686
ORD102543,2025-12-16,South,Beauty,Perfume,5,3370.02,10,15165.09,12931.44,2233.65,Net Banking,CUST2396
ORD102544,2024-09-22,East,Beauty,Face Wash,2,939.17,10,1690.51,1296.16,394.35,UPI,CUST1588
ORD102545,2025-10-09,East,Electronics,Laptop,5,25380.07,0,126900.35,82105.4,44794.95,Credit Card,CUST2905
ORD102546,2025-02-17,West,Apparel,Sneakers,9,1666.64,10,13499.78,9026.38,4473.4,Net Banking,CUST2528
ORD102547,2024-07-16,South,Electronics,Laptop,8,53320.8,5,405238.08,296061.55,109176.53,COD,CUST2769
ORD102548,2025-02-13,West,Home & Kitchen,Mixer Grinder,5,2643.19,0,13215.95,8106.98,5108.97,COD,CUST1159
ORD102549,2024-07-25,South,Sports,Football,2,3356.45,0,6712.9,3880.39,2832.51,Net Banking,CUST3471
ORD102550,2025-06-30,South,Beauty,Hair Serum,5,399.1,10,1795.95,1258.11,537.84,Credit Card,CUST2431
ORD102551,2024-01-17,South,Electronics,Smartphone,2,31887.97,15,54209.55,38822.78,15386.77,UPI,CUST2627
ORD102552,2024-06-22,South,Home & Kitchen,Mixer Grinder,11,2444.38,0,26888.18,17032.6,9855.58,Credit Card,CUST1791
ORD102553,2024-03-05,Central,Home & Kitchen,Bedsheet Set,5,503.96,10,2267.82,1656.12,611.7,Credit Card,CUST2090
ORD102554,2024-08-25,East,Beauty,Hair Serum,8,282.18,25,1693.08,1729.85,-36.77,Net Banking,CUST1066
ORD102555,2024-06-24,West,Beauty,Face Wash,1,3967.3,5,3768.94,2859.21,909.73,UPI,CUST3239
ORD102556,2024-11-24,Central,Sports,Yoga Mat,7,1860.06,10,11718.38,9402.64,2315.74,UPI,CUST1392
ORD102557,2025-08-23,North,Apparel,Jacket,1,3721.77,0,3721.77,2391.99,1329.78,Net Banking,CUST2151
ORD102558,2024-07-13,South,Apparel,Sneakers,2,1093.84,5,2078.3,1220.91,857.39,COD,CUST3207
ORD102559,2025-12-06,Central,Electronics,Tablet,2,33194.7,15,56430.99,42035.35,14395.64,UPI,CUST3021
ORD102560,2025-12-22,South,Apparel,Kurta,4,3791.09,10,13647.92,11109.95,2537.97,UPI,CUST2240
ORD102561,2024-04-07,West,Electronics,Laptop,8,55684.97,0,445479.76,275065.2,170414.56,Credit Card,CUST1079
ORD102562,2025-07-16,South,Home & Kitchen,Cookware Set,10,647.36,15,5502.56,4463.99,1038.57,COD,CUST2123
ORD102563,2025-02-06,South,Electronics,Tablet,3,5176.42,20,12423.41,10110.57,2312.84,Credit Card,CUST2627
ORD102564,2025-05-25,West,Electronics,Smartwatch,10,59051.55,0,590515.5,452453.54,138061.96,Debit Card,CUST3154
ORD102565,2024-04-20,South,Home & Kitchen,Cookware Set,5,3361.88,0,16809.4,11216.13,5593.27,Net Banking,CUST2841
ORD102566,2025-12-20,North,Beauty,Hair Serum,2,3708.83,10,6675.89,5723.88,952.01,Debit Card,CUST2071
ORD102567,2025-08-21,East,Beauty,Face Wash,1,3458.54,0,3458.54,2202.25,1256.29,Credit Card,CUST1081
ORD102568,2024-03-19,East,Home & Kitchen,Air Fryer,6,3241.28,5,18475.3,11614.71,6860.59,Net Banking,CUST3002
ORD102569,2025-10-29,East,Beauty,Perfume,8,1678.19,10,12082.97,9860.75,2222.22,Credit Card,CUST1116
ORD102570,2025-10-27,North,Apparel,T-Shirt,11,3284.11,25,27093.91,21948.91,5145.0,Credit Card,CUST1659
ORD102571,2024-06-14,East,Home & Kitchen,Cookware Set,11,1674.26,10,16575.17,12948.27,3626.9,COD,CUST2586
ORD102572,2025-08-09,West,Home & Kitchen,Mixer Grinder,7,2673.93,10,16845.76,10760.98,6084.78,UPI,CUST2153
ORD102573,2024-12-23,East,Home & Kitchen,Bedsheet Set,4,741.92,0,2967.68,1783.77,1183.91,Net Banking,CUST2873
ORD102574,2024-03-18,North,Home & Kitchen,Mixer Grinder,2,1531.9,5,2910.61,2378.72,531.89,Credit Card,CUST2994
ORD102575,2025-04-19,East,Sports,Yoga Mat,7,3649.22,15,21712.86,20260.54,1452.32,Net Banking,CUST1854
ORD102576,2024-07-11,South,Home & Kitchen,Air Fryer,9,555.45,10,4499.15,3506.85,992.3,Net Banking,CUST2116
ORD102577,2025-06-05,West,Apparel,Kurta,3,2612.7,10,7054.29,4532.19,2522.1,Credit Card,CUST2260
ORD102578,2024-10-13,Central,Electronics,Laptop,5,41087.1,0,205435.5,134715.07,70720.43,Credit Card,CUST2207
ORD102579,2024-02-14,South,Electronics,Tablet,3,19699.02,0,59097.06,39732.02,19365.04,UPI,CUST2419
ORD102580,2024-10-15,North,Beauty,Face Wash,4,3962.46,5,15057.35,9717.57,5339.78,Debit Card,CUST2446
ORD102581,2024-08-20,East,Sports,Dumbbells,1,1298.06,15,1103.35,909.34,194.01,COD,CUST1838
ORD102582,2025-10-08,South,Apparel,Kurta,8,2743.92,10,19756.22,12338.52,7417.7,Credit Card,CUST1647
ORD102583,2024-06-30,West,Apparel,Jeans,9,613.47,0,5521.23,3949.1,1572.13,Debit Card,CUST2219
ORD102584,2025-12-24,East,Home & Kitchen,Air Fryer,10,1169.08,0,11690.8,8399.91,3290.89,COD,CUST1846
ORD102585,2024-03-10,North,Electronics,Smartwatch,11,23003.95,0,253043.45,161651.51,91391.94,COD,CUST2771
ORD102586,2024-12-01,South,Beauty,Face Wash,3,2151.01,10,5807.73,4274.3,1533.43,Debit Card,CUST1457
ORD102587,2024-06-24,East,Home & Kitchen,Cookware Set,9,2254.94,10,18265.01,14832.0,3433.01,Credit Card,CUST1825
ORD102588,2024-10-05,South,Sports,Cricket Bat,11,3433.41,0,37767.51,22473.99,15293.52,COD,CUST3371
ORD102589,2024-07-24,South,Beauty,Face Wash,10,1964.26,20,15714.08,12982.75,2731.33,COD,CUST2430
ORD102590,2025-05-23,Central,Sports,Football,5,3467.02,0,17335.1,9646.81,7688.29,COD,CUST2869
ORD102591,2025-05-12,South,Beauty,Lipstick,6,2300.29,5,13111.65,10657.41,2454.24,UPI,CUST2650
ORD102592,2025-10-27,Central,Electronics,Laptop,2,56484.93,15,96024.38,85960.7,10063.68,UPI,CUST3001
ORD102593,2024-09-25,Central,Sports,Cricket Bat,5,1247.13,5,5923.87,3430.6,2493.27,COD,CUST2647
ORD102594,2024-04-20,East,Sports,Dumbbells,8,3208.26,5,24382.78,14371.76,10011.02,UPI,CUST3285
ORD102595,2024-11-29,Central,Home & Kitchen,Air Fryer,10,1969.56,5,18710.82,14816.91,3893.91,Credit Card,CUST1260
ORD102596,2024-10-19,North,Apparel,Jeans,4,430.99,15,1465.37,1133.59,331.78,Debit Card,CUST1662
ORD102597,2024-10-22,North,Apparel,Jacket,2,2305.39,0,4610.78,3662.28,948.5,UPI,CUST1157
ORD102598,2024-09-28,East,Home & Kitchen,Cookware Set,11,732.66,15,6850.37,4678.51,2171.86,Credit Card,CUST3106
ORD102599,2024-12-23,Central,Apparel,Jeans,8,971.92,20,6220.29,6024.01,196.28,Credit Card,CUST2375
ORD102600,2025-07-23,Central,Electronics,Headphones,1,44936.99,0,44936.99,27186.03,17750.96,Net Banking,CUST3147
ORD102601,2025-12-25,Central,Home & Kitchen,Mixer Grinder,5,3259.49,0,16297.45,9827.29,6470.16,Net Banking,CUST1087
ORD102602,2024-08-04,Central,Apparel,Sneakers,3,1113.29,0,3339.87,1950.44,1389.43,Net Banking,CUST3421
ORD102603,2025-12-08,North,Home & Kitchen,Mixer Grinder,11,3337.3,0,36710.3,28185.9,8524.4,Net Banking,CUST1929
ORD102604,2024-11-12,South,Apparel,Jacket,5,2768.22,20,11072.88,9821.55,1251.33,Net Banking,CUST3213
ORD102605,2025-11-22,Central,Electronics,Tablet,8,8017.08,0,64136.64,44531.35,19605.29,Credit Card,CUST2280
ORD102606,2024-02-12,Central,Beauty,Lipstick,2,711.56,25,1067.34,809.89,257.45,Debit Card,CUST1818
ORD102607,2025-02-03,South,Apparel,Sneakers,10,1938.81,0,19388.1,12998.18,6389.92,Net Banking,CUST1225
ORD102608,2025-10-18,Central,Home & Kitchen,Cookware Set,9,3193.78,5,27306.82,16431.43,10875.39,COD,CUST1295
ORD102609,2025-02-17,South,Apparel,Sneakers,5,2875.66,5,13659.38,9817.31,3842.07,COD,CUST1177
ORD102610,2024-09-15,West,Home & Kitchen,Cookware Set,1,3535.4,20,2828.32,2302.89,525.43,Credit Card,CUST3482
ORD102611,2024-09-29,West,Beauty,Perfume,2,3715.66,0,7431.32,4562.17,2869.15,UPI,CUST2169
ORD102612,2025-07-15,Central,Apparel,Jeans,7,1006.74,10,6342.46,4025.28,2317.18,COD,CUST1896
ORD102613,2024-08-28,North,Apparel,Jacket,10,3373.53,20,26988.24,26935.02,53.22,Net Banking,CUST3422
ORD102614,2024-04-21,West,Apparel,Jeans,2,1160.66,10,2089.19,1844.1,245.09,Debit Card,CUST1801
ORD102615,2025-06-20,South,Apparel,T-Shirt,6,291.03,10,1571.56,1130.21,441.35,Credit Card,CUST2357
ORD102616,2025-07-18,West,Beauty,Perfume,11,2182.45,0,24006.95,18656.37,5350.58,COD,CUST2618
ORD102617,2025-09-08,South,Electronics,Tablet,6,49084.43,0,294506.58,175436.73,119069.85,Credit Card,CUST1814
ORD102618,2025-02-17,West,Sports,Cricket Bat,4,1101.62,25,3304.86,2861.08,443.78,COD,CUST1449
ORD102619,2025-01-14,North,Electronics,Smartphone,11,4632.33,0,50955.63,33996.75,16958.88,Credit Card,CUST3301
ORD102620,2025-06-26,North,Apparel,Jeans,1,2140.26,10,1926.23,1536.58,389.65,Net Banking,CUST1809
ORD102621,2025-02-10,North,Apparel,Kurta,11,3351.41,5,35022.23,27073.01,7949.22,Credit Card,CUST2339
ORD102622,2025-04-04,East,Electronics,Tablet,3,58827.41,5,167658.12,98191.35,69466.77,Credit Card,CUST2094
ORD102623,2024-07-15,West,Apparel,Jeans,10,631.3,0,6313.0,4769.83,1543.17,Debit Card,CUST1838
ORD102624,2024-06-13,East,Beauty,Perfume,7,922.87,5,6137.09,4523.42,1613.67,Net Banking,CUST3215
ORD102625,2025-06-29,South,Beauty,Perfume,4,1721.83,0,6887.32,4299.61,2587.71,Credit Card,CUST2015
ORD102626,2024-01-10,Central,Sports,Dumbbells,8,1127.43,0,9019.44,6089.08,2930.36,Credit Card,CUST2529
ORD102627,2024-02-27,North,Electronics,Smartphone,11,37158.96,5,388311.13,304767.18,83543.95,Debit Card,CUST3190
ORD102628,2024-07-23,Central,Home & Kitchen,Mixer Grinder,1,2669.67,5,2536.19,1621.16,915.03,COD,CUST3048
ORD102629,2024-01-11,South,Apparel,T-Shirt,10,1166.27,0,11662.7,7618.52,4044.18,Credit Card,CUST1517
ORD102630,2025-10-29,West,Apparel,Sneakers,7,3176.1,10,20009.43,13048.57,6960.86,UPI,CUST1272
ORD102631,2025-02-25,South,Home & Kitchen,Air Fryer,9,937.81,10,7596.26,6255.1,1341.16,COD,CUST3416
ORD102632,2024-12-12,South,Electronics,Smartwatch,9,55875.51,10,452591.63,364152.59,88439.04,Credit Card,CUST1214
ORD102633,2024-04-21,East,Apparel,T-Shirt,10,3857.99,0,38579.9,23677.28,14902.62,Net Banking,CUST3263
ORD102634,2025-02-16,East,Electronics,Tablet,10,22744.2,20,181953.6,127154.42,54799.18,Credit Card,CUST3471
ORD102635,2024-03-05,North,Home & Kitchen,Mixer Grinder,11,685.91,10,6790.51,5824.95,965.56,Debit Card,CUST2250
ORD102636,2025-08-03,West,Apparel,Jeans,6,3247.99,10,17539.15,15226.56,2312.59,Debit Card,CUST2694
ORD102637,2025-10-23,West,Home & Kitchen,Cookware Set,11,1472.13,10,14574.09,11440.97,3133.12,UPI,CUST1485
ORD102638,2025-03-12,East,Home & Kitchen,Air Fryer,5,388.17,10,1746.76,1079.13,667.63,Credit Card,CUST2750
ORD102639,2024-09-28,East,Home & Kitchen,Bedsheet Set,9,420.26,25,2836.76,2663.04,173.72,Net Banking,CUST1882
ORD102640,2024-02-09,South,Electronics,Smartphone,11,37257.81,0,409835.91,319387.33,90448.58,UPI,CUST2594
ORD102641,2024-08-16,West,Home & Kitchen,Cookware Set,11,3802.87,5,39739.99,29824.5,9915.49,COD,CUST1273
ORD102642,2025-08-12,North,Beauty,Face Wash,7,1795.55,5,11940.41,9736.75,2203.66,Debit Card,CUST2258
ORD102643,2024-10-13,South,Beauty,Lipstick,3,483.96,0,1451.88,1058.13,393.75,Credit Card,CUST1416
ORD102644,2025-09-29,South,Home & Kitchen,Cookware Set,9,3004.93,0,27044.37,17328.27,9716.1,COD,CUST1032
ORD102645,2024-10-02,West,Home & Kitchen,Air Fryer,9,3902.74,10,31612.19,23235.29,8376.9,COD,CUST2731
ORD102646,2025-02-02,Central,Beauty,Hair Serum,3,2789.47,10,7531.57,4659.08,2872.49,Net Banking,CUST1378
ORD102647,2025-12-26,West,Apparel,Jeans,2,3015.04,15,5125.57,4297.27,828.3,COD,CUST3281
ORD102648,2025-12-26,Central,Sports,Football,1,304.76,15,259.05,175.21,83.84,Debit Card,CUST3034
ORD102649,2024-08-03,West,Beauty,Perfume,5,1145.25,0,5726.25,4523.65,1202.6,Credit Card,CUST1984
ORD102650,2024-05-14,Central,Sports,Football,3,3390.18,0,10170.54,7271.24,2899.3,Debit Card,CUST2282
ORD102651,2025-08-26,South,Apparel,T-Shirt,6,878.99,5,5010.24,4037.22,973.02,Net Banking,CUST3057
ORD102652,2024-09-20,North,Electronics,Laptop,6,30268.45,0,181610.7,127057.65,54553.05,Net Banking,CUST2913
ORD102653,2024-04-06,South,Sports,Football,6,3813.39,10,20592.31,17159.96,3432.35,Credit Card,CUST1660
ORD102654,2024-04-20,East,Electronics,Headphones,10,15409.54,15,130981.09,94979.52,36001.57,UPI,CUST2672
ORD102655,2024-11-29,South,Home & Kitchen,Bedsheet Set,11,224.32,25,1850.64,1449.21,401.43,Debit Card,CUST1429
ORD102656,2025-09-05,South,Beauty,Perfume,5,830.53,10,3737.38,2844.69,892.69,UPI,CUST3326
ORD102657,2025-03-05,North,Electronics,Laptop,1,27915.97,10,25124.37,18769.65,6354.72,UPI,CUST1850
ORD102658,2024-06-18,West,Beauty,Face Wash,10,1385.74,5,13164.53,9679.18,3485.35,Net Banking,CUST2325
ORD102659,2024-04-15,Central,Electronics,Smartphone,2,8265.52,0,16531.04,9723.58,6807.46,Credit Card,CUST2461
ORD102660,2025-01-13,North,Beauty,Perfume,9,880.33,0,7922.97,4511.87,3411.1,UPI,CUST2043
ORD102661,2025-09-16,North,Home & Kitchen,Cookware Set,7,2738.76,10,17254.19,11816.01,5438.18,UPI,CUST2324
ORD102662,2025-08-31,Central,Electronics,Smartphone,1,12135.33,0,12135.33,8379.88,3755.45,COD,CUST3173
ORD102663,2024-12-10,West,Apparel,Jeans,1,714.8,15,607.58,419.27,188.31,UPI,CUST3107
ORD102664,2025-09-28,West,Sports,Dumbbells,3,1973.71,15,5032.96,4559.7,473.26,COD,CUST1599
ORD102665,2025-12-15,North,Home & Kitchen,Bedsheet Set,9,1866.14,0,16795.26,11453.71,5341.55,Net Banking,CUST2835
ORD102666,2024-05-09,North,Electronics,Laptop,5,214.39,15,911.16,678.07,233.09,Credit Card,CUST2672
ORD102667,2024-12-20,Central,Sports,Yoga Mat,4,1405.02,10,5058.07,3354.03,1704.04,UPI,CUST1722
ORD102668,2024-08-09,West,Electronics,Smartwatch,10,11377.34,5,108084.73,83844.32,24240.41,COD,CUST3448
ORD102669,2025-08-26,Central,Sports,Dumbbells,8,2274.06,0,18192.48,10580.5,7611.98,Debit Card,CUST2714
ORD102670,2024-09-24,West,Home & Kitchen,Cookware Set,8,2802.14,20,17933.7,16248.93,1684.77,UPI,CUST3305
ORD102671,2025-12-08,Central,Home & Kitchen,Mixer Grinder,10,3164.49,0,31644.9,21856.9,9788.0,COD,CUST1393
ORD102672,2025-11-13,West,Apparel,Jeans,3,575.43,15,1467.35,1209.58,257.77,Debit Card,CUST3327
ORD102673,2024-06-30,West,Electronics,Laptop,6,17093.43,0,102560.58,65421.55,37139.03,UPI,CUST1188
ORD102674,2025-10-12,West,Sports,Cricket Bat,6,271.41,10,1465.61,1046.79,418.82,COD,CUST1430
ORD102675,2025-05-09,West,Home & Kitchen,Bedsheet Set,4,2743.94,10,9878.18,7931.5,1946.68,UPI,CUST1270
ORD102676,2025-02-09,West,Electronics,Headphones,1,31361.9,0,31361.9,19196.59,12165.31,UPI,CUST2633
ORD102677,2024-12-01,North,Home & Kitchen,Mixer Grinder,6,2794.26,10,15089.0,10685.63,4403.37,Credit Card,CUST1977
ORD102678,2025-01-24,North,Home & Kitchen,Air Fryer,10,1014.04,5,9633.38,6897.58,2735.8,UPI,CUST1719
ORD102679,2025-08-17,Central,Home & Kitchen,Cookware Set,11,1262.49,0,13887.39,8181.87,5705.52,Credit Card,CUST3258
ORD102680,2024-06-27,Central,Electronics,Laptop,8,6418.94,15,43648.79,32353.06,11295.73,Credit Card,CUST2096
ORD102681,2025-04-11,Central,Home & Kitchen,Cookware Set,3,2721.01,10,7346.73,5918.52,1428.21,UPI,CUST3419
ORD102682,2024-07-02,East,Electronics,Laptop,5,42813.76,0,214068.8,144301.87,69766.93,Credit Card,CUST1434
ORD102683,2024-02-12,Central,Sports,Cricket Bat,9,3501.06,0,31509.54,20106.73,11402.81,COD,CUST1419
ORD102684,2025-07-20,East,Electronics,Smartphone,6,49020.58,20,235298.78,226202.77,9096.01,Credit Card,CUST3124
ORD102685,2025-04-22,East,Home & Kitchen,Mixer Grinder,5,447.58,0,2237.9,1283.56,954.34,Net Banking,CUST2253
ORD102686,2025-01-11,East,Beauty,Perfume,10,2313.31,5,21976.44,15377.25,6599.19,COD,CUST1419
ORD102687,2024-10-02,North,Home & Kitchen,Cookware Set,1,220.09,0,220.09,148.35,71.74,Net Banking,CUST2194
ORD102688,2025-09-29,Central,Beauty,Face Wash,3,495.39,10,1337.55,1046.4,291.15,UPI,CUST1749
ORD102689,2024-06-21,West,Electronics,Tablet,8,28199.94,20,180479.62,167321.4,13158.22,COD,CUST1662
ORD102690,2025-05-25,East,Sports,Cricket Bat,10,1518.04,0,15180.4,9360.46,5819.94,UPI,CUST1690
ORD102691,2025-09-28,North,Apparel,Sneakers,9,299.4,25,2020.95,1513.21,507.74,Credit Card,CUST1939
ORD102692,2025-10-20,South,Apparel,Jeans,11,677.44,10,6706.66,5269.63,1437.03,UPI,CUST2866
ORD102693,2025-05-23,West,Sports,Dumbbells,8,2850.77,25,17104.62,15060.66,2043.96,UPI,CUST2186
ORD102694,2025-11-29,East,Home & Kitchen,Air Fryer,7,2226.82,5,14808.35,8607.45,6200.9,Debit Card,CUST3472
ORD102695,2024-08-17,West,Beauty,Face Wash,8,540.99,10,3895.13,2602.07,1293.06,UPI,CUST2262
ORD102696,2025-10-10,Central,Apparel,Kurta,3,2393.49,0,7180.47,5452.92,1727.55,Credit Card,CUST2845
ORD102697,2025-05-07,West,Apparel,Kurta,7,3253.91,20,18221.9,17375.08,846.82,Credit Card,CUST1763
ORD102698,2024-11-24,East,Electronics,Laptop,3,5916.51,5,16862.05,12763.67,4098.38,Debit Card,CUST2085
ORD102699,2024-11-22,North,Electronics,Smartwatch,10,59733.85,0,597338.5,456311.01,141027.49,COD,CUST1476
ORD102700,2025-01-10,East,Home & Kitchen,Cookware Set,3,1303.81,0,3911.43,2933.18,978.25,UPI,CUST2345
ORD102701,2025-01-10,Central,Electronics,Headphones,9,26010.61,15,198981.17,156458.96,42522.21,Net Banking,CUST1419
ORD102702,2025-07-14,North,Home & Kitchen,Mixer Grinder,3,956.3,20,2295.12,1621.49,673.63,UPI,CUST3226
ORD102703,2024-05-24,West,Beauty,Lipstick,10,2075.57,5,19717.92,12307.27,7410.65,Net Banking,CUST1838
ORD102704,2024-01-01,North,Beauty,Perfume,1,2814.89,5,2674.15,1927.02,747.13,Debit Card,CUST2320
ORD102705,2025-05-14,East,Beauty,Face Wash,3,256.61,0,769.83,533.17,236.66,Net Banking,CUST1599
ORD102706,2025-05-24,Central,Beauty,Hair Serum,1,3915.21,10,3523.69,2967.13,556.56,UPI,CUST1686
ORD102707,2024-06-15,Central,Beauty,Lipstick,7,400.78,15,2384.64,2073.15,311.49,Debit Card,CUST1841
ORD102708,2024-03-05,North,Home & Kitchen,Air Fryer,5,2828.62,15,12021.63,7930.52,4091.11,COD,CUST1114
ORD102709,2025-07-22,East,Sports,Football,6,1810.12,5,10317.68,7326.13,2991.55,Credit Card,CUST1821
ORD102710,2024-07-20,South,Sports,Cricket Bat,7,1069.0,0,7483.0,4854.88,2628.12,Debit Card,CUST1559
ORD102711,2024-01-18,North,Electronics,Laptop,8,1377.42,10,9917.42,8635.1,1282.32,Net Banking,CUST3163
ORD102712,2024-03-14,Central,Beauty,Perfume,8,1604.86,15,10913.05,10138.25,774.8,COD,CUST2692
ORD102713,2024-06-12,West,Electronics,Laptop,7,59216.84,20,331614.3,270560.29,61054.01,COD,CUST1990
ORD102714,2025-05-12,West,Electronics,Headphones,5,44479.79,5,211279.0,171709.27,39569.73,COD,CUST3498
ORD102715,2025-06-01,North,Sports,Football,7,1914.25,0,13399.75,9018.89,4380.86,Credit Card,CUST2742
ORD102716,2025-08-12,West,Apparel,T-Shirt,4,3932.98,15,13372.13,11444.3,1927.83,COD,CUST1087
ORD102717,2024-01-10,East,Apparel,Sneakers,4,2924.58,5,11113.4,8906.19,2207.21,Credit Card,CUST2358
ORD102718,2024-01-18,Central,Home & Kitchen,Air Fryer,7,3201.08,0,22407.56,12635.85,9771.71,COD,CUST3295
ORD102719,2024-07-11,North,Apparel,Sneakers,3,3935.54,0,11806.62,9080.56,2726.06,Net Banking,CUST2593
ORD102720,2025-03-22,Central,Beauty,Face Wash,9,3191.92,10,25854.55,21951.84,3902.71,UPI,CUST1821
ORD102721,2024-02-16,South,Beauty,Perfume,9,1143.19,15,8745.4,7652.83,1092.57,Net Banking,CUST2972
ORD102722,2025-05-17,Central,Sports,Cricket Bat,5,2870.14,15,12198.1,9769.88,2428.22,COD,CUST2949
ORD102723,2025-11-28,West,Electronics,Headphones,2,47142.95,5,89571.6,63464.09,26107.51,COD,CUST2893
ORD102724,2024-02-18,South,Apparel,T-Shirt,3,2406.56,0,7219.68,4240.0,2979.68,Credit Card,CUST1343
ORD102725,2024-06-24,East,Beauty,Lipstick,9,3710.76,20,26717.47,20772.05,5945.42,UPI,CUST3050
ORD102726,2024-08-01,North,Electronics,Laptop,8,711.58,15,4838.74,3255.38,1583.36,Net Banking,CUST3246
ORD102727,2025-08-23,East,Beauty,Face Wash,3,599.95,10,1619.87,1432.46,187.41,COD,CUST1294
ORD102728,2025-08-02,East,Beauty,Perfume,1,1804.8,0,1804.8,1348.7,456.1,UPI,CUST1633
ORD102729,2024-11-26,West,Electronics,Smartphone,5,26062.35,0,130311.75,74236.43,56075.32,Net Banking,CUST1237
ORD102730,2024-12-01,South,Home & Kitchen,Cookware Set,9,2500.45,0,22504.05,15826.27,6677.78,Net Banking,CUST2135
ORD102731,2024-10-27,West,Beauty,Hair Serum,10,3336.72,10,30030.48,22998.07,7032.41,Debit Card,CUST2624
ORD102732,2025-05-08,East,Apparel,Sneakers,10,532.93,5,5062.83,3956.18,1106.65,Debit Card,CUST2084
ORD102733,2025-11-08,Central,Beauty,Face Wash,8,489.87,25,2939.22,3034.55,-95.33,Debit Card,CUST2394
ORD102734,2024-07-24,Central,Apparel,T-Shirt,9,1511.16,10,12240.4,8983.44,3256.96,Debit Card,CUST1241
ORD102735,2025-05-05,East,Apparel,Jacket,9,3244.48,20,23360.26,17875.48,5484.78,Credit Card,CUST3431
ORD102736,2025-05-24,South,Apparel,Sneakers,10,1492.49,5,14178.66,11544.61,2634.05,COD,CUST1695
ORD102737,2024-12-24,West,Home & Kitchen,Mixer Grinder,3,3832.52,20,9198.05,6810.77,2387.28,Net Banking,CUST3074
ORD102738,2025-10-24,West,Sports,Cricket Bat,5,1732.13,10,7794.59,6138.14,1656.45,UPI,CUST3129
ORD102739,2024-11-23,North,Beauty,Face Wash,2,386.94,15,657.8,617.75,40.05,UPI,CUST2748
ORD102740,2024-05-12,Central,Apparel,Sneakers,7,2559.85,20,14335.16,10015.52,4319.64,UPI,CUST1973
ORD102741,2025-08-17,South,Sports,Football,3,340.9,5,971.56,694.17,277.39,Net Banking,CUST1770
ORD102742,2024-06-10,Central,Apparel,Jeans,2,3250.32,0,6500.64,4255.75,2244.89,Credit Card,CUST2876
ORD102743,2025-11-22,North,Home & Kitchen,Air Fryer,7,432.53,5,2876.32,1695.47,1180.85,Net Banking,CUST3328
ORD102744,2024-04-19,West,Home & Kitchen,Mixer Grinder,5,1413.99,20,5655.96,5207.49,448.47,COD,CUST2511
ORD102745,2024-12-19,East,Beauty,Hair Serum,3,2524.41,0,7573.23,5447.35,2125.88,Net Banking,CUST2426
ORD102746,2025-10-31,Central,Sports,Football,4,1482.11,5,5632.02,4370.09,1261.93,Net Banking,CUST3231
ORD102747,2025-02-08,West,Electronics,Laptop,1,31541.87,0,31541.87,21041.66,10500.21,COD,CUST2341
ORD102748,2025-01-25,Central,Home & Kitchen,Cookware Set,7,249.52,25,1309.98,1101.47,208.51,Debit Card,CUST3021
ORD102749,2025-07-06,West,Apparel,Kurta,2,1606.67,15,2731.34,1944.73,786.61,COD,CUST2346
ORD102750,2025-05-26,East,Home & Kitchen,Bedsheet Set,4,198.31,10,713.92,497.6,216.32,Debit Card,CUST1043
ORD102751,2025-04-14,North,Electronics,Smartphone,9,29862.59,0,268763.31,174686.66,94076.65,Credit Card,CUST2548
ORD102752,2024-04-01,West,Electronics,Tablet,6,42153.5,10,227628.9,166950.57,60678.33,Credit Card,CUST2808
ORD102753,2024-10-30,West,Beauty,Face Wash,1,2606.72,10,2346.05,1583.2,762.85,Debit Card,CUST1895
ORD102754,2025-07-02,East,Sports,Cricket Bat,9,3690.3,10,29891.43,20576.76,9314.67,COD,CUST2583
ORD102755,2024-09-11,West,Apparel,Jeans,6,1441.54,5,8216.78,6226.74,1990.04,Debit Card,CUST2466
ORD102756,2025-08-04,South,Beauty,Face Wash,8,2668.55,0,21348.4,12416.37,8932.03,COD,CUST3156
ORD102757,2025-07-28,West,Electronics,Headphones,10,34329.97,5,326134.71,236154.79,89979.92,COD,CUST1982
ORD102758,2024-09-18,East,Beauty,Face Wash,8,310.17,10,2233.22,1403.19,830.03,UPI,CUST1622
ORD102759,2024-12-26,East,Sports,Dumbbells,8,724.0,25,4344.0,4473.29,-129.29,Net Banking,CUST1600
ORD102760,2025-04-08,South,Home & Kitchen,Bedsheet Set,4,2842.58,0,11370.32,7485.02,3885.3,Credit Card,CUST3174
ORD102761,2025-01-26,North,Beauty,Face Wash,1,691.68,0,691.68,463.76,227.92,Credit Card,CUST1138
ORD102762,2024-04-12,Central,Apparel,Jacket,2,3963.05,20,6340.88,4449.72,1891.16,Debit Card,CUST2293
ORD102763,2024-05-13,South,Home & Kitchen,Air Fryer,2,3413.43,10,6144.17,5344.23,799.94,Debit Card,CUST3422
ORD102764,2025-08-26,Central,Beauty,Perfume,11,2016.25,15,18851.94,17388.0,1463.94,COD,CUST1916
ORD102765,2024-11-16,West,Apparel,Kurta,8,3965.03,0,31720.24,19456.8,12263.44,Credit Card,CUST1719
ORD102766,2025-08-07,South,Sports,Football,1,3106.56,15,2640.58,2313.53,327.05,COD,CUST2733
ORD102767,2025-10-31,East,Apparel,Sneakers,7,2378.66,5,15818.09,9194.57,6623.52,Debit Card,CUST2994
ORD102768,2024-04-07,South,Apparel,Sneakers,4,1502.15,0,6008.6,4772.22,1236.38,Credit Card,CUST2932
ORD102769,2024-11-23,North,Apparel,Kurta,3,1483.64,5,4228.37,3436.93,791.44,Debit Card,CUST3364
ORD102770,2025-02-20,Central,Beauty,Lipstick,8,1431.14,0,11449.12,8174.52,3274.6,UPI,CUST1176
ORD102771,2025-12-19,North,Home & Kitchen,Cookware Set,7,2361.97,0,16533.79,11213.88,5319.91,Credit Card,CUST2292
ORD102772,2025-07-04,North,Electronics,Smartwatch,7,24657.39,10,155341.56,122492.14,32849.42,Debit Card,CUST1244
ORD102773,2025-03-17,Central,Apparel,T-Shirt,2,1595.27,20,2552.43,2512.9,39.53,Debit Card,CUST3452
ORD102774,2025-02-24,West,Electronics,Tablet,7,36971.62,15,219981.14,177685.18,42295.96,Credit Card,CUST1415
ORD102775,2025-12-13,East,Apparel,Sneakers,6,1483.62,20,7121.38,6505.25,616.13,UPI,CUST1333
ORD102776,2024-09-28,East,Apparel,Jeans,11,2785.5,0,30640.5,24391.75,6248.75,UPI,CUST2753
ORD102777,2025-10-10,West,Sports,Yoga Mat,1,3948.56,0,3948.56,2655.45,1293.11,Net Banking,CUST1745
ORD102778,2024-03-23,North,Electronics,Headphones,2,30012.98,20,48020.77,34643.43,13377.34,UPI,CUST1448
ORD102779,2024-08-26,North,Electronics,Tablet,10,52846.1,0,528461.0,363969.97,164491.03,Credit Card,CUST2955
ORD102780,2025-01-19,North,Beauty,Face Wash,7,1707.25,0,11950.75,8612.76,3337.99,UPI,CUST2098
ORD102781,2024-12-09,South,Home & Kitchen,Air Fryer,10,3189.11,0,31891.1,20294.27,11596.83,Credit Card,CUST1227
ORD102782,2025-02-14,East,Electronics,Smartwatch,8,22411.75,15,152399.9,107163.68,45236.22,UPI,CUST2350
ORD102783,2025-12-16,West,Beauty,Face Wash,3,3256.45,10,8792.41,6031.03,2761.38,Credit Card,CUST3403
ORD102784,2024-03-11,West,Beauty,Face Wash,7,934.05,10,5884.52,5221.7,662.82,Credit Card,CUST3121
ORD102785,2025-05-25,West,Apparel,Sneakers,9,2358.62,20,16982.06,14360.49,2621.57,Net Banking,CUST2085
ORD102786,2025-06-15,South,Beauty,Perfume,1,1686.66,15,1433.66,1335.19,98.47,Net Banking,CUST1618
ORD102787,2025-09-28,Central,Electronics,Laptop,11,32062.93,10,317423.01,281103.35,36319.66,Debit Card,CUST3044
ORD102788,2025-09-15,East,Electronics,Smartphone,1,53692.37,0,53692.37,34140.89,19551.48,Net Banking,CUST2071
ORD102789,2024-09-06,South,Beauty,Face Wash,2,1116.78,20,1786.85,1704.49,82.36,Debit Card,CUST1664
ORD102790,2024-01-23,South,Home & Kitchen,Mixer Grinder,2,2209.28,10,3976.7,2548.02,1428.68,Debit Card,CUST1372
ORD102791,2024-10-11,North,Electronics,Tablet,9,40668.85,5,347718.67,203000.53,144718.14,Debit Card,CUST3183
ORD102792,2024-04-05,South,Sports,Yoga Mat,7,874.37,0,6120.59,4025.47,2095.12,Net Banking,CUST2772
ORD102793,2024-10-03,North,Electronics,Laptop,10,25760.38,0,257603.8,169614.52,87989.28,Net Banking,CUST3420
ORD102794,2024-05-05,North,Apparel,Jeans,7,3815.5,15,22702.22,18652.46,4049.76,UPI,CUST2181
ORD102795,2024-02-25,West,Home & Kitchen,Air Fryer,1,3509.56,0,3509.56,2069.99,1439.57,UPI,CUST2661
ORD102796,2024-03-20,Central,Electronics,Headphones,10,43480.03,0,434800.3,301169.23,133631.07,Net Banking,CUST1440
ORD102797,2024-05-05,West,Beauty,Hair Serum,6,2337.68,5,13324.78,11143.23,2181.55,Debit Card,CUST3018
ORD102798,2024-05-20,East,Beauty,Perfume,2,401.23,15,682.09,615.58,66.51,UPI,CUST2993
ORD102799,2024-11-14,West,Apparel,Jacket,7,2766.62,25,14524.76,14669.63,-144.87,Credit Card,CUST2537
ORD102800,2024-01-17,South,Sports,Dumbbells,11,3755.46,25,30982.54,32727.57,-1745.03,UPI,CUST2640
ORD102801,2024-01-24,West,Beauty,Hair Serum,8,1861.73,15,12659.76,10946.31,1713.45,COD,CUST2161
ORD102802,2025-07-27,East,Sports,Dumbbells,11,3715.41,5,38826.03,26190.55,12635.48,Debit Card,CUST2086
ORD102803,2024-10-05,West,Electronics,Tablet,11,32543.4,0,357977.4,284080.8,73896.6,COD,CUST1271
ORD102804,2025-06-18,East,Apparel,Kurta,10,2962.66,25,22219.95,22288.69,-68.74,Net Banking,CUST1826
ORD102805,2025-05-10,South,Electronics,Smartwatch,2,13941.78,0,27883.56,19645.98,8237.58,Credit Card,CUST3015
ORD102806,2025-03-04,Central,Sports,Dumbbells,6,3887.3,0,23323.8,15660.67,7663.13,COD,CUST1161
ORD102807,2025-11-30,West,Home & Kitchen,Air Fryer,8,1640.25,20,10497.6,8180.21,2317.39,Credit Card,CUST1561
ORD102808,2024-06-04,East,Electronics,Laptop,4,20247.82,0,80991.28,50780.39,30210.89,COD,CUST1560
ORD102809,2024-06-12,South,Apparel,Jacket,4,2006.53,5,7624.81,6201.19,1423.62,Credit Card,CUST1580
ORD102810,2024-06-25,East,Apparel,Jacket,2,2148.5,15,3652.45,2822.81,829.64,UPI,CUST1972
ORD102811,2025-04-22,North,Home & Kitchen,Mixer Grinder,11,3733.23,10,36958.98,28380.42,8578.56,Net Banking,CUST2870
ORD102812,2024-09-29,South,Electronics,Headphones,4,14933.01,5,56745.44,43056.4,13689.04,COD,CUST2596
ORD102813,2024-01-16,South,Sports,Dumbbells,5,979.62,10,4408.29,2776.24,1632.05,Debit Card,CUST2144
ORD102814,2025-05-13,East,Electronics,Smartwatch,2,21426.97,20,34283.15,28949.78,5333.37,Debit Card,CUST1656
ORD102815,2025-08-12,South,Apparel,Kurta,7,2413.54,15,14360.56,10494.03,3866.53,Credit Card,CUST3325
ORD102816,2025-11-18,Central,Sports,Dumbbells,5,2807.31,10,12632.9,7870.42,4762.48,Credit Card,CUST1753
ORD102817,2025-08-05,West,Sports,Football,3,3088.86,0,9266.58,6316.39,2950.19,Net Banking,CUST2563
ORD102818,2025-02-20,South,Home & Kitchen,Cookware Set,8,2487.06,0,19896.48,15574.08,4322.4,Credit Card,CUST2419
ORD102819,2024-04-29,North,Beauty,Hair Serum,1,3302.51,0,3302.51,2294.6,1007.91,Net Banking,CUST3440
ORD102820,2024-05-22,North,Beauty,Face Wash,8,2051.84,0,16414.72,12592.88,3821.84,COD,CUST1638
ORD102821,2024-02-01,East,Apparel,Kurta,9,2323.6,0,20912.4,14020.49,6891.91,Debit Card,CUST1351
ORD102822,2024-12-04,Central,Beauty,Perfume,10,1675.07,10,15075.63,13062.42,2013.21,Credit Card,CUST2419
ORD102823,2024-02-29,Central,Home & Kitchen,Mixer Grinder,6,446.11,0,2676.66,1950.94,725.72,Credit Card,CUST1707
ORD102824,2024-06-06,South,Beauty,Lipstick,5,416.87,0,2084.35,1429.81,654.54,COD,CUST3374
ORD102825,2024-04-23,Central,Electronics,Tablet,7,23649.25,0,165544.75,123362.84,42181.91,Credit Card,CUST2343
ORD102826,2024-07-30,North,Home & Kitchen,Mixer Grinder,9,2124.97,10,17212.26,14856.52,2355.74,COD,CUST2828
ORD102827,2025-01-25,East,Electronics,Smartwatch,8,15094.79,10,108682.49,66970.06,41712.43,Net Banking,CUST3249
ORD102828,2024-08-01,West,Home & Kitchen,Air Fryer,11,639.16,5,6679.22,4853.47,1825.75,Credit Card,CUST3369
ORD102829,2025-11-24,West,Sports,Dumbbells,3,3782.49,15,9645.35,8620.9,1024.45,Debit Card,CUST2618
ORD102830,2025-02-03,East,Electronics,Smartwatch,4,29225.3,0,116901.2,67931.97,48969.23,COD,CUST1238
ORD102831,2024-05-23,East,Beauty,Face Wash,6,3552.61,20,17052.53,14449.65,2602.88,Debit Card,CUST2721
ORD102832,2025-11-09,South,Electronics,Smartphone,4,2498.05,5,9492.59,7178.12,2314.47,Credit Card,CUST2535
ORD102833,2025-08-19,North,Electronics,Laptop,6,42995.23,20,206377.1,195786.57,10590.53,Net Banking,CUST2021
ORD102834,2025-04-04,South,Beauty,Perfume,2,2087.34,15,3548.48,3211.94,336.54,Credit Card,CUST1987
ORD102835,2025-02-27,Central,Apparel,Jacket,9,759.8,5,6496.29,5235.59,1260.7,Credit Card,CUST2184
ORD102836,2025-03-02,North,Electronics,Headphones,10,36250.12,25,271875.9,244053.25,27822.65,Credit Card,CUST2244
ORD102837,2024-03-04,North,Electronics,Headphones,10,53281.95,10,479537.55,406519.9,73017.65,Net Banking,CUST1012
ORD102838,2024-06-01,East,Home & Kitchen,Bedsheet Set,7,1902.77,5,12653.42,9026.58,3626.84,UPI,CUST2504
ORD102839,2024-03-16,West,Apparel,Kurta,9,3204.38,15,24513.51,20676.11,3837.4,Credit Card,CUST1224
ORD102840,2025-04-17,South,Apparel,Jacket,1,1990.54,5,1891.01,1193.37,697.64,Debit Card,CUST3048
ORD102841,2025-11-08,North,Beauty,Hair Serum,5,2655.9,0,13279.5,7473.83,5805.67,Debit Card,CUST1565
ORD102842,2025-04-26,Central,Sports,Yoga Mat,8,741.65,15,5043.22,3556.91,1486.31,COD,CUST3403
ORD102843,2024-12-21,East,Beauty,Lipstick,11,3009.74,5,31451.78,20332.97,11118.81,COD,CUST1213
ORD102844,2025-11-27,East,Apparel,T-Shirt,1,932.17,0,932.17,552.64,379.53,Net Banking,CUST1709
ORD102845,2025-01-14,Central,Electronics,Headphones,4,2121.43,10,7637.15,6428.43,1208.72,UPI,CUST1752
ORD102846,2025-06-18,North,Apparel,T-Shirt,1,2800.33,0,2800.33,2122.69,677.64,COD,CUST1448
ORD102847,2025-09-01,North,Electronics,Laptop,2,6395.11,5,12150.71,8038.68,4112.03,UPI,CUST2065
ORD102848,2025-12-08,South,Beauty,Hair Serum,10,1560.27,10,14042.43,12277.46,1764.97,COD,CUST2890
ORD102849,2024-07-14,South,Electronics,Headphones,10,36623.08,15,311296.18,236573.65,74722.53,Debit Card,CUST1919
ORD102850,2024-06-09,East,Sports,Dumbbells,9,1747.16,5,14938.22,8727.83,6210.39,COD,CUST1272
ORD102851,2024-11-12,North,Apparel,Kurta,3,2910.36,10,7857.97,5114.91,2743.06,UPI,CUST2792
ORD102852,2025-10-08,West,Apparel,Jacket,4,3098.94,5,11775.97,8770.88,3005.09,COD,CUST1251
ORD102853,2025-06-16,West,Sports,Yoga Mat,3,3577.69,5,10196.42,7899.17,2297.25,UPI,CUST2602
ORD102854,2024-07-17,West,Electronics,Headphones,2,26415.18,0,52830.36,31059.11,21771.25,UPI,CUST2623
ORD102855,2024-07-15,South,Home & Kitchen,Mixer Grinder,5,893.1,15,3795.68,3296.99,498.69,COD,CUST1584
ORD102856,2025-03-08,South,Electronics,Smartphone,1,56720.66,20,45376.53,34394.03,10982.5,Credit Card,CUST2759
ORD102857,2025-07-09,East,Beauty,Perfume,7,1015.32,0,7107.24,4229.33,2877.91,Credit Card,CUST3063
ORD102858,2025-02-24,East,Beauty,Hair Serum,9,2729.22,5,23334.83,15865.98,7468.85,Net Banking,CUST1879
ORD102859,2025-05-24,North,Electronics,Tablet,2,33370.57,0,66741.14,44169.62,22571.52,Net Banking,CUST2390
ORD102860,2025-05-02,South,Beauty,Perfume,2,1020.02,10,1836.04,1355.1,480.94,COD,CUST2596
ORD102861,2025-08-22,Central,Sports,Football,11,1318.41,10,13052.26,10403.73,2648.53,Net Banking,CUST2365
ORD102862,2025-10-28,East,Electronics,Smartwatch,7,24142.76,0,168999.32,127260.79,41738.53,Net Banking,CUST3497
ORD102863,2024-11-15,West,Electronics,Smartphone,7,35063.79,0,245446.53,181963.76,63482.77,COD,CUST1929
ORD102864,2025-12-21,South,Apparel,Jacket,3,1955.43,0,5866.29,4578.06,1288.23,COD,CUST1053
ORD102865,2025-08-27,East,Apparel,Kurta,5,3593.4,0,17967.0,12563.26,5403.74,Debit Card,CUST3380
ORD102866,2024-01-10,Central,Sports,Football,6,579.8,5,3304.86,2221.1,1083.76,COD,CUST1546
ORD102867,2024-04-12,South,Electronics,Smartphone,1,20674.43,0,20674.43,16461.32,4213.11,Credit Card,CUST1397
ORD102868,2025-01-26,North,Apparel,T-Shirt,3,3117.31,0,9351.93,5207.82,4144.11,Credit Card,CUST3271
ORD102869,2024-03-15,South,Sports,Dumbbells,10,3744.92,15,31831.82,21668.71,10163.11,Credit Card,CUST3286
ORD102870,2025-02-04,East,Sports,Cricket Bat,9,463.43,10,3753.78,2530.42,1223.36,UPI,CUST3059
ORD102871,2024-06-14,West,Sports,Football,2,1588.06,0,3176.12,2220.62,955.5,COD,CUST3217
ORD102872,2024-12-11,East,Electronics,Laptop,3,30334.95,10,81904.37,55682.86,26221.51,COD,CUST2760
ORD102873,2025-11-25,South,Apparel,Jeans,5,1433.81,5,6810.6,4891.43,1919.17,Net Banking,CUST2100
ORD102874,2025-07-10,North,Home & Kitchen,Air Fryer,2,1980.14,15,3366.24,2552.06,814.18,Credit Card,CUST1594
ORD102875,2025-07-15,Central,Apparel,Kurta,9,3176.54,0,28588.86,16499.74,12089.12,COD,CUST1639
ORD102876,2025-09-25,South,Home & Kitchen,Cookware Set,7,476.85,0,3337.95,2476.55,861.4,Net Banking,CUST2750
ORD102877,2024-08-11,South,Electronics,Laptop,8,10139.68,0,81117.44,55186.91,25930.53,Net Banking,CUST2768
ORD102878,2024-03-06,North,Beauty,Perfume,7,749.55,15,4459.82,3828.6,631.22,COD,CUST1386
ORD102879,2025-01-17,North,Beauty,Lipstick,5,432.76,0,2163.8,1321.54,842.26,UPI,CUST2624
ORD102880,2024-06-06,South,Home & Kitchen,Mixer Grinder,8,3664.51,0,29316.08,20103.13,9212.95,Credit Card,CUST1358
ORD102881,2025-11-01,West,Sports,Dumbbells,11,755.75,10,7481.92,6640.41,841.51,Debit Card,CUST2624
ORD102882,2025-08-10,South,Electronics,Smartwatch,11,32223.4,15,301288.79,200104.59,101184.2,COD,CUST2165
ORD102883,2024-01-31,North,Electronics,Smartphone,4,16002.74,15,54409.32,45432.3,8977.02,Debit Card,CUST1846
ORD102884,2025-06-04,Central,Home & Kitchen,Cookware Set,7,1939.72,25,10183.53,8135.24,2048.29,Debit Card,CUST1589
ORD102885,2025-12-26,North,Apparel,Jeans,3,1778.75,5,5069.44,3673.27,1396.17,Credit Card,CUST2255
ORD102886,2024-07-30,West,Home & Kitchen,Air Fryer,8,1912.58,5,14535.61,10624.99,3910.62,COD,CUST2039
ORD102887,2024-03-09,West,Home & Kitchen,Air Fryer,5,3976.89,5,18890.23,13290.92,5599.31,Net Banking,CUST2805
ORD102888,2025-11-09,North,Home & Kitchen,Bedsheet Set,5,3260.86,0,16304.3,12225.07,4079.23,Net Banking,CUST3030
ORD102889,2024-06-28,Central,Home & Kitchen,Air Fryer,3,2140.51,0,6421.53,4748.47,1673.06,Debit Card,CUST3228
ORD102890,2024-06-22,East,Beauty,Face Wash,2,2732.33,5,5191.43,4283.96,907.47,Debit Card,CUST3329
ORD102891,2024-09-15,West,Electronics,Laptop,4,40203.31,15,136691.25,111516.91,25174.34,UPI,CUST1393
ORD102892,2024-12-01,West,Apparel,Jacket,9,1297.14,0,11674.26,8220.39,3453.87,Credit Card,CUST1274
ORD102893,2024-12-23,West,Apparel,Kurta,10,1674.31,25,12557.32,13045.73,-488.41,Net Banking,CUST1097
ORD102894,2025-10-25,South,Apparel,T-Shirt,6,2547.4,0,15284.4,9769.68,5514.72,COD,CUST3196
ORD102895,2024-02-27,Central,Electronics,Headphones,2,50912.07,20,81459.31,67436.59,14022.72,COD,CUST1185
ORD102896,2025-07-11,East,Sports,Yoga Mat,1,1696.58,5,1611.75,1346.36,265.39,Net Banking,CUST2813
ORD102897,2025-03-13,Central,Home & Kitchen,Bedsheet Set,4,3592.99,15,12216.17,8772.73,3443.44,COD,CUST1324
ORD102898,2025-09-14,South,Home & Kitchen,Air Fryer,11,3959.76,5,41379.49,26442.8,14936.69,Credit Card,CUST2000
ORD102899,2025-02-07,Central,Sports,Dumbbells,5,2257.83,0,11289.15,7434.86,3854.29,Credit Card,CUST2248
ORD102900,2024-05-23,Central,Beauty,Hair Serum,3,774.78,0,2324.34,1377.92,946.42,Net Banking,CUST1624
ORD102901,2025-08-23,North,Home & Kitchen,Mixer Grinder,1,1616.64,5,1535.81,1085.21,450.6,COD,CUST3083
ORD102902,2025-09-16,South,Apparel,Sneakers,4,3586.17,0,14344.68,9874.13,4470.55,Debit Card,CUST1390
ORD102903,2024-04-11,East,Home & Kitchen,Cookware Set,9,1465.55,0,13189.95,8361.46,4828.49,COD,CUST3000
ORD102904,2025-06-28,East,Home & Kitchen,Mixer Grinder,7,2841.89,5,18898.57,15092.69,3805.88,Credit Card,CUST1472
ORD102905,2024-08-03,South,Beauty,Face Wash,7,2867.74,5,19070.47,12409.2,6661.27,Net Banking,CUST2513
ORD102906,2024-05-21,North,Sports,Cricket Bat,5,3360.17,5,15960.81,11610.3,4350.51,COD,CUST3113
ORD102907,2024-07-11,West,Home & Kitchen,Mixer Grinder,10,2031.28,10,18281.52,15834.8,2446.72,Net Banking,CUST3399
ORD102908,2024-11-21,East,Electronics,Smartphone,6,35941.68,20,172520.06,140085.09,32434.97,UPI,CUST1334
ORD102909,2024-09-08,Central,Home & Kitchen,Air Fryer,7,339.59,0,2377.13,1356.39,1020.74,Debit Card,CUST3306
ORD102910,2025-04-09,East,Apparel,T-Shirt,2,2944.16,0,5888.32,4390.25,1498.07,UPI,CUST2639
ORD102911,2025-06-24,Central,Apparel,Sneakers,3,2553.94,10,6895.64,5147.84,1747.8,Credit Card,CUST2504
ORD102912,2025-10-11,North,Home & Kitchen,Cookware Set,3,2923.25,15,7454.29,5262.97,2191.32,COD,CUST3280
ORD102913,2024-10-10,West,Home & Kitchen,Cookware Set,9,2895.68,10,23455.01,20213.8,3241.21,COD,CUST3428
ORD102914,2025-10-23,East,Beauty,Face Wash,8,1588.05,10,11433.96,8646.14,2787.82,Net Banking,CUST3204
ORD102915,2025-07-18,South,Sports,Dumbbells,8,3263.06,20,20883.58,17147.34,3736.24,Debit Card,CUST2469
ORD102916,2024-03-14,Central,Beauty,Lipstick,9,2188.51,10,17726.93,13900.03,3826.9,UPI,CUST3336
ORD102917,2024-09-14,South,Apparel,Jacket,11,3208.31,10,31762.27,21458.49,10303.78,COD,CUST1185
ORD102918,2024-05-22,East,Sports,Yoga Mat,10,833.98,5,7922.81,5329.61,2593.2,Net Banking,CUST1201
ORD102919,2024-01-21,Central,Electronics,Headphones,8,6386.08,0,51088.64,28654.6,22434.04,COD,CUST2029
ORD102920,2025-01-11,West,Sports,Yoga Mat,10,1519.4,0,15194.0,10964.07,4229.93,COD,CUST2329
ORD102921,2025-06-25,Central,Electronics,Laptop,7,56115.64,10,353528.53,276089.51,77439.02,COD,CUST1727
ORD102922,2024-05-11,West,Home & Kitchen,Air Fryer,4,3661.43,5,13913.43,8205.25,5708.18,Net Banking,CUST1229
ORD102923,2024-11-28,West,Beauty,Hair Serum,9,3489.93,5,29838.9,20144.36,9694.54,COD,CUST2274
ORD102924,2025-11-21,Central,Beauty,Face Wash,8,3610.15,5,27437.14,20908.71,6528.43,Credit Card,CUST1749
ORD102925,2025-11-08,South,Beauty,Face Wash,4,3342.91,0,13371.64,8443.39,4928.25,Debit Card,CUST2978
ORD102926,2024-12-14,Central,Home & Kitchen,Cookware Set,3,1836.77,5,5234.79,3810.66,1424.13,Debit Card,CUST3313
ORD102927,2024-06-16,Central,Home & Kitchen,Cookware Set,1,2355.53,0,2355.53,1822.2,533.33,Debit Card,CUST1785
ORD102928,2025-04-01,North,Sports,Dumbbells,8,233.96,10,1684.51,1285.83,398.68,COD,CUST2819
ORD102929,2025-12-05,North,Apparel,Sneakers,8,1570.21,0,12561.68,9509.58,3052.1,COD,CUST1143
ORD102930,2025-12-30,North,Sports,Football,7,1559.86,10,9827.12,8489.35,1337.77,Credit Card,CUST1676
ORD102931,2025-11-22,North,Electronics,Headphones,5,46607.73,10,209734.79,132220.76,77514.03,Net Banking,CUST3485
ORD102932,2024-08-13,East,Sports,Cricket Bat,3,2983.4,5,8502.69,7056.28,1446.41,Debit Card,CUST2448
ORD102933,2025-06-07,North,Beauty,Lipstick,2,493.73,5,938.09,566.42,371.67,Credit Card,CUST2205
ORD102934,2024-04-15,South,Sports,Cricket Bat,9,1422.22,5,12159.98,9981.67,2178.31,Debit Card,CUST1904
ORD102935,2025-04-23,West,Apparel,Kurta,9,3043.78,10,24654.62,18215.61,6439.01,UPI,CUST2262
ORD102936,2024-12-16,East,Apparel,Jeans,5,1790.32,20,7161.28,5448.93,1712.35,Net Banking,CUST1949
ORD102937,2025-02-06,Central,Electronics,Smartwatch,3,56328.3,10,152086.41,128611.6,23474.81,UPI,CUST2425
ORD102938,2025-07-14,North,Electronics,Smartphone,7,28826.39,0,201784.73,125712.6,76072.13,UPI,CUST2176
ORD102939,2024-08-26,Central,Sports,Cricket Bat,9,283.68,10,2297.81,1741.25,556.56,Credit Card,CUST1430
ORD102940,2024-10-18,North,Apparel,Jeans,2,3966.95,15,6743.82,5767.91,975.91,COD,CUST3356
ORD102941,2025-09-13,West,Electronics,Tablet,3,47445.31,0,142335.93,92242.51,50093.42,COD,CUST3446
ORD102942,2024-10-01,East,Electronics,Smartphone,6,51280.95,20,246148.56,229900.77,16247.79,COD,CUST2572
ORD102943,2025-12-15,South,Beauty,Perfume,2,951.11,0,1902.22,1306.18,596.04,Debit Card,CUST2989
ORD102944,2025-09-23,Central,Home & Kitchen,Bedsheet Set,6,1256.1,10,6782.94,5270.15,1512.79,Credit Card,CUST1539
ORD102945,2024-03-27,North,Beauty,Perfume,3,1579.75,20,3791.4,3442.41,348.99,UPI,CUST1702
ORD102946,2025-03-25,South,Apparel,Jeans,8,799.04,5,6072.7,4740.98,1331.72,Debit Card,CUST2440
ORD102947,2024-07-20,West,Sports,Yoga Mat,1,3130.5,5,2973.98,1952.83,1021.15,COD,CUST3438
ORD102948,2024-02-13,North,Home & Kitchen,Air Fryer,5,1324.9,5,6293.28,3952.38,2340.9,Debit Card,CUST2464
ORD102949,2025-07-19,East,Beauty,Lipstick,10,2132.68,0,21326.8,12551.65,8775.15,COD,CUST3213
ORD102950,2025-11-02,West,Beauty,Face Wash,7,2346.63,20,13141.13,9838.89,3302.24,COD,CUST1343
ORD102951,2025-03-24,North,Beauty,Perfume,8,2006.76,0,16054.08,10834.68,5219.4,Net Banking,CUST1657
ORD102952,2025-03-29,Central,Beauty,Face Wash,1,944.59,10,850.13,545.68,304.45,COD,CUST2443
ORD102953,2025-08-31,East,Electronics,Tablet,5,27454.31,0,137271.55,75936.53,61335.02,Credit Card,CUST2067
ORD102954,2025-01-20,North,Sports,Football,3,1614.46,0,4843.38,3408.8,1434.58,Net Banking,CUST1530
ORD102955,2024-12-01,West,Apparel,Sneakers,11,648.68,15,6065.16,5256.89,808.27,Net Banking,CUST2537
ORD102956,2024-09-06,East,Electronics,Laptop,3,58003.58,10,156609.67,130558.33,26051.34,Debit Card,CUST1881
ORD102957,2025-03-31,East,Sports,Yoga Mat,8,652.51,10,4698.07,3493.47,1204.6,Debit Card,CUST3486
ORD102958,2024-02-26,South,Beauty,Face Wash,2,2346.23,25,3519.34,3731.04,-211.7,UPI,CUST3475
ORD102959,2025-02-22,West,Home & Kitchen,Air Fryer,11,2855.16,25,23555.07,20691.49,2863.58,UPI,CUST2929
ORD102960,2025-05-15,West,Home & Kitchen,Air Fryer,3,1933.43,0,5800.29,4072.86,1727.43,Credit Card,CUST2938
ORD102961,2024-12-13,West,Beauty,Hair Serum,6,567.72,5,3236.0,2269.22,966.78,Debit Card,CUST1036
ORD102962,2025-12-23,Central,Apparel,Kurta,5,898.32,15,3817.86,2755.0,1062.86,Debit Card,CUST1809
ORD102963,2024-01-01,East,Home & Kitchen,Cookware Set,7,3612.53,0,25287.71,18100.92,7186.79,Debit Card,CUST3065
ORD102964,2025-03-20,Central,Sports,Dumbbells,1,3765.91,15,3201.02,2843.85,357.17,Debit Card,CUST3258
ORD102965,2025-07-18,North,Beauty,Face Wash,9,250.21,0,2251.89,1674.39,577.5,Credit Card,CUST3158
ORD102966,2025-07-08,North,Apparel,Jeans,2,925.56,0,1851.12,1467.19,383.93,Credit Card,CUST2899
ORD102967,2024-06-21,East,Beauty,Hair Serum,1,572.06,5,543.46,368.79,174.67,UPI,CUST1083
ORD102968,2025-11-01,South,Apparel,T-Shirt,2,2545.82,5,4837.06,3991.43,845.63,COD,CUST3291
ORD102969,2025-01-27,North,Beauty,Face Wash,6,2655.48,5,15136.24,10254.6,4881.64,Debit Card,CUST1714
ORD102970,2024-06-01,North,Home & Kitchen,Mixer Grinder,2,3478.05,0,6956.1,4175.84,2780.26,Credit Card,CUST1954
ORD102971,2025-02-18,Central,Beauty,Lipstick,11,3074.89,15,28750.22,25274.63,3475.59,Credit Card,CUST2058
ORD102972,2025-05-19,North,Apparel,Jacket,1,2776.58,5,2637.75,1584.87,1052.88,COD,CUST3321
ORD102973,2025-06-22,Central,Beauty,Perfume,6,2544.25,5,14502.22,9535.92,4966.3,Debit Card,CUST2441
ORD102974,2025-09-23,East,Apparel,Jeans,1,3764.04,5,3575.84,2953.28,622.56,COD,CUST2687
ORD102975,2025-01-19,South,Beauty,Lipstick,6,320.54,10,1730.92,1322.08,408.84,UPI,CUST2220
ORD102976,2025-08-07,Central,Apparel,Sneakers,5,3203.48,10,14415.66,10867.49,3548.17,UPI,CUST3081
ORD102977,2025-06-15,North,Electronics,Tablet,10,44345.36,5,421280.92,251760.57,169520.35,Credit Card,CUST1408
ORD102978,2025-01-17,South,Apparel,T-Shirt,9,2220.27,15,16985.07,12343.88,4641.19,Credit Card,CUST1083
ORD102979,2024-07-27,Central,Home & Kitchen,Bedsheet Set,3,1664.0,0,4992.0,3692.95,1299.05,Debit Card,CUST3465
ORD102980,2024-07-24,South,Electronics,Headphones,8,23124.43,5,175745.67,129510.24,46235.43,Debit Card,CUST2892
ORD102981,2024-12-07,South,Beauty,Perfume,2,3040.15,20,4864.24,3874.19,990.05,Debit Card,CUST2165
ORD102982,2024-04-20,East,Beauty,Lipstick,8,2763.78,10,19899.22,12968.94,6930.28,Debit Card,CUST3056
ORD102983,2024-10-02,North,Sports,Yoga Mat,3,518.3,0,1554.9,1032.77,522.13,COD,CUST1355
ORD102984,2025-01-26,North,Beauty,Hair Serum,3,3856.54,0,11569.62,9214.55,2355.07,Debit Card,CUST2723
ORD102985,2024-06-12,Central,Electronics,Laptop,11,7199.08,0,79189.88,45672.97,33516.91,Net Banking,CUST3493
ORD102986,2024-06-18,West,Electronics,Smartphone,8,40063.6,10,288457.92,248105.05,40352.87,UPI,CUST2933
ORD102987,2024-01-11,Central,Electronics,Tablet,5,33135.79,0,165678.95,106495.1,59183.85,Net Banking,CUST3126
ORD102988,2024-12-11,East,Electronics,Laptop,1,43131.28,20,34505.02,27463.51,7041.51,Net Banking,CUST3178
ORD102989,2025-09-25,North,Beauty,Lipstick,4,2624.56,0,10498.24,8390.1,2108.14,UPI,CUST1049
ORD102990,2025-04-08,Central,Home & Kitchen,Mixer Grinder,2,1123.42,5,2134.5,1598.59,535.91,Debit Card,CUST1667
ORD102991,2025-10-10,Central,Apparel,Kurta,7,3188.0,0,22316.0,13702.62,8613.38,Debit Card,CUST3134
ORD102992,2024-09-14,Central,Home & Kitchen,Bedsheet Set,9,919.31,15,7032.72,4875.71,2157.01,Credit Card,CUST1903
ORD102993,2025-03-18,Central,Sports,Cricket Bat,2,3539.34,0,7078.68,4109.59,2969.09,COD,CUST2308
ORD102994,2025-10-18,North,Home & Kitchen,Mixer Grinder,10,3310.25,0,33102.5,23996.29,9106.21,Net Banking,CUST2054
ORD102995,2025-12-02,South,Beauty,Lipstick,7,693.04,15,4123.59,3742.62,380.97,Net Banking,CUST3138
ORD102996,2025-08-22,South,Electronics,Laptop,5,3394.32,10,15274.44,12369.55,2904.89,Debit Card,CUST3480
ORD102997,2025-02-20,South,Home & Kitchen,Mixer Grinder,6,2887.44,5,16458.41,13476.1,2982.31,COD,CUST1745
ORD102998,2024-08-27,Central,Electronics,Tablet,9,52106.04,15,398611.21,325295.12,73316.09,Credit Card,CUST2796
ORD102999,2024-05-02,West,Home & Kitchen,Mixer Grinder,4,1296.22,10,4666.39,3186.17,1480.22,Debit Card,CUST2667
ORD103000,2024-11-25,Central,Sports,Cricket Bat,4,1891.64,0,7566.56,5679.74,1886.82,COD,CUST1622
ORD103001,2025-02-18,North,Apparel,Jacket,11,1487.28,5,15542.08,12074.84,3467.24,Credit Card,CUST1690
ORD103002,2025-06-08,Central,Electronics,Smartwatch,8,20482.1,0,163856.8,91816.51,72040.29,UPI,CUST2770
ORD103003,2025-10-11,West,Home & Kitchen,Bedsheet Set,1,726.79,5,690.45,431.87,258.58,Net Banking,CUST1193
ORD103004,2024-04-12,North,Apparel,T-Shirt,9,3631.03,0,32679.27,20354.3,12324.97,Credit Card,CUST2224
ORD103005,2025-06-19,Central,Apparel,Kurta,3,3755.36,5,10702.78,7432.82,3269.96,COD,CUST1039
ORD103006,2025-09-16,West,Electronics,Tablet,4,11102.34,25,33307.02,30042.01,3265.01,Credit Card,CUST1260
ORD103007,2025-09-09,South,Beauty,Hair Serum,6,3642.88,20,17485.82,14526.34,2959.48,COD,CUST2306
ORD103008,2024-02-23,North,Beauty,Perfume,10,1399.71,5,13297.24,10086.58,3210.66,COD,CUST1135
ORD103009,2025-05-03,East,Electronics,Tablet,4,2190.48,5,8323.82,5507.06,2816.76,Net Banking,CUST1634
ORD103010,2025-09-19,West,Apparel,Jacket,1,2050.04,5,1947.54,1195.69,751.85,Credit Card,CUST3332
ORD103011,2024-02-06,North,Apparel,Jeans,7,2313.95,10,14577.88,10877.56,3700.32,Debit Card,CUST2588
ORD103012,2025-08-22,West,Electronics,Laptop,2,40879.88,20,65407.81,45807.26,19600.55,Debit Card,CUST1923
ORD103013,2025-06-13,North,Sports,Cricket Bat,4,2559.32,5,9725.42,5996.05,3729.37,UPI,CUST1838
ORD103014,2025-07-30,North,Electronics,Smartphone,1,57427.18,5,54555.82,32007.41,22548.41,UPI,CUST2893
ORD103015,2025-10-29,East,Beauty,Perfume,3,253.38,5,722.13,438.2,283.93,Credit Card,CUST2379
ORD103016,2025-10-07,Central,Home & Kitchen,Air Fryer,8,295.37,0,2362.96,1544.01,818.95,UPI,CUST1574
ORD103017,2024-01-29,Central,Home & Kitchen,Cookware Set,5,1257.82,25,4716.82,3524.82,1192.0,COD,CUST2176
ORD103018,2024-08-06,North,Beauty,Face Wash,11,1408.48,20,12394.62,8620.26,3774.36,Credit Card,CUST1968
ORD103019,2025-04-21,West,Home & Kitchen,Cookware Set,1,3898.0,5,3703.1,2695.46,1007.64,Net Banking,CUST1225
ORD103020,2025-01-05,East,Apparel,Sneakers,3,1204.12,10,3251.12,2115.13,1135.99,Net Banking,CUST3161
ORD103021,2024-02-07,South,Sports,Dumbbells,6,1064.46,10,5748.08,4297.48,1450.6,Debit Card,CUST1877
ORD103022,2024-09-01,Central,Home & Kitchen,Air Fryer,7,816.38,0,5714.66,3544.84,2169.82,Debit Card,CUST2282
ORD103023,2025-12-22,East,Electronics,Smartphone,10,45640.75,5,433587.12,312384.78,121202.34,COD,CUST3267
ORD103024,2025-04-17,East,Sports,Football,10,2909.03,5,27635.78,17382.75,10253.03,Credit Card,CUST1404
ORD103025,2025-05-06,Central,Apparel,Jeans,5,3107.66,0,15538.3,9753.36,5784.94,UPI,CUST1751
ORD103026,2024-08-01,North,Home & Kitchen,Cookware Set,2,2399.24,5,4558.56,2680.39,1878.17,Net Banking,CUST1553
ORD103027,2025-07-02,South,Apparel,T-Shirt,8,1948.35,15,13248.78,9264.87,3983.91,COD,CUST2055
ORD103028,2025-10-18,North,Beauty,Face Wash,6,1508.75,0,9052.5,7143.81,1908.69,COD,CUST2084
ORD103029,2025-08-11,East,Electronics,Headphones,6,58804.02,0,352824.12,259694.97,93129.15,Debit Card,CUST2421
ORD103030,2025-01-27,North,Beauty,Lipstick,5,3864.57,10,17390.57,15157.75,2232.82,Credit Card,CUST1735
ORD103031,2025-05-29,West,Home & Kitchen,Bedsheet Set,1,2911.17,10,2620.05,2259.78,360.27,Credit Card,CUST2712
ORD103032,2024-11-18,West,Beauty,Hair Serum,7,1018.89,10,6419.01,4868.68,1550.33,Credit Card,CUST3078
ORD103033,2024-07-09,West,Apparel,Jeans,2,462.17,15,785.69,583.38,202.31,UPI,CUST2760
ORD103034,2025-08-17,East,Beauty,Face Wash,9,1657.03,25,11184.95,8977.36,2207.59,Credit Card,CUST2944
ORD103035,2025-07-26,North,Sports,Dumbbells,9,3199.27,25,21595.07,22806.54,-1211.47,Debit Card,CUST2702
ORD103036,2025-07-31,Central,Home & Kitchen,Air Fryer,10,2349.34,0,23493.4,16756.13,6737.27,UPI,CUST2397
ORD103037,2024-08-22,Central,Electronics,Headphones,3,15492.79,0,46478.37,36718.69,9759.68,COD,CUST2775
ORD103038,2024-10-21,North,Beauty,Face Wash,8,3504.33,15,23829.44,21183.27,2646.17,Debit Card,CUST2809
ORD103039,2025-08-04,Central,Beauty,Lipstick,2,1653.66,0,3307.32,2559.41,747.91,COD,CUST3302
ORD103040,2025-03-27,South,Beauty,Lipstick,5,1535.85,10,6911.32,5994.04,917.28,COD,CUST1522
ORD103041,2025-10-21,South,Beauty,Perfume,7,3093.07,15,18403.77,14753.5,3650.27,Credit Card,CUST1209
ORD103042,2025-05-27,North,Home & Kitchen,Air Fryer,8,3387.96,15,23038.13,17305.73,5732.4,UPI,CUST2560
ORD103043,2025-01-28,East,Sports,Dumbbells,2,244.19,5,463.96,284.21,179.75,Debit Card,CUST2084
ORD103044,2025-07-06,Central,Beauty,Face Wash,9,2570.26,20,18505.87,14207.56,4298.31,Net Banking,CUST2739
ORD103045,2025-11-24,East,Home & Kitchen,Air Fryer,3,1180.84,10,3188.27,2802.74,385.53,Debit Card,CUST2195
ORD103046,2025-09-04,East,Electronics,Smartphone,11,33249.58,10,329170.84,239074.06,90096.78,Debit Card,CUST2443
ORD103047,2025-01-30,South,Home & Kitchen,Air Fryer,10,704.48,20,5635.84,5614.72,21.12,COD,CUST2214
ORD103048,2024-04-10,West,Beauty,Face Wash,5,2352.13,20,9408.52,8366.2,1042.32,Credit Card,CUST1159
ORD103049,2025-07-07,East,Beauty,Face Wash,8,2235.42,0,17883.36,12973.2,4910.16,COD,CUST2976
ORD103050,2024-12-30,West,Sports,Yoga Mat,11,1653.97,5,17283.99,13885.12,3398.87,Credit Card,CUST1092
ORD103051,2024-10-12,East,Sports,Cricket Bat,8,2344.45,0,18755.6,13427.67,5327.93,Debit Card,CUST2389
ORD103052,2024-05-17,North,Sports,Dumbbells,11,2938.87,10,29094.81,22309.97,6784.84,COD,CUST1930
ORD103053,2024-10-18,East,Apparel,Jacket,8,1947.65,5,14802.14,10046.07,4756.07,Net Banking,CUST2900
ORD103054,2025-04-09,South,Beauty,Perfume,7,1368.89,25,7186.67,7211.0,-24.33,UPI,CUST2093
ORD103055,2025-11-22,North,Apparel,Kurta,8,2867.84,10,20648.45,15697.48,4950.97,UPI,CUST1256
ORD103056,2024-03-30,South,Electronics,Smartphone,2,9709.7,10,17477.46,12091.39,5386.07,Debit Card,CUST2692
ORD103057,2024-12-31,North,Beauty,Lipstick,11,1986.09,5,20754.64,15516.23,5238.41,Debit Card,CUST1983
ORD103058,2025-06-09,East,Apparel,T-Shirt,3,1889.66,0,5668.98,4385.11,1283.87,Net Banking,CUST1974
ORD103059,2025-01-26,Central,Electronics,Headphones,6,51010.54,25,229547.43,180419.8,49127.63,Credit Card,CUST1522
ORD103060,2025-12-26,East,Sports,Yoga Mat,2,3906.95,10,7032.51,5402.78,1629.73,Credit Card,CUST3129
ORD103061,2025-06-07,West,Electronics,Tablet,4,9287.61,5,35292.92,20955.36,14337.56,Credit Card,CUST2622
ORD103062,2024-12-27,South,Sports,Cricket Bat,8,2282.79,10,16436.09,11536.4,4899.69,UPI,CUST2166
ORD103063,2024-12-11,West,Home & Kitchen,Air Fryer,10,3312.05,10,29808.45,20115.08,9693.37,Credit Card,CUST1313
ORD103064,2025-12-30,South,Beauty,Lipstick,8,2224.0,0,17792.0,10974.04,6817.96,Credit Card,CUST2548
ORD103065,2024-08-07,East,Home & Kitchen,Air Fryer,6,2880.26,15,14689.33,13768.49,920.84,COD,CUST3064
ORD103066,2025-08-07,East,Home & Kitchen,Bedsheet Set,6,1928.69,0,11572.14,8655.14,2917.0,Debit Card,CUST3155
ORD103067,2024-07-19,East,Electronics,Laptop,4,41089.14,0,164356.56,127768.27,36588.29,Credit Card,CUST3350
ORD103068,2025-07-29,Central,Home & Kitchen,Cookware Set,10,2303.7,0,23037.0,18037.52,4999.48,Credit Card,CUST1744
ORD103069,2025-04-24,South,Electronics,Tablet,4,54071.12,15,183841.81,148138.95,35702.86,Net Banking,CUST3378
ORD103070,2025-07-30,South,Sports,Dumbbells,11,2397.4,20,21097.12,16275.6,4821.52,COD,CUST3375
ORD103071,2025-09-19,South,Sports,Cricket Bat,9,829.53,10,6719.19,4598.02,2121.17,COD,CUST2058
ORD103072,2025-05-08,South,Electronics,Smartphone,9,35672.87,5,305003.04,196224.06,108778.98,Debit Card,CUST3282
ORD103073,2025-08-30,Central,Sports,Football,8,1405.19,10,10117.37,6551.15,3566.22,Credit Card,CUST1051
ORD103074,2025-07-03,Central,Sports,Cricket Bat,9,3247.55,15,24843.76,18703.23,6140.53,COD,CUST2232
ORD103075,2024-08-04,East,Sports,Football,8,326.05,20,2086.72,1528.38,558.34,Net Banking,CUST2275
ORD103076,2024-01-03,East,Apparel,Kurta,2,3188.35,25,4782.52,4476.97,305.55,UPI,CUST2894
ORD103077,2025-04-12,East,Home & Kitchen,Cookware Set,6,1272.11,0,7632.66,5545.68,2086.98,UPI,CUST3339
ORD103078,2024-06-02,North,Beauty,Lipstick,5,3853.41,15,16376.99,10885.99,5491.0,UPI,CUST1004
ORD103079,2024-10-19,East,Beauty,Hair Serum,8,3930.43,5,29871.27,18629.31,11241.96,Credit Card,CUST1562
ORD103080,2024-02-14,East,Home & Kitchen,Mixer Grinder,10,1454.17,5,13814.62,8350.18,5464.44,COD,CUST1593
ORD103081,2025-02-04,West,Sports,Yoga Mat,4,3985.53,10,14347.91,9116.7,5231.21,COD,CUST1042
ORD103082,2025-12-23,South,Apparel,Kurta,3,1840.89,15,4694.27,4312.48,381.79,Debit Card,CUST1016
ORD103083,2024-04-21,Central,Apparel,Sneakers,7,1742.42,5,11587.09,8429.87,3157.22,UPI,CUST3226
ORD103084,2025-09-07,East,Sports,Dumbbells,5,1449.28,5,6884.08,5316.42,1567.66,Net Banking,CUST3072
ORD103085,2025-01-05,North,Home & Kitchen,Mixer Grinder,6,3008.45,0,18050.7,12289.69,5761.01,COD,CUST3007
ORD103086,2025-04-06,Central,Beauty,Perfume,8,3644.41,10,26239.75,21107.47,5132.28,COD,CUST1869
ORD103087,2025-11-10,West,Apparel,Jeans,5,3244.27,25,12166.01,12147.06,18.95,Credit Card,CUST1586
ORD103088,2024-07-19,West,Apparel,T-Shirt,6,1383.39,0,8300.34,6252.34,2048.0,Net Banking,CUST1907
ORD103089,2025-06-27,North,Sports,Football,1,524.53,0,524.53,375.44,149.09,UPI,CUST3273
ORD103090,2025-05-01,North,Electronics,Smartwatch,3,42150.88,5,120130.01,69554.5,50575.51,UPI,CUST3347
ORD103091,2025-01-15,Central,Electronics,Laptop,3,13517.1,0,40551.3,29219.25,11332.05,Debit Card,CUST1825
ORD103092,2024-04-10,East,Beauty,Hair Serum,9,2570.43,20,18507.1,12932.9,5574.2,UPI,CUST1368
ORD103093,2025-01-02,East,Beauty,Perfume,5,1389.63,0,6948.15,4682.47,2265.68,Credit Card,CUST1763
ORD103094,2024-02-05,Central,Home & Kitchen,Air Fryer,10,3656.11,25,27420.82,27176.42,244.4,Debit Card,CUST1705
ORD103095,2024-08-08,North,Sports,Cricket Bat,7,3167.33,5,21062.74,16983.76,4078.98,Credit Card,CUST1148
ORD103096,2025-02-09,West,Home & Kitchen,Bedsheet Set,9,869.7,10,7044.57,5765.71,1278.86,COD,CUST1107
ORD103097,2025-01-23,West,Beauty,Lipstick,9,2464.48,0,22180.32,17130.57,5049.75,UPI,CUST2999
ORD103098,2025-07-18,Central,Apparel,Kurta,8,793.35,0,6346.8,4476.29,1870.51,Credit Card,CUST1446
ORD103099,2025-07-27,Central,Apparel,T-Shirt,2,2160.81,5,4105.54,2394.22,1711.32,Debit Card,CUST2916
ORD103100,2025-04-02,West,Home & Kitchen,Bedsheet Set,1,458.16,15,389.44,253.08,136.36,Net Banking,CUST1976
ORD103101,2024-11-27,Central,Beauty,Perfume,8,1347.36,20,8623.1,7024.6,1598.5,Debit Card,CUST2129
ORD103102,2024-09-11,South,Home & Kitchen,Mixer Grinder,6,3204.24,15,16341.62,10734.03,5607.59,Net Banking,CUST1688
ORD103103,2024-02-15,North,Beauty,Lipstick,11,1652.61,10,16360.84,11154.27,5206.57,Debit Card,CUST1563
ORD103104,2024-06-09,East,Sports,Football,5,1421.2,5,6750.7,5587.3,1163.4,Net Banking,CUST2340
ORD103105,2025-10-27,South,Beauty,Lipstick,5,927.47,0,4637.35,3108.98,1528.37,UPI,CUST1065
ORD103106,2025-01-31,West,Electronics,Laptop,2,7502.33,5,14254.43,8752.75,5501.68,Debit Card,CUST1179
ORD103107,2025-06-07,North,Home & Kitchen,Air Fryer,11,2738.25,0,30120.75,16698.87,13421.88,Net Banking,CUST2312
ORD103108,2025-06-16,North,Home & Kitchen,Cookware Set,6,3867.37,0,23204.22,18033.12,5171.1,Net Banking,CUST2721
ORD103109,2025-08-20,West,Home & Kitchen,Bedsheet Set,4,188.05,0,752.2,470.62,281.58,UPI,CUST2694
ORD103110,2024-03-17,East,Apparel,Jacket,2,1174.41,10,2113.94,1380.91,733.03,Debit Card,CUST2678
ORD103111,2025-06-08,East,Electronics,Laptop,10,42547.47,15,361653.5,293994.98,67658.52,UPI,CUST2830
ORD103112,2024-01-27,Central,Electronics,Laptop,4,43768.2,0,175072.8,125612.51,49460.29,Debit Card,CUST2797
ORD103113,2024-07-28,Central,Apparel,T-Shirt,6,2157.37,10,11649.8,7991.24,3658.56,Credit Card,CUST1682
ORD103114,2024-09-13,North,Sports,Yoga Mat,9,1269.89,10,10286.11,8588.7,1697.41,COD,CUST1731
ORD103115,2024-07-23,South,Electronics,Headphones,8,32127.96,20,205618.94,187981.06,17637.88,Net Banking,CUST2083
ORD103116,2024-03-26,West,Sports,Football,5,1670.19,0,8350.95,4920.45,3430.5,Debit Card,CUST1088
ORD103117,2025-03-12,East,Apparel,Sneakers,8,643.89,0,5151.12,3409.4,1741.72,Credit Card,CUST2075
ORD103118,2025-10-13,West,Electronics,Smartwatch,3,24634.58,15,62818.18,43567.39,19250.79,COD,CUST1270
ORD103119,2024-04-09,South,Home & Kitchen,Mixer Grinder,5,437.97,25,1642.39,1573.84,68.55,Net Banking,CUST2175
ORD103120,2024-11-25,North,Electronics,Headphones,4,7570.57,0,30282.28,22580.46,7701.82,UPI,CUST1359
ORD103121,2024-01-05,South,Electronics,Headphones,7,4293.5,5,28551.78,17801.93,10749.85,Debit Card,CUST2874
ORD103122,2024-10-30,West,Home & Kitchen,Air Fryer,7,2334.64,0,16342.48,10532.68,5809.8,Debit Card,CUST2721
ORD103123,2025-08-02,North,Electronics,Headphones,7,5115.66,0,35809.62,23494.48,12315.14,COD,CUST3041
ORD103124,2025-01-24,East,Electronics,Tablet,10,21367.51,10,192307.59,133599.64,58707.95,UPI,CUST1787
ORD103125,2025-06-05,North,Sports,Cricket Bat,10,2643.18,25,19823.85,17910.03,1913.82,UPI,CUST2547
ORD103126,2024-10-05,West,Apparel,Kurta,5,2527.19,25,9476.96,7931.28,1545.68,UPI,CUST2048
ORD103127,2025-06-12,West,Apparel,Jacket,10,1815.74,0,18157.4,10543.18,7614.22,UPI,CUST2293
ORD103128,2024-10-21,West,Beauty,Perfume,2,1963.18,15,3337.41,2611.72,725.69,Net Banking,CUST3220
ORD103129,2024-01-04,North,Apparel,Jeans,4,2247.54,20,7192.13,6230.98,961.15,Debit Card,CUST1166
ORD103130,2024-10-26,West,Apparel,T-Shirt,1,2366.59,0,2366.59,1580.31,786.28,Credit Card,CUST2407
ORD103131,2024-08-14,South,Beauty,Perfume,7,2255.7,5,15000.4,12334.28,2666.12,Credit Card,CUST1981
ORD103132,2024-07-11,Central,Beauty,Lipstick,10,622.42,0,6224.2,3922.16,2302.04,COD,CUST2411
ORD103133,2024-03-11,East,Sports,Yoga Mat,11,2582.94,5,26991.72,20458.3,6533.42,COD,CUST2402
ORD103134,2024-11-09,East,Sports,Yoga Mat,4,2580.02,0,10320.08,6091.31,4228.77,UPI,CUST1848
ORD103135,2024-08-30,West,Home & Kitchen,Bedsheet Set,10,217.36,25,1630.2,1452.07,178.13,COD,CUST1846
ORD103136,2024-12-07,Central,Sports,Dumbbells,7,1082.4,0,7576.8,6033.7,1543.1,COD,CUST1531
ORD103137,2025-01-15,South,Home & Kitchen,Mixer Grinder,10,360.29,5,3422.76,2063.94,1358.82,Credit Card,CUST2263
ORD103138,2025-11-09,West,Home & Kitchen,Bedsheet Set,9,650.53,10,5269.29,4563.0,706.29,Net Banking,CUST3098
ORD103139,2025-09-09,North,Apparel,Sneakers,8,1701.15,0,13609.2,9224.34,4384.86,UPI,CUST3401
ORD103140,2025-01-29,North,Beauty,Lipstick,10,2112.43,20,16899.44,16415.94,483.5,Net Banking,CUST1855
ORD103141,2025-05-02,West,Beauty,Perfume,6,3986.61,0,23919.66,15097.0,8822.66,COD,CUST2317
ORD103142,2024-10-28,South,Sports,Football,10,3016.28,0,30162.8,23992.75,6170.05,Credit Card,CUST1296
ORD103143,2025-03-30,Central,Home & Kitchen,Air Fryer,9,2168.3,0,19514.7,14778.46,4736.24,UPI,CUST3185
ORD103144,2025-03-29,Central,Beauty,Face Wash,1,1591.2,15,1352.52,939.97,412.55,Net Banking,CUST1694
ORD103145,2025-12-10,West,Home & Kitchen,Air Fryer,1,2612.85,25,1959.64,2078.76,-119.12,COD,CUST1154
ORD103146,2024-06-17,West,Beauty,Hair Serum,3,353.22,0,1059.66,748.9,310.76,Net Banking,CUST1121
ORD103147,2025-02-20,West,Electronics,Headphones,7,2874.37,0,20120.59,12237.91,7882.68,UPI,CUST2615
ORD103148,2025-05-04,East,Home & Kitchen,Mixer Grinder,11,2579.01,0,28369.11,16935.48,11433.63,COD,CUST3327
ORD103149,2025-02-25,Central,Beauty,Perfume,8,2174.69,0,17397.52,9775.72,7621.8,UPI,CUST2605
ORD103150,2025-01-12,North,Sports,Yoga Mat,9,2834.94,10,22963.01,15658.34,7304.67,Debit Card,CUST2620
ORD103151,2025-07-10,South,Sports,Dumbbells,7,1779.01,20,9962.46,8353.89,1608.57,Debit Card,CUST2205
ORD103152,2025-04-17,North,Sports,Cricket Bat,8,2973.12,10,21406.46,14696.72,6709.74,COD,CUST2080
ORD103153,2024-11-17,East,Electronics,Headphones,1,21803.45,0,21803.45,17190.76,4612.69,Debit Card,CUST3035
ORD103154,2024-02-23,Central,Electronics,Smartphone,1,8730.08,15,7420.57,6678.83,741.74,UPI,CUST1602
ORD103155,2024-03-29,South,Home & Kitchen,Cookware Set,7,793.71,5,5278.17,3917.11,1361.06,Debit Card,CUST1184
ORD103156,2025-03-13,East,Beauty,Perfume,4,1530.35,0,6121.4,3865.15,2256.25,UPI,CUST1054
ORD103157,2025-12-01,West,Home & Kitchen,Air Fryer,8,3772.93,20,24146.75,20460.17,3686.58,UPI,CUST3090
ORD103158,2024-12-26,North,Sports,Yoga Mat,4,245.38,15,834.29,575.57,258.72,Credit Card,CUST3354
ORD103159,2025-07-21,North,Electronics,Tablet,11,31457.82,10,311432.42,224453.82,86978.6,Debit Card,CUST2417
ORD103160,2024-05-30,North,Beauty,Hair Serum,6,2768.82,10,14951.63,12053.98,2897.65,UPI,CUST3128
ORD103161,2024-07-25,North,Home & Kitchen,Air Fryer,11,3280.3,5,34279.14,28475.45,5803.69,UPI,CUST3191
ORD103162,2024-04-13,East,Apparel,T-Shirt,7,3732.35,10,23513.8,14917.91,8595.89,Credit Card,CUST1273
ORD103163,2025-03-27,South,Beauty,Hair Serum,1,1670.6,5,1587.07,1269.24,317.83,Net Banking,CUST1906
ORD103164,2025-04-07,North,Electronics,Smartphone,1,43108.7,0,43108.7,32138.23,10970.47,Debit Card,CUST1431
ORD103165,2025-11-05,North,Beauty,Face Wash,8,902.61,0,7220.88,4076.54,3144.34,Debit Card,CUST2630
ORD103166,2024-08-01,North,Sports,Yoga Mat,1,1267.73,0,1267.73,847.92,419.81,Debit Card,CUST1437
ORD103167,2024-01-19,Central,Beauty,Perfume,1,2933.55,5,2786.87,2042.82,744.05,Net Banking,CUST2383
ORD103168,2025-03-05,Central,Home & Kitchen,Bedsheet Set,11,2049.07,20,18031.82,17781.94,249.88,Credit Card,CUST2745
ORD103169,2025-06-14,West,Home & Kitchen,Air Fryer,7,1173.63,5,7804.64,5939.9,1864.74,UPI,CUST2685
ORD103170,2024-02-05,Central,Electronics,Headphones,2,14110.94,10,25399.69,22021.64,3378.05,COD,CUST1092
ORD103171,2024-01-05,West,Beauty,Lipstick,6,273.91,0,1643.46,1228.23,415.23,Credit Card,CUST2787
ORD103172,2025-08-18,Central,Apparel,Sneakers,11,1923.88,0,21162.68,12609.83,8552.85,Net Banking,CUST1780
ORD103173,2024-10-24,Central,Beauty,Lipstick,2,1802.49,25,2703.74,2160.59,543.15,Debit Card,CUST2987
ORD103174,2025-07-12,North,Apparel,Sneakers,6,990.25,5,5644.42,4519.21,1125.21,COD,CUST2036
ORD103175,2025-10-10,Central,Beauty,Lipstick,11,854.45,15,7989.11,6607.46,1381.65,Credit Card,CUST2614
ORD103176,2025-03-04,Central,Beauty,Perfume,7,1084.77,25,5695.04,4463.04,1232.0,Credit Card,CUST2256
ORD103177,2024-04-20,West,Beauty,Perfume,6,3700.16,0,22200.96,15142.97,7057.99,Net Banking,CUST1040
ORD103178,2025-07-13,East,Beauty,Face Wash,2,2180.39,0,4360.78,3226.64,1134.14,Net Banking,CUST3481
ORD103179,2024-01-19,North,Apparel,T-Shirt,2,939.56,10,1691.21,1076.43,614.78,Debit Card,CUST2307
ORD103180,2024-02-03,West,Apparel,Jeans,7,1630.05,10,10269.32,8866.67,1402.65,Debit Card,CUST1179
ORD103181,2025-09-13,South,Apparel,T-Shirt,4,1691.2,5,6426.56,4910.54,1516.02,COD,CUST2177
ORD103182,2025-09-10,Central,Sports,Football,2,2053.11,10,3695.6,2630.88,1064.72,Debit Card,CUST3210
ORD103183,2024-03-21,West,Apparel,T-Shirt,4,313.98,25,941.94,912.38,29.56,Net Banking,CUST2727
ORD103184,2025-06-25,East,Beauty,Lipstick,7,702.16,0,4915.12,2759.31,2155.81,UPI,CUST1936
ORD103185,2024-04-27,Central,Electronics,Headphones,2,35162.67,0,70325.34,50132.46,20192.88,Debit Card,CUST2581
ORD103186,2024-11-11,East,Beauty,Face Wash,9,3873.93,5,33122.1,27459.4,5662.7,UPI,CUST2970
ORD103187,2025-10-09,Central,Sports,Football,2,3788.33,5,7197.83,5742.94,1454.89,COD,CUST1907
ORD103188,2025-10-10,East,Home & Kitchen,Cookware Set,9,196.92,0,1772.28,1002.33,769.95,COD,CUST2951
ORD103189,2025-02-22,North,Beauty,Face Wash,1,944.8,5,897.56,567.83,329.73,COD,CUST1125
ORD103190,2025-09-01,South,Electronics,Smartwatch,8,25837.23,0,206697.84,119968.41,86729.43,Credit Card,CUST2289
ORD103191,2024-02-21,North,Apparel,Kurta,4,3645.13,0,14580.52,11295.82,3284.7,UPI,CUST3021
ORD103192,2025-10-05,North,Apparel,Sneakers,9,655.06,10,5305.99,4233.37,1072.62,Credit Card,CUST1136
ORD103193,2024-05-09,South,Beauty,Hair Serum,3,3639.13,15,9279.78,8255.27,1024.51,Debit Card,CUST3382
ORD103194,2025-06-09,Central,Beauty,Perfume,7,3110.53,0,21773.71,16791.65,4982.06,COD,CUST1208
ORD103195,2024-06-06,East,Beauty,Face Wash,1,3603.67,0,3603.67,2611.6,992.07,Credit Card,CUST2368
ORD103196,2025-10-03,East,Beauty,Lipstick,9,3976.56,10,32210.14,19991.43,12218.71,Debit Card,CUST1414
ORD103197,2025-01-28,Central,Home & Kitchen,Air Fryer,6,1867.32,0,11203.92,6914.37,4289.55,UPI,CUST3065
ORD103198,2025-12-28,Central,Apparel,Jacket,1,2112.17,10,1900.95,1185.65,715.3,UPI,CUST2554
ORD103199,2025-05-01,Central,Sports,Dumbbells,7,1184.18,10,7460.33,6231.79,1228.54,Debit Card,CUST3497
ORD103200,2025-04-27,West,Home & Kitchen,Bedsheet Set,3,2542.01,0,7626.03,5019.1,2606.93,UPI,CUST2070
ORD103201,2024-07-09,South,Home & Kitchen,Cookware Set,7,3277.96,10,20651.15,16010.38,4640.77,Debit Card,CUST1623
ORD103202,2025-03-28,East,Beauty,Face Wash,2,2669.24,20,4270.78,4230.49,40.29,COD,CUST2097
ORD103203,2025-03-28,West,Apparel,Jeans,10,2549.22,0,25492.2,17966.19,7526.01,Credit Card,CUST1391
ORD103204,2024-12-19,South,Electronics,Headphones,1,37231.76,15,31647.0,22060.58,9586.42,UPI,CUST1711
ORD103205,2025-01-29,West,Electronics,Tablet,2,58693.56,0,117387.12,78345.01,39042.11,Net Banking,CUST3068
ORD103206,2025-12-11,Central,Electronics,Smartphone,4,39941.85,20,127813.92,95846.85,31967.07,COD,CUST2098
ORD103207,2025-08-16,North,Sports,Yoga Mat,7,3098.43,0,21689.01,15293.29,6395.72,Net Banking,CUST2193
ORD103208,2025-08-21,East,Sports,Yoga Mat,7,1952.98,20,10936.69,9254.66,1682.03,Credit Card,CUST2671
ORD103209,2024-01-03,East,Apparel,Jacket,11,393.41,15,3678.38,3052.8,625.58,COD,CUST2224
ORD103210,2024-10-18,East,Sports,Dumbbells,6,304.57,0,1827.42,1212.17,615.25,Debit Card,CUST2913
ORD103211,2025-10-03,Central,Beauty,Lipstick,5,2554.85,0,12774.25,10132.58,2641.67,Debit Card,CUST1013
ORD103212,2024-04-07,Central,Apparel,T-Shirt,7,1994.8,0,13963.6,8099.56,5864.04,UPI,CUST3254
ORD103213,2024-08-20,East,Electronics,Laptop,5,37690.52,15,160184.71,144994.57,15190.14,UPI,CUST1305
ORD103214,2025-04-07,South,Home & Kitchen,Mixer Grinder,1,3439.8,5,3267.81,2425.67,842.14,Debit Card,CUST1182
ORD103215,2025-11-29,East,Sports,Football,5,2490.34,15,10583.94,9151.79,1432.15,Debit Card,CUST2004
ORD103216,2024-03-14,Central,Sports,Dumbbells,7,1342.23,10,8456.05,5694.19,2761.86,COD,CUST3475
ORD103217,2024-02-01,North,Apparel,Jeans,3,3886.11,0,11658.33,6727.21,4931.12,UPI,CUST1570
ORD103218,2024-08-06,Central,Apparel,T-Shirt,9,1090.32,20,7850.3,5641.18,2209.12,UPI,CUST3125
ORD103219,2025-08-14,West,Apparel,Jeans,10,907.42,0,9074.2,5474.42,3599.78,Credit Card,CUST2691
ORD103220,2024-09-30,North,Home & Kitchen,Mixer Grinder,10,817.83,0,8178.3,5764.03,2414.27,UPI,CUST2826
ORD103221,2024-04-23,West,Sports,Football,7,507.71,5,3376.27,2236.41,1139.86,COD,CUST1137
ORD103222,2025-10-24,Central,Home & Kitchen,Air Fryer,4,968.81,10,3487.72,2652.44,835.28,Credit Card,CUST3309
ORD103223,2025-05-26,West,Apparel,Kurta,1,1879.94,20,1503.95,1440.87,63.08,COD,CUST3078
ORD103224,2024-11-25,East,Beauty,Hair Serum,5,3310.89,0,16554.45,12479.87,4074.58,Net Banking,CUST1333
ORD103225,2025-05-29,Central,Sports,Dumbbells,9,2495.8,0,22462.2,13991.03,8471.17,Credit Card,CUST2423
ORD103226,2024-06-14,South,Sports,Yoga Mat,4,3027.98,20,9689.54,7833.95,1855.59,Net Banking,CUST2493
ORD103227,2025-05-07,Central,Apparel,Sneakers,2,881.98,0,1763.96,1018.16,745.8,COD,CUST2393
ORD103228,2024-06-29,North,Beauty,Lipstick,4,2501.73,0,10006.92,6870.67,3136.25,Debit Card,CUST2163
ORD103229,2025-10-26,South,Beauty,Lipstick,11,3170.8,0,34878.8,21271.31,13607.49,Credit Card,CUST2562
ORD103230,2025-01-24,East,Home & Kitchen,Bedsheet Set,11,3540.04,10,35046.4,25119.93,9926.47,COD,CUST2454
ORD103231,2025-12-08,Central,Apparel,Kurta,3,847.66,0,2542.98,1558.27,984.71,UPI,CUST3295
ORD103232,2025-09-11,South,Beauty,Lipstick,2,2355.1,0,4710.2,2830.59,1879.61,Credit Card,CUST1947
ORD103233,2024-12-17,East,Apparel,Sneakers,9,475.45,5,4065.1,3351.51,713.59,Debit Card,CUST3215
ORD103234,2024-05-05,Central,Apparel,T-Shirt,8,2421.41,5,18402.72,10770.61,7632.11,Net Banking,CUST1696
ORD103235,2024-08-10,East,Home & Kitchen,Mixer Grinder,11,3852.89,0,42381.79,26003.13,16378.66,Net Banking,CUST2057
ORD103236,2024-12-05,Central,Sports,Cricket Bat,7,2519.31,0,17635.17,12213.45,5421.72,Net Banking,CUST1627
ORD103237,2024-05-12,West,Electronics,Headphones,3,44409.52,20,106582.85,88520.85,18062.0,COD,CUST2992
ORD103238,2024-10-24,East,Electronics,Headphones,10,54286.93,10,488582.37,404483.53,84098.84,Credit Card,CUST2859
ORD103239,2024-10-28,West,Sports,Cricket Bat,1,2187.32,25,1640.49,1252.04,388.45,Debit Card,CUST1091
ORD103240,2025-04-10,South,Beauty,Hair Serum,2,3234.67,5,6145.87,4601.49,1544.38,COD,CUST1946
ORD103241,2025-07-07,North,Sports,Cricket Bat,2,681.42,0,1362.84,796.21,566.63,Net Banking,CUST1091
ORD103242,2025-01-02,South,Electronics,Tablet,4,36987.49,5,140552.46,82808.04,57744.42,UPI,CUST3259
ORD103243,2025-02-03,West,Apparel,T-Shirt,2,3340.48,10,6012.86,4727.93,1284.93,Credit Card,CUST3257
ORD103244,2024-09-12,North,Electronics,Smartwatch,11,39127.92,5,408886.76,245705.36,163181.4,Net Banking,CUST1574
ORD103245,2024-06-02,East,Electronics,Tablet,3,7376.77,15,18810.76,13404.37,5406.39,UPI,CUST1435
ORD103246,2024-10-06,East,Sports,Cricket Bat,6,2359.37,0,14156.22,8934.61,5221.61,Net Banking,CUST1803
ORD103247,2025-10-21,East,Apparel,Kurta,5,1008.46,10,4538.07,3080.16,1457.91,Debit Card,CUST2006
ORD103248,2025-08-18,West,Electronics,Smartwatch,6,3239.79,0,19438.74,10935.34,8503.4,Credit Card,CUST3293
ORD103249,2024-10-09,Central,Electronics,Laptop,6,57521.53,10,310616.26,244722.7,65893.56,UPI,CUST3011
ORD103250,2025-02-14,South,Home & Kitchen,Mixer Grinder,5,1321.46,0,6607.3,3693.93,2913.37,COD,CUST3069
ORD103251,2024-01-19,Central,Electronics,Headphones,4,59830.34,10,215389.22,178680.01,36709.21,UPI,CUST1364
ORD103252,2024-11-30,South,Sports,Football,7,418.15,5,2780.7,1638.83,1141.87,Credit Card,CUST1669
ORD103253,2025-02-17,Central,Home & Kitchen,Air Fryer,9,737.88,0,6640.92,4598.55,2042.37,Net Banking,CUST2186
ORD103254,2024-04-10,West,Electronics,Headphones,7,32839.23,5,218380.88,181772.21,36608.67,Debit Card,CUST1454
ORD103255,2025-10-07,West,Electronics,Tablet,6,442.82,10,2391.23,1743.96,647.27,Credit Card,CUST2468
ORD103256,2025-10-20,South,Electronics,Smartphone,2,22501.31,5,42752.49,26968.21,15784.28,Credit Card,CUST1581
ORD103257,2024-11-05,Central,Apparel,Jacket,6,3744.98,0,22469.88,13463.01,9006.87,Credit Card,CUST1945
ORD103258,2025-11-19,South,Apparel,T-Shirt,3,909.24,0,2727.72,1989.27,738.45,Net Banking,CUST1122
ORD103259,2024-03-09,South,Beauty,Face Wash,10,602.94,5,5727.93,3744.3,1983.63,Net Banking,CUST1947
ORD103260,2024-09-14,East,Apparel,Jeans,9,3193.46,10,25867.03,21009.54,4857.49,Credit Card,CUST1976
ORD103261,2024-08-24,South,Beauty,Lipstick,3,3836.54,5,10934.14,8109.1,2825.04,Net Banking,CUST3304
ORD103262,2024-05-11,East,Apparel,Kurta,10,621.03,5,5899.78,3627.7,2272.08,COD,CUST3038
ORD103263,2024-02-20,East,Apparel,Jeans,7,1620.08,0,11340.56,8681.34,2659.22,UPI,CUST2689
ORD103264,2024-12-29,East,Apparel,Jacket,7,268.3,5,1784.2,1466.43,317.77,COD,CUST3369
ORD103265,2025-10-09,West,Home & Kitchen,Mixer Grinder,5,675.34,10,3039.03,2530.94,508.09,Net Banking,CUST2614
ORD103266,2024-07-12,East,Sports,Dumbbells,5,1681.83,15,7147.78,6419.66,728.12,Debit Card,CUST1526
ORD103267,2025-05-13,North,Beauty,Perfume,7,604.67,10,3809.42,2917.39,892.03,Debit Card,CUST2865
ORD103268,2025-08-15,Central,Beauty,Perfume,9,945.21,5,8081.55,6252.87,1828.68,Debit Card,CUST1093
ORD103269,2025-12-23,East,Apparel,Sneakers,7,3153.8,15,18765.11,17470.93,1294.18,Net Banking,CUST3041
ORD103270,2024-08-01,Central,Apparel,Jacket,6,1792.51,0,10755.06,7436.14,3318.92,Debit Card,CUST1554
ORD103271,2025-11-23,Central,Home & Kitchen,Mixer Grinder,3,989.65,10,2672.06,1916.8,755.26,UPI,CUST1446
ORD103272,2024-03-08,West,Home & Kitchen,Cookware Set,10,1639.07,20,13112.56,9741.08,3371.48,Net Banking,CUST3022
ORD103273,2024-04-12,Central,Electronics,Smartphone,1,20661.94,25,15496.45,12379.14,3117.31,UPI,CUST1103
ORD103274,2024-09-15,West,Beauty,Perfume,4,2164.29,5,8224.3,5297.61,2926.69,Debit Card,CUST1559
ORD103275,2024-01-27,Central,Home & Kitchen,Air Fryer,7,616.04,0,4312.28,2781.05,1531.23,COD,CUST1503
ORD103276,2025-08-10,East,Sports,Cricket Bat,7,1149.89,5,7646.77,5354.71,2292.06,Credit Card,CUST2875
ORD103277,2025-03-18,South,Home & Kitchen,Mixer Grinder,7,2916.98,5,19397.92,13511.06,5886.86,COD,CUST1393
ORD103278,2024-11-01,East,Beauty,Lipstick,2,1946.43,0,3892.86,2684.31,1208.55,Credit Card,CUST3399
ORD103279,2024-07-27,East,Apparel,Jacket,1,1818.28,5,1727.37,1028.27,699.1,UPI,CUST3345
ORD103280,2025-07-10,North,Beauty,Perfume,11,802.19,15,7500.48,4855.78,2644.7,COD,CUST2632
ORD103281,2024-07-16,Central,Sports,Football,5,2442.48,15,10380.54,8261.46,2119.08,Debit Card,CUST3363
ORD103282,2024-01-01,West,Beauty,Hair Serum,7,2069.7,10,13039.11,11220.06,1819.05,UPI,CUST2594
ORD103283,2025-11-29,Central,Home & Kitchen,Air Fryer,11,600.12,15,5611.12,5059.86,551.26,Net Banking,CUST2334
ORD103284,2024-05-13,East,Beauty,Hair Serum,1,1188.1,15,1009.88,733.57,276.31,Credit Card,CUST3185
ORD103285,2024-04-17,North,Apparel,Kurta,4,1491.43,10,5369.15,3605.42,1763.73,COD,CUST2886
ORD103286,2024-01-06,Central,Beauty,Lipstick,5,1164.41,0,5822.05,3222.5,2599.55,COD,CUST2656
ORD103287,2025-02-08,South,Sports,Cricket Bat,3,2823.38,0,8470.14,6114.12,2356.02,Debit Card,CUST1836
ORD103288,2025-05-24,Central,Apparel,Jacket,9,1843.11,10,14929.19,11752.48,3176.71,Debit Card,CUST3057
ORD103289,2024-10-28,South,Apparel,Kurta,7,2924.6,10,18424.98,12053.49,6371.49,UPI,CUST2413
ORD103290,2024-12-22,North,Home & Kitchen,Mixer Grinder,11,2607.19,10,25811.18,17393.53,8417.65,Net Banking,CUST1221
ORD103291,2024-03-21,West,Apparel,Jacket,11,439.55,0,4835.05,2854.85,1980.2,COD,CUST1227
ORD103292,2024-10-16,North,Apparel,Sneakers,5,987.22,0,4936.1,3115.38,1820.72,UPI,CUST2529
ORD103293,2025-01-22,East,Apparel,Jeans,7,3367.04,10,21212.35,14978.45,6233.9,Net Banking,CUST1188
ORD103294,2024-06-26,South,Electronics,Laptop,7,45356.04,0,317492.28,214386.41,103105.87,UPI,CUST2350
ORD103295,2025-01-07,South,Beauty,Face Wash,1,989.97,15,841.47,591.48,249.99,UPI,CUST3002
ORD103296,2025-04-04,North,Sports,Dumbbells,9,2395.01,0,21555.09,14524.06,7031.03,COD,CUST3290
ORD103297,2025-04-13,North,Apparel,Jacket,6,694.23,5,3957.11,2406.15,1550.96,COD,CUST1741
ORD103298,2025-09-29,South,Sports,Football,7,1879.36,10,11839.97,9009.64,2830.33,COD,CUST1681
ORD103299,2024-03-03,South,Beauty,Hair Serum,9,1273.85,5,10891.42,6622.08,4269.34,Credit Card,CUST2199
ORD103300,2024-12-29,East,Beauty,Perfume,8,1494.02,0,11952.16,7261.1,4691.06,UPI,CUST1168
ORD103301,2025-09-11,East,Beauty,Lipstick,6,1640.95,5,9353.42,7839.95,1513.47,COD,CUST1159
ORD103302,2025-02-05,Central,Sports,Football,10,402.1,20,3216.8,2946.12,270.68,Credit Card,CUST1557
ORD103303,2025-03-14,Central,Home & Kitchen,Bedsheet Set,6,718.43,0,4310.58,3437.6,872.98,Credit Card,CUST2121
ORD103304,2024-03-11,South,Apparel,Kurta,7,3984.16,10,25100.21,15570.47,9529.74,UPI,CUST1106
ORD103305,2025-04-20,East,Home & Kitchen,Air Fryer,4,3254.05,15,11063.77,9590.3,1473.47,Debit Card,CUST2170
ORD103306,2024-10-06,Central,Electronics,Tablet,8,32177.43,10,231677.5,199273.88,32403.62,COD,CUST2320
ORD103307,2024-03-22,South,Electronics,Laptop,4,27178.17,5,103277.05,61764.83,41512.22,COD,CUST2724
ORD103308,2024-03-24,South,Apparel,T-Shirt,1,1757.35,15,1493.75,1204.95,288.8,Net Banking,CUST2920
ORD103309,2024-12-06,East,Beauty,Face Wash,9,1656.23,0,14906.07,9644.83,5261.24,COD,CUST3424
ORD103310,2024-03-13,South,Apparel,Sneakers,4,669.11,10,2408.8,1724.73,684.07,Net Banking,CUST2765
ORD103311,2025-05-08,West,Home & Kitchen,Bedsheet Set,6,3147.52,0,18885.12,12629.5,6255.62,Credit Card,CUST2738
ORD103312,2025-11-27,South,Home & Kitchen,Bedsheet Set,3,234.13,5,667.27,542.51,124.76,UPI,CUST3396
ORD103313,2025-11-23,West,Beauty,Face Wash,6,2425.95,20,11644.56,10553.01,1091.55,Credit Card,CUST2312
ORD103314,2024-09-15,West,Home & Kitchen,Mixer Grinder,2,1898.19,5,3606.56,2895.22,711.34,Credit Card,CUST2063
ORD103315,2024-07-28,South,Apparel,Jacket,8,3699.27,0,29594.16,18243.13,11351.03,Debit Card,CUST3302
ORD103316,2025-12-22,West,Sports,Football,7,1995.87,20,11176.87,8524.28,2652.59,Credit Card,CUST1991
ORD103317,2024-07-03,West,Beauty,Hair Serum,7,2436.42,10,15349.45,11631.23,3718.22,Credit Card,CUST2543
ORD103318,2024-03-20,East,Home & Kitchen,Bedsheet Set,9,543.33,20,3911.98,3459.88,452.1,Credit Card,CUST3180
ORD103319,2024-01-05,Central,Sports,Football,4,2728.52,20,8731.26,8020.04,711.22,Net Banking,CUST3188
ORD103320,2025-04-27,Central,Beauty,Lipstick,1,684.15,5,649.94,495.96,153.98,Net Banking,CUST2105
ORD103321,2025-09-29,West,Electronics,Laptop,4,50341.26,0,201365.04,138682.23,62682.81,Debit Card,CUST2872
ORD103322,2025-01-29,South,Beauty,Face Wash,2,3828.34,20,6125.34,5722.17,403.17,Credit Card,CUST1954
ORD103323,2025-07-25,South,Home & Kitchen,Air Fryer,1,2590.53,10,2331.48,1688.26,643.22,Debit Card,CUST1743
ORD103324,2025-04-15,West,Sports,Football,1,3815.59,0,3815.59,2333.58,1482.01,Credit Card,CUST2083
ORD103325,2024-12-30,North,Beauty,Lipstick,6,3974.91,5,22656.99,17373.99,5283.0,Credit Card,CUST1208
ORD103326,2024-05-12,East,Beauty,Hair Serum,1,3449.39,5,3276.92,2252.15,1024.77,Credit Card,CUST2297
ORD103327,2024-12-16,East,Sports,Dumbbells,6,1621.12,5,9240.38,5381.25,3859.13,COD,CUST2290
ORD103328,2024-05-28,North,Home & Kitchen,Air Fryer,2,3342.87,5,6351.45,4559.37,1792.08,Debit Card,CUST1975
ORD103329,2025-07-22,East,Home & Kitchen,Cookware Set,10,2280.94,0,22809.4,16705.06,6104.34,Net Banking,CUST2239
ORD103330,2025-11-17,West,Beauty,Face Wash,9,3258.25,10,26391.82,22760.95,3630.87,Net Banking,CUST2303
ORD103331,2024-05-11,Central,Home & Kitchen,Mixer Grinder,9,2387.94,0,21491.46,14287.15,7204.31,Credit Card,CUST1461
ORD103332,2024-07-20,Central,Home & Kitchen,Mixer Grinder,2,408.56,10,735.41,551.79,183.62,COD,CUST3146
ORD103333,2024-07-31,North,Apparel,Jeans,5,1171.5,10,5271.75,4040.23,1231.52,Debit Card,CUST1410
ORD103334,2025-04-14,South,Electronics,Laptop,1,47730.85,0,47730.85,28147.33,19583.52,COD,CUST1742
ORD103335,2025-06-28,East,Beauty,Lipstick,4,263.89,5,1002.78,795.81,206.97,COD,CUST2827
ORD103336,2024-04-11,Central,Sports,Yoga Mat,10,1409.94,10,12689.46,8192.32,4497.14,Debit Card,CUST1017
ORD103337,2025-07-23,North,Beauty,Face Wash,9,1657.67,0,14919.03,9977.65,4941.38,Net Banking,CUST2035
ORD103338,2024-01-11,South,Home & Kitchen,Mixer Grinder,3,324.53,5,924.91,719.6,205.31,Debit Card,CUST1969
ORD103339,2025-08-15,Central,Electronics,Smartwatch,3,49861.48,0,149584.44,90538.37,59046.07,Credit Card,CUST2811
ORD103340,2025-01-18,West,Home & Kitchen,Air Fryer,10,3739.21,20,29913.68,22440.28,7473.4,COD,CUST1010
ORD103341,2025-09-15,East,Electronics,Laptop,9,38768.83,10,314027.52,247217.13,66810.39,Credit Card,CUST1604
ORD103342,2024-06-13,South,Beauty,Face Wash,5,1904.47,5,9046.23,5276.11,3770.12,Debit Card,CUST2977
ORD103343,2024-05-17,Central,Home & Kitchen,Air Fryer,2,939.56,10,1691.21,1103.51,587.7,Debit Card,CUST1461
ORD103344,2025-01-07,North,Sports,Yoga Mat,2,703.15,0,1406.3,1081.85,324.45,Net Banking,CUST2434
ORD103345,2024-12-06,South,Sports,Football,7,1069.14,10,6735.58,5678.71,1056.87,COD,CUST2933
ORD103346,2025-02-25,East,Home & Kitchen,Cookware Set,6,1692.14,0,10152.84,6089.74,4063.1,Debit Card,CUST2378
ORD103347,2024-12-25,West,Electronics,Tablet,6,58403.76,25,262816.92,249691.68,13125.24,UPI,CUST1991
ORD103348,2025-11-23,North,Home & Kitchen,Air Fryer,4,3531.1,0,14124.4,10459.25,3665.15,COD,CUST1895
ORD103349,2024-06-01,West,Apparel,T-Shirt,10,2888.23,10,25994.07,16719.02,9275.05,UPI,CUST2615
ORD103350,2025-05-10,West,Home & Kitchen,Air Fryer,5,2777.43,0,13887.15,9813.02,4074.13,Debit Card,CUST1697
ORD103351,2024-03-15,South,Home & Kitchen,Mixer Grinder,5,1501.64,20,6006.56,5921.87,84.69,UPI,CUST1307
ORD103352,2025-12-04,South,Electronics,Headphones,4,51203.84,10,184333.82,152280.39,32053.43,Credit Card,CUST2752
ORD103353,2025-12-14,Central,Sports,Dumbbells,6,392.61,10,2120.09,1369.12,750.97,COD,CUST3224
ORD103354,2025-11-23,Central,Sports,Football,8,3517.7,15,23920.36,16266.64,7653.72,Net Banking,CUST3313
ORD103355,2024-05-14,West,Sports,Football,5,1756.76,25,6587.85,6446.74,141.11,Debit Card,CUST2964
ORD103356,2024-07-25,East,Electronics,Headphones,7,44122.65,15,262529.77,211286.24,51243.53,Net Banking,CUST2139
ORD103357,2024-07-14,South,Home & Kitchen,Bedsheet Set,4,1470.12,0,5880.48,3591.37,2289.11,COD,CUST2753
ORD103358,2024-11-17,Central,Beauty,Perfume,9,3202.29,5,27379.58,16801.8,10577.78,UPI,CUST1188
ORD103359,2025-05-01,West,Beauty,Lipstick,5,787.25,0,3936.25,2697.74,1238.51,Credit Card,CUST2580
ORD103360,2025-03-03,West,Sports,Cricket Bat,1,1737.49,0,1737.49,1283.82,453.67,Debit Card,CUST1269
ORD103361,2025-02-10,South,Home & Kitchen,Mixer Grinder,6,2879.48,10,15549.19,12968.04,2581.15,Debit Card,CUST2971
ORD103362,2024-05-13,East,Home & Kitchen,Air Fryer,1,238.9,10,215.01,181.87,33.14,Net Banking,CUST2872
ORD103363,2025-03-13,North,Beauty,Hair Serum,7,2948.69,10,18576.75,12746.47,5830.28,UPI,CUST2451
ORD103364,2025-07-25,Central,Sports,Yoga Mat,5,2362.61,5,11222.4,6844.97,4377.43,Net Banking,CUST1144
ORD103365,2024-09-21,West,Sports,Football,6,2563.84,0,15383.04,11396.29,3986.75,Credit Card,CUST3386
ORD103366,2024-09-24,South,Home & Kitchen,Bedsheet Set,4,2441.95,0,9767.8,6132.66,3635.14,COD,CUST2411
ORD103367,2025-09-06,West,Sports,Yoga Mat,11,1145.34,0,12598.74,8312.35,4286.39,Debit Card,CUST2897
ORD103368,2024-10-29,West,Electronics,Smartphone,4,58319.96,10,209951.86,176945.22,33006.64,UPI,CUST2400
ORD103369,2024-06-13,Central,Apparel,T-Shirt,9,450.23,10,3646.86,2663.3,983.56,Net Banking,CUST2017
ORD103370,2025-08-17,West,Apparel,Jeans,5,3324.18,10,14958.81,12685.09,2273.72,Debit Card,CUST3090
ORD103371,2025-02-07,South,Beauty,Lipstick,1,1218.84,20,975.07,812.7,162.37,COD,CUST1660
ORD103372,2024-10-18,East,Sports,Dumbbells,6,641.27,0,3847.62,2277.05,1570.57,Net Banking,CUST3298
ORD103373,2025-04-26,Central,Electronics,Headphones,11,46389.98,25,382717.34,401014.71,-18297.37,Debit Card,CUST1638
ORD103374,2025-07-11,South,Sports,Football,2,3836.34,5,7289.05,4619.52,2669.53,COD,CUST1201
ORD103375,2024-10-15,East,Beauty,Hair Serum,10,1178.9,20,9431.2,6962.82,2468.38,COD,CUST1845
ORD103376,2024-06-27,West,Apparel,Jeans,5,1424.99,0,7124.95,4720.09,2404.86,Net Banking,CUST3349
ORD103377,2024-06-17,East,Electronics,Tablet,1,30912.76,10,27821.48,21264.91,6556.57,COD,CUST3262
ORD103378,2025-09-16,West,Apparel,T-Shirt,1,817.44,20,653.95,644.26,9.69,Debit Card,CUST2419
ORD103379,2024-12-25,West,Beauty,Hair Serum,7,857.1,0,5999.7,4007.26,1992.44,UPI,CUST2887
ORD103380,2025-02-25,South,Electronics,Tablet,7,33428.71,0,234000.97,140752.87,93248.1,UPI,CUST3332
ORD103381,2025-12-22,Central,Sports,Cricket Bat,2,3987.78,15,6779.23,4401.85,2377.38,Debit Card,CUST3058
ORD103382,2025-11-02,East,Beauty,Face Wash,4,2561.09,20,8195.49,7245.47,950.02,Debit Card,CUST1755
ORD103383,2025-05-20,Central,Apparel,Jeans,6,3264.59,20,15670.03,11933.29,3736.74,COD,CUST3359
ORD103384,2024-08-25,North,Electronics,Headphones,9,24523.19,5,209673.27,173398.57,36274.7,Debit Card,CUST2759
ORD103385,2025-12-30,South,Beauty,Perfume,3,3993.44,0,11980.32,8668.19,3312.13,COD,CUST3209
ORD103386,2024-03-01,South,Home & Kitchen,Cookware Set,5,2129.62,5,10115.69,5975.76,4139.93,COD,CUST1472
ORD103387,2024-05-17,South,Apparel,Jacket,6,180.06,0,1080.36,646.2,434.16,Net Banking,CUST2764
ORD103388,2025-11-05,South,Electronics,Smartphone,5,46930.39,15,199454.16,175386.51,24067.65,Debit Card,CUST3297
ORD103389,2024-12-01,South,Beauty,Hair Serum,6,3673.29,15,18733.78,13907.74,4826.04,Debit Card,CUST2243
ORD103390,2024-08-03,South,Beauty,Perfume,11,1138.75,5,11899.94,9838.75,2061.19,COD,CUST1609
ORD103391,2025-05-25,Central,Sports,Cricket Bat,6,1663.2,10,8981.28,7718.64,1262.64,Net Banking,CUST2586
ORD103392,2025-03-04,West,Apparel,Jeans,8,230.78,5,1753.93,1445.22,308.71,Credit Card,CUST1788
ORD103393,2024-09-13,West,Electronics,Smartphone,10,7322.64,20,58581.12,45689.1,12892.02,Debit Card,CUST2172
ORD103394,2025-06-01,North,Beauty,Hair Serum,4,962.17,5,3656.25,2894.92,761.33,COD,CUST1607
ORD103395,2024-11-26,Central,Home & Kitchen,Mixer Grinder,8,361.59,20,2314.18,1996.52,317.66,Debit Card,CUST2904
ORD103396,2024-12-20,West,Electronics,Smartwatch,3,19589.2,0,58767.6,41839.72,16927.88,Credit Card,CUST3350
ORD103397,2024-01-01,North,Home & Kitchen,Bedsheet Set,10,3056.47,5,29036.46,21182.39,7854.07,Net Banking,CUST3066
ORD103398,2024-08-30,West,Beauty,Hair Serum,1,2748.96,15,2336.62,1999.89,336.73,Credit Card,CUST1221
ORD103399,2024-11-20,East,Electronics,Laptop,3,38736.94,5,110400.28,81871.17,28529.11,Debit Card,CUST3213
ORD103400,2025-12-08,East,Electronics,Laptop,7,53386.49,10,336334.89,280799.78,55535.11,COD,CUST2036
ORD103401,2024-09-13,South,Home & Kitchen,Cookware Set,2,3865.84,10,6958.51,5824.38,1134.13,COD,CUST1056
ORD103402,2025-09-16,North,Apparel,Jacket,5,1394.5,20,5578.0,3968.4,1609.6,Net Banking,CUST1409
ORD103403,2025-01-01,West,Electronics,Smartwatch,7,13249.14,0,92743.98,62411.46,30332.52,UPI,CUST3051
ORD103404,2025-09-21,East,Home & Kitchen,Air Fryer,7,3393.36,5,22565.84,15617.02,6948.82,COD,CUST1969
ORD103405,2024-06-03,East,Home & Kitchen,Bedsheet Set,3,2618.68,0,7856.04,5762.07,2093.97,Debit Card,CUST2430
ORD103406,2024-04-12,South,Home & Kitchen,Mixer Grinder,9,854.54,5,7306.32,5767.3,1539.02,UPI,CUST3007
ORD103407,2024-05-31,North,Sports,Dumbbells,3,2936.74,0,8810.22,6472.32,2337.9,UPI,CUST2253
ORD103408,2025-10-26,East,Home & Kitchen,Air Fryer,11,166.79,0,1834.69,1050.27,784.42,Net Banking,CUST2386
ORD103409,2024-04-20,East,Apparel,Kurta,9,3503.04,0,31527.36,21637.65,9889.71,COD,CUST3163
ORD103410,2025-04-15,South,Beauty,Lipstick,7,3078.05,10,19391.72,15578.18,3813.54,UPI,CUST2556
ORD103411,2025-09-30,East,Apparel,Kurta,3,2909.39,20,6982.54,5394.49,1588.05,COD,CUST3124
ORD103412,2024-10-23,North,Home & Kitchen,Cookware Set,10,1683.85,5,15996.58,11910.98,4085.6,UPI,CUST1509
ORD103413,2025-08-01,South,Sports,Dumbbells,5,242.66,0,1213.3,761.56,451.74,Debit Card,CUST2414
ORD103414,2025-12-21,East,Electronics,Headphones,4,19923.7,0,79694.8,53315.34,26379.46,Debit Card,CUST1961
ORD103415,2025-10-28,West,Sports,Football,3,1200.39,25,2700.88,2587.7,113.18,Debit Card,CUST2371
ORD103416,2025-02-26,South,Apparel,Jacket,5,3120.82,15,13263.48,11355.4,1908.08,Debit Card,CUST1315
ORD103417,2025-11-06,Central,Sports,Dumbbells,8,2846.95,0,22775.6,17136.24,5639.36,Net Banking,CUST3069
ORD103418,2025-01-18,South,Beauty,Hair Serum,7,2849.11,10,17949.39,14271.0,3678.39,Debit Card,CUST2495
ORD103419,2025-07-23,West,Beauty,Perfume,3,385.25,15,982.39,830.4,151.99,COD,CUST1885
ORD103420,2025-03-27,East,Electronics,Smartphone,4,2039.03,20,6524.9,4787.09,1737.81,UPI,CUST1009
ORD103421,2025-06-25,South,Home & Kitchen,Cookware Set,8,560.01,15,3808.07,3298.62,509.45,UPI,CUST3428
ORD103422,2025-02-25,South,Home & Kitchen,Mixer Grinder,3,1788.3,5,5096.66,3544.67,1551.99,Net Banking,CUST2354
ORD103423,2025-12-08,Central,Beauty,Hair Serum,1,893.47,0,893.47,697.07,196.4,Credit Card,CUST1907
ORD103424,2024-03-25,South,Sports,Yoga Mat,5,2719.99,10,12239.96,10544.07,1695.89,Net Banking,CUST2276
ORD103425,2025-10-16,North,Electronics,Smartwatch,4,52156.24,15,177331.22,118067.3,59263.92,Net Banking,CUST2633
ORD103426,2025-05-30,East,Sports,Cricket Bat,1,3689.29,20,2951.43,2475.64,475.79,Debit Card,CUST1624
ORD103427,2025-08-29,North,Sports,Cricket Bat,9,3660.33,15,28001.52,21829.64,6171.88,COD,CUST1450
ORD103428,2024-12-18,South,Sports,Yoga Mat,4,3107.11,5,11807.02,9336.64,2470.38,Net Banking,CUST3132
ORD103429,2024-09-04,South,Apparel,Jeans,8,3403.63,25,20421.78,21673.16,-1251.38,COD,CUST2844
ORD103430,2024-12-22,Central,Apparel,T-Shirt,8,1210.2,0,9681.6,5509.91,4171.69,Net Banking,CUST2842
ORD103431,2024-11-01,North,Sports,Dumbbells,4,310.64,5,1180.43,876.86,303.57,UPI,CUST3193
ORD103432,2025-01-14,Central,Electronics,Laptop,8,45080.79,0,360646.32,201204.38,159441.94,Net Banking,CUST1314
ORD103433,2025-09-01,South,Electronics,Laptop,3,53386.8,20,128128.32,106534.71,21593.61,UPI,CUST3309
ORD103434,2025-05-01,West,Sports,Football,6,3454.32,15,17617.03,11806.1,5810.93,Credit Card,CUST1823
ORD103435,2025-03-13,East,Sports,Cricket Bat,5,3088.5,10,13898.25,9904.15,3994.1,Credit Card,CUST1280
ORD103436,2025-06-02,North,Apparel,Sneakers,2,2502.04,15,4253.47,3485.21,768.26,COD,CUST1078
ORD103437,2024-02-04,South,Electronics,Smartwatch,1,26261.61,0,26261.61,14719.21,11542.4,Credit Card,CUST3431
ORD103438,2024-12-29,Central,Sports,Yoga Mat,8,1026.64,20,6570.5,5218.52,1351.98,COD,CUST3439
ORD103439,2024-04-11,Central,Home & Kitchen,Mixer Grinder,4,3361.78,5,12774.76,9484.46,3290.3,COD,CUST3344
ORD103440,2024-02-25,South,Electronics,Smartwatch,8,19752.11,10,142215.19,112986.79,29228.4,Debit Card,CUST2932
ORD103441,2025-08-03,North,Sports,Football,7,1325.28,0,9276.96,7250.04,2026.92,Net Banking,CUST2919
ORD103442,2024-10-31,West,Beauty,Lipstick,1,3535.74,10,3182.17,2317.74,864.43,UPI,CUST1556
ORD103443,2024-06-22,Central,Home & Kitchen,Bedsheet Set,7,3165.46,10,19942.4,14622.55,5319.85,Net Banking,CUST3451
ORD103444,2024-03-17,Central,Home & Kitchen,Air Fryer,4,1604.53,10,5776.31,3756.78,2019.53,UPI,CUST3414
ORD103445,2025-07-01,Central,Home & Kitchen,Air Fryer,6,467.03,20,2241.74,2182.39,59.35,Debit Card,CUST3376
ORD103446,2024-01-16,North,Home & Kitchen,Bedsheet Set,7,2691.72,0,18842.04,14494.99,4347.05,UPI,CUST2845
ORD103447,2024-08-06,East,Beauty,Face Wash,1,3955.17,10,3559.65,2683.16,876.49,Debit Card,CUST1450
ORD103448,2025-01-30,South,Beauty,Hair Serum,7,640.66,5,4260.39,2650.86,1609.53,UPI,CUST2376
ORD103449,2024-08-26,East,Electronics,Smartwatch,8,28280.71,10,203621.11,148811.71,54809.4,Credit Card,CUST2586
ORD103450,2024-12-29,Central,Beauty,Lipstick,6,1879.15,20,9019.92,7956.07,1063.85,UPI,CUST2529
ORD103451,2025-04-30,South,Apparel,T-Shirt,5,1516.45,0,7582.25,5722.63,1859.62,UPI,CUST2756
ORD103452,2025-08-10,East,Home & Kitchen,Air Fryer,3,2268.8,15,5785.44,4224.49,1560.95,Debit Card,CUST1867
ORD103453,2025-12-22,East,Beauty,Face Wash,8,2801.11,0,22408.88,15762.32,6646.56,Debit Card,CUST3374
ORD103454,2025-05-22,South,Apparel,Kurta,5,2851.76,5,13545.86,10235.44,3310.42,Net Banking,CUST2387
ORD103455,2025-12-25,West,Apparel,Jeans,5,812.85,5,3861.04,2981.05,879.99,UPI,CUST2958
ORD103456,2025-07-22,South,Apparel,Kurta,7,1495.97,0,10471.79,7842.79,2629.0,Net Banking,CUST1150
ORD103457,2024-08-12,Central,Sports,Football,4,1166.24,0,4664.96,2582.47,2082.49,COD,CUST3443
ORD103458,2025-01-31,East,Home & Kitchen,Cookware Set,2,1362.4,10,2452.32,1742.78,709.54,COD,CUST3118
ORD103459,2025-01-31,South,Home & Kitchen,Air Fryer,6,3717.0,15,18956.7,16420.96,2535.74,Net Banking,CUST1263
ORD103460,2024-11-06,East,Home & Kitchen,Air Fryer,11,925.0,5,9666.25,8028.58,1637.67,COD,CUST3214
ORD103461,2024-12-02,Central,Home & Kitchen,Bedsheet Set,11,1934.1,15,18083.84,12227.28,5856.56,COD,CUST2980
ORD103462,2025-10-27,West,Beauty,Face Wash,9,2919.71,10,23649.65,20977.05,2672.6,Credit Card,CUST3455
ORD103463,2024-03-29,South,Beauty,Lipstick,5,2261.88,15,9612.99,8081.58,1531.41,COD,CUST2313
ORD103464,2025-07-07,South,Home & Kitchen,Mixer Grinder,8,748.93,0,5991.44,4062.85,1928.59,UPI,CUST3293
ORD103465,2024-11-18,East,Home & Kitchen,Air Fryer,11,384.74,5,4020.53,3059.41,961.12,Credit Card,CUST1806
ORD103466,2024-01-10,West,Home & Kitchen,Bedsheet Set,10,677.74,5,6438.53,3823.88,2614.65,Net Banking,CUST1805
ORD103467,2025-11-03,South,Sports,Yoga Mat,3,1705.43,15,4348.85,3552.15,796.7,Debit Card,CUST1490
ORD103468,2025-08-02,East,Sports,Football,1,2280.58,0,2280.58,1449.73,830.85,Credit Card,CUST2447
ORD103469,2025-05-15,South,Electronics,Laptop,8,39636.88,0,317095.04,250315.17,66779.87,Net Banking,CUST3039
ORD103470,2025-02-21,North,Beauty,Hair Serum,6,2196.9,5,12522.33,8049.72,4472.61,COD,CUST1920
ORD103471,2024-03-06,East,Beauty,Perfume,10,3570.04,5,33915.38,26231.79,7683.59,Debit Card,CUST1326
ORD103472,2024-02-19,North,Sports,Football,1,1399.72,0,1399.72,915.76,483.96,Credit Card,CUST2003
ORD103473,2025-05-18,East,Electronics,Headphones,1,3528.84,25,2646.63,2553.93,92.7,Debit Card,CUST2381
ORD103474,2025-04-27,East,Home & Kitchen,Bedsheet Set,5,1136.01,0,5680.05,3407.89,2272.16,Credit Card,CUST2594
ORD103475,2025-10-16,North,Beauty,Perfume,6,1038.0,0,6228.0,3913.94,2314.06,Net Banking,CUST2652
ORD103476,2024-11-15,South,Beauty,Perfume,3,1550.76,5,4419.67,3010.5,1409.17,Debit Card,CUST1574
ORD103477,2025-07-29,Central,Home & Kitchen,Cookware Set,7,951.14,5,6325.08,4567.39,1757.69,Credit Card,CUST2068
ORD103478,2024-08-03,East,Beauty,Perfume,8,3273.0,0,26184.0,20494.27,5689.73,Debit Card,CUST2463
ORD103479,2025-09-08,Central,Sports,Dumbbells,9,3219.7,10,26079.57,19097.55,6982.02,Debit Card,CUST2575
ORD103480,2024-01-26,South,Home & Kitchen,Mixer Grinder,3,3123.07,20,7495.37,5300.94,2194.43,Credit Card,CUST1005
ORD103481,2024-07-13,West,Home & Kitchen,Air Fryer,9,643.1,0,5787.9,4095.28,1692.62,UPI,CUST3035
ORD103482,2025-06-12,West,Apparel,Jacket,9,2493.39,0,22440.51,12979.9,9460.61,UPI,CUST2482
ORD103483,2024-08-10,East,Beauty,Lipstick,10,740.96,0,7409.6,5147.3,2262.3,UPI,CUST2961
ORD103484,2025-03-03,Central,Home & Kitchen,Air Fryer,9,1327.45,20,9557.64,7225.58,2332.06,Credit Card,CUST3432
ORD103485,2024-05-18,West,Apparel,T-Shirt,5,194.36,5,923.21,558.66,364.55,COD,CUST2657
ORD103486,2024-02-22,North,Beauty,Hair Serum,10,3083.85,5,29296.57,17062.66,12233.91,Debit Card,CUST1292
ORD103487,2025-01-09,East,Electronics,Tablet,11,18857.52,20,165946.18,141913.9,24032.28,Credit Card,CUST1015
ORD103488,2024-06-24,North,Sports,Football,6,2472.64,5,14094.05,9469.62,4624.43,Debit Card,CUST1425
ORD103489,2024-12-19,East,Home & Kitchen,Bedsheet Set,8,3222.1,10,23199.12,20531.86,2667.26,Debit Card,CUST1043
ORD103490,2024-06-03,North,Home & Kitchen,Mixer Grinder,3,2321.19,10,6267.21,4364.84,1902.37,Debit Card,CUST1170
ORD103491,2024-05-27,North,Electronics,Tablet,11,37158.34,5,388304.65,323638.04,64666.61,Debit Card,CUST1827
ORD103492,2025-12-29,North,Apparel,Kurta,4,1859.84,15,6323.46,4115.12,2208.34,Debit Card,CUST3277
ORD103493,2024-06-08,North,Beauty,Perfume,6,3091.23,10,16692.64,13057.76,3634.88,COD,CUST2175
ORD103494,2024-05-19,West,Home & Kitchen,Bedsheet Set,3,2454.24,5,6994.58,4739.65,2254.93,UPI,CUST2864
ORD103495,2024-10-03,South,Home & Kitchen,Mixer Grinder,2,3210.48,0,6420.96,4397.58,2023.38,Debit Card,CUST2137
ORD103496,2025-05-09,Central,Home & Kitchen,Bedsheet Set,7,1548.83,0,10841.81,7222.65,3619.16,COD,CUST3001
ORD103497,2024-11-10,Central,Electronics,Smartwatch,6,45938.75,0,275632.5,198023.69,77608.81,Net Banking,CUST3223
ORD103498,2024-03-15,West,Electronics,Tablet,3,30424.17,0,91272.51,70656.52,20615.99,Credit Card,CUST3081
ORD103499,2025-11-08,East,Electronics,Laptop,6,33628.59,10,181594.39,114123.71,67470.68,COD,CUST1965
ORD103500,2024-10-03,South,Apparel,Jacket,3,1017.65,10,2747.66,2036.89,710.77,Debit Card,CUST1969
ORD103501,2025-11-28,South,Home & Kitchen,Bedsheet Set,4,3252.08,10,11707.49,7594.85,4112.64,Debit Card,CUST2658
ORD103502,2024-01-04,South,Home & Kitchen,Cookware Set,9,1585.19,0,14266.71,9692.32,4574.39,UPI,CUST1970
ORD103503,2025-10-14,South,Apparel,Jacket,6,2592.9,15,13223.79,9151.97,4071.82,Credit Card,CUST1504
ORD103504,2025-07-03,Central,Electronics,Tablet,11,15862.21,10,157035.88,121088.21,35947.67,Credit Card,CUST3410
ORD103505,2024-02-14,East,Apparel,Kurta,11,2687.38,15,25127.0,16462.74,8664.26,Credit Card,CUST3084
ORD103506,2024-02-14,South,Home & Kitchen,Air Fryer,8,586.34,10,4221.65,3749.78,471.87,UPI,CUST1785
ORD103507,2024-09-25,South,Apparel,Jacket,4,2640.82,5,10035.12,8158.09,1877.03,COD,CUST2265
ORD103508,2024-12-19,South,Home & Kitchen,Cookware Set,8,1788.77,0,14310.16,10794.73,3515.43,Net Banking,CUST2416
ORD103509,2025-09-22,West,Electronics,Laptop,1,24408.97,25,18306.73,14389.35,3917.38,Credit Card,CUST1888
ORD103510,2025-06-08,West,Beauty,Face Wash,4,2251.24,5,8554.71,6980.6,1574.11,UPI,CUST2066
ORD103511,2024-03-08,West,Beauty,Face Wash,4,1594.9,10,5741.64,4139.23,1602.41,COD,CUST1283
ORD103512,2025-08-28,South,Beauty,Perfume,1,3414.56,5,3243.83,2385.48,858.35,COD,CUST2824
ORD103513,2024-10-07,North,Sports,Cricket Bat,11,2682.24,15,25078.94,20475.56,4603.38,UPI,CUST2165
ORD103514,2025-04-07,South,Sports,Cricket Bat,1,3922.26,0,3922.26,2553.9,1368.36,UPI,CUST1372
ORD103515,2025-04-12,Central,Electronics,Smartwatch,7,50658.72,15,301419.38,282476.92,18942.46,Net Banking,CUST3189
ORD103516,2025-02-05,South,Home & Kitchen,Bedsheet Set,7,3858.16,5,25656.76,19011.9,6644.86,UPI,CUST1993
ORD103517,2024-07-06,East,Electronics,Tablet,1,56317.09,10,50685.38,31638.09,19047.29,COD,CUST1484
ORD103518,2025-02-02,West,Home & Kitchen,Mixer Grinder,10,3545.56,15,30137.26,23988.96,6148.3,Credit Card,CUST1661
ORD103519,2024-03-07,West,Electronics,Smartwatch,1,59651.59,0,59651.59,41610.19,18041.4,COD,CUST1087
ORD103520,2025-10-14,East,Electronics,Headphones,3,7185.38,5,20478.33,12604.1,7874.23,Net Banking,CUST3138
ORD103521,2024-02-08,East,Electronics,Smartwatch,4,45500.7,10,163802.52,123172.38,40630.14,UPI,CUST1208
ORD103522,2025-08-22,West,Electronics,Smartwatch,6,16818.08,5,95863.06,70315.98,25547.08,Credit Card,CUST3124
ORD103523,2024-04-04,North,Home & Kitchen,Air Fryer,9,2676.5,15,20475.22,15028.03,5447.19,UPI,CUST3004
ORD103524,2025-07-01,Central,Apparel,Jeans,6,1998.73,0,11992.38,7737.74,4254.64,Credit Card,CUST3139
ORD103525,2025-10-12,South,Apparel,Kurta,5,756.72,0,3783.6,2427.06,1356.54,UPI,CUST1198
ORD103526,2024-11-18,North,Beauty,Face Wash,8,375.72,0,3005.76,2178.53,827.23,Debit Card,CUST1700
ORD103527,2025-05-17,East,Apparel,Jacket,5,1425.5,10,6414.75,5173.61,1241.14,Debit Card,CUST2936
ORD103528,2024-08-26,West,Beauty,Perfume,5,1901.43,0,9507.15,6169.19,3337.96,UPI,CUST2872
ORD103529,2025-01-30,South,Apparel,Kurta,11,3703.27,0,40735.97,28561.65,12174.32,UPI,CUST2393
ORD103530,2024-10-11,South,Home & Kitchen,Mixer Grinder,5,2971.93,0,14859.65,11695.76,3163.89,Credit Card,CUST2365
ORD103531,2024-08-26,East,Beauty,Perfume,4,2552.51,5,9699.54,6857.6,2841.94,COD,CUST2611
ORD103532,2025-05-29,Central,Home & Kitchen,Air Fryer,1,575.82,0,575.82,457.14,118.68,Net Banking,CUST2422
ORD103533,2024-03-14,East,Electronics,Smartphone,7,50946.8,0,356627.6,235313.26,121314.34,Credit Card,CUST2471
ORD103534,2025-02-13,South,Beauty,Face Wash,3,2270.64,10,6130.73,4565.91,1564.82,COD,CUST2438
ORD103535,2024-10-22,West,Electronics,Tablet,10,48244.73,5,458324.94,311351.98,146972.96,Debit Card,CUST1867
ORD103536,2025-02-23,South,Sports,Yoga Mat,2,1098.53,5,2087.21,1286.3,800.91,Credit Card,CUST1320
ORD103537,2025-08-29,South,Electronics,Headphones,6,42707.47,10,230620.34,152277.18,78343.16,Credit Card,CUST1532
ORD103538,2025-07-27,North,Beauty,Face Wash,3,3380.82,15,8621.09,7096.61,1524.48,COD,CUST1578
ORD103539,2024-12-15,Central,Beauty,Hair Serum,10,1695.54,5,16107.63,9845.74,6261.89,COD,CUST3416
ORD103540,2025-01-28,North,Apparel,Kurta,1,780.0,15,663.0,596.84,66.16,Net Banking,CUST2057
ORD103541,2024-10-14,East,Beauty,Hair Serum,11,3429.57,0,37725.27,25519.57,12205.7,UPI,CUST1396
ORD103542,2025-05-01,Central,Home & Kitchen,Air Fryer,6,1842.96,15,9399.1,8124.5,1274.6,Credit Card,CUST2856
ORD103543,2024-12-15,Central,Beauty,Hair Serum,3,2529.5,0,7588.5,4388.35,3200.15,UPI,CUST2530
ORD103544,2025-05-15,Central,Apparel,Jeans,4,357.53,0,1430.12,1051.59,378.53,UPI,CUST2783
ORD103545,2025-07-16,North,Apparel,Jeans,3,2786.18,5,7940.61,5567.49,2373.12,Credit Card,CUST1364
ORD103546,2024-02-13,Central,Beauty,Lipstick,7,1148.56,10,7235.93,5145.07,2090.86,Credit Card,CUST2645
ORD103547,2024-12-13,East,Apparel,Jeans,5,2212.68,0,11063.4,8213.31,2850.09,UPI,CUST1956
ORD103548,2024-12-26,West,Home & Kitchen,Air Fryer,6,3366.55,0,20199.3,11393.1,8806.2,Debit Card,CUST3068
ORD103549,2025-11-26,South,Sports,Dumbbells,5,448.29,10,2017.31,1532.87,484.44,Net Banking,CUST2876
ORD103550,2025-08-12,South,Beauty,Lipstick,10,1447.78,15,12306.13,9569.82,2736.31,Debit Card,CUST1839
ORD103551,2024-04-12,North,Electronics,Smartwatch,3,810.21,0,2430.63,1355.46,1075.17,UPI,CUST2458
ORD103552,2025-01-23,South,Apparel,T-Shirt,9,1092.47,0,9832.23,7649.38,2182.85,Credit Card,CUST2969
ORD103553,2024-02-21,West,Apparel,Jeans,1,2075.24,20,1660.19,1376.96,283.23,Net Banking,CUST2999
ORD103554,2025-07-19,West,Electronics,Tablet,7,46681.91,5,310434.7,241401.24,69033.46,COD,CUST3451
ORD103555,2025-08-15,Central,Home & Kitchen,Cookware Set,4,1341.06,10,4827.82,4172.85,654.97,COD,CUST1413
ORD103556,2025-03-28,West,Beauty,Perfume,10,799.14,15,6792.69,4496.38,2296.31,Debit Card,CUST1128
ORD103557,2025-05-12,North,Home & Kitchen,Bedsheet Set,3,2508.29,0,7524.87,5751.71,1773.16,Net Banking,CUST2963
ORD103558,2025-11-17,East,Sports,Dumbbells,3,3641.61,10,9832.35,8025.0,1807.35,UPI,CUST1625
ORD103559,2024-10-04,West,Home & Kitchen,Air Fryer,3,3554.06,15,9062.85,7532.54,1530.31,Debit Card,CUST1692
ORD103560,2024-12-02,East,Beauty,Face Wash,1,3398.01,10,3058.21,2535.31,522.9,Debit Card,CUST2956
ORD103561,2024-03-08,East,Home & Kitchen,Mixer Grinder,11,1351.91,10,13383.91,8947.87,4436.04,COD,CUST2524
ORD103562,2025-03-22,South,Electronics,Tablet,4,49364.26,5,187584.19,118103.04,69481.15,Credit Card,CUST2242
ORD103563,2025-11-12,North,Apparel,Sneakers,11,705.02,20,6204.18,6183.05,21.13,Credit Card,CUST2679
ORD103564,2024-10-18,South,Sports,Dumbbells,2,3550.58,0,7101.16,4869.47,2231.69,Net Banking,CUST2629
ORD103565,2025-09-09,West,Home & Kitchen,Bedsheet Set,4,2385.79,10,8588.84,7372.33,1216.51,Debit Card,CUST2537
ORD103566,2024-11-27,South,Electronics,Tablet,10,30822.29,15,261989.47,202447.1,59542.37,COD,CUST1814
ORD103567,2024-01-30,South,Sports,Yoga Mat,8,3507.44,10,25253.57,20556.19,4697.38,UPI,CUST1981
ORD103568,2025-05-20,East,Electronics,Laptop,2,29414.43,10,52945.97,45548.29,7397.68,Debit Card,CUST3173
ORD103569,2025-07-08,Central,Sports,Yoga Mat,6,479.04,0,2874.24,1671.35,1202.89,Debit Card,CUST1384
ORD103570,2025-12-12,Central,Sports,Cricket Bat,1,1859.01,20,1487.21,1337.24,149.97,Net Banking,CUST2116
ORD103571,2025-06-04,Central,Sports,Yoga Mat,9,3340.97,20,24054.98,21368.64,2686.34,UPI,CUST2091
ORD103572,2025-11-30,North,Home & Kitchen,Cookware Set,3,2935.56,0,8806.68,6316.86,2489.82,UPI,CUST1000
ORD103573,2025-11-15,South,Sports,Yoga Mat,7,733.69,0,5135.83,3817.12,1318.71,Debit Card,CUST3221
ORD103574,2024-02-14,South,Sports,Football,7,2320.12,10,14616.76,12463.29,2153.47,Net Banking,CUST1242
ORD103575,2024-09-25,East,Electronics,Smartwatch,5,2055.66,0,10278.3,7532.07,2746.23,COD,CUST2958
ORD103576,2024-02-02,West,Sports,Football,10,1888.12,5,17937.14,14079.4,3857.74,COD,CUST1036
ORD103577,2025-10-20,East,Home & Kitchen,Cookware Set,3,1120.57,20,2689.37,2301.28,388.09,Credit Card,CUST2729
ORD103578,2024-12-26,Central,Electronics,Headphones,8,11352.73,0,90821.84,67957.04,22864.8,Net Banking,CUST2552
ORD103579,2025-05-02,Central,Apparel,Kurta,3,2274.34,5,6481.87,4076.82,2405.05,Credit Card,CUST1571
ORD103580,2024-06-27,South,Electronics,Smartwatch,4,18736.39,0,74945.56,52671.05,22274.51,UPI,CUST2425
ORD103581,2024-10-20,South,Beauty,Perfume,2,998.11,10,1796.6,1549.77,246.83,COD,CUST1188
ORD103582,2025-08-05,West,Apparel,Sneakers,10,3122.78,0,31227.8,19156.29,12071.51,Debit Card,CUST2205
ORD103583,2025-05-19,East,Apparel,Jeans,6,508.42,0,3050.52,2031.13,1019.39,Credit Card,CUST3024
ORD103584,2024-08-21,South,Apparel,Jacket,7,2414.2,5,16054.43,12124.62,3929.81,COD,CUST2467
ORD103585,2024-08-18,South,Electronics,Tablet,7,40376.58,5,268504.26,210724.21,57780.05,UPI,CUST3496
ORD103586,2025-12-29,East,Beauty,Perfume,10,1839.52,15,15635.92,13704.7,1931.22,Net Banking,CUST3089
ORD103587,2025-04-30,Central,Electronics,Smartphone,7,28012.3,10,176477.49,156862.58,19614.91,Net Banking,CUST1741
ORD103588,2024-06-13,Central,Sports,Cricket Bat,3,2042.1,5,5819.98,4614.56,1205.42,COD,CUST1647
ORD103589,2024-08-30,East,Apparel,Sneakers,7,3616.2,10,22782.06,18622.46,4159.6,Credit Card,CUST1012
ORD103590,2024-08-12,South,Sports,Football,7,682.86,15,4063.02,3292.71,770.31,Credit Card,CUST3231
ORD103591,2024-07-26,North,Home & Kitchen,Air Fryer,2,992.64,15,1687.49,1449.73,237.76,COD,CUST2553
ORD103592,2025-10-20,West,Home & Kitchen,Mixer Grinder,4,3648.81,20,11676.19,8445.67,3230.52,COD,CUST3357
ORD103593,2025-07-14,West,Sports,Yoga Mat,6,1828.35,25,8227.57,6189.44,2038.13,Net Banking,CUST1291
ORD103594,2025-09-10,North,Apparel,Kurta,6,767.36,0,4604.16,3064.09,1540.07,Credit Card,CUST1446
ORD103595,2024-12-13,South,Sports,Dumbbells,6,2148.91,0,12893.46,8758.69,4134.77,COD,CUST2572
ORD103596,2024-02-28,North,Beauty,Hair Serum,8,693.03,10,4989.82,3314.55,1675.27,Credit Card,CUST1741
ORD103597,2024-11-30,East,Home & Kitchen,Air Fryer,5,234.76,0,1173.8,802.99,370.81,Debit Card,CUST2107
ORD103598,2024-09-15,East,Home & Kitchen,Bedsheet Set,8,1103.59,10,7945.85,6410.23,1535.62,Net Banking,CUST2944
ORD103599,2024-04-05,North,Electronics,Smartphone,6,38712.59,10,209047.99,143856.37,65191.62,COD,CUST2425
ORD103600,2025-08-26,West,Apparel,Kurta,11,3316.33,0,36479.63,23475.6,13004.03,UPI,CUST3171
ORD103601,2024-09-16,East,Sports,Football,9,2691.12,0,24220.08,19166.83,5053.25,Credit Card,CUST1799
ORD103602,2024-01-23,Central,Beauty,Hair Serum,1,477.36,0,477.36,372.66,104.7,Debit Card,CUST1175
ORD103603,2024-01-29,Central,Beauty,Face Wash,5,380.63,0,1903.15,1170.14,733.01,Credit Card,CUST2715
ORD103604,2024-10-22,Central,Sports,Cricket Bat,11,1654.58,10,16380.34,13542.5,2837.84,Credit Card,CUST1684
ORD103605,2025-07-14,East,Electronics,Laptop,11,45650.82,5,477051.07,367352.06,109699.01,Debit Card,CUST1346
ORD103606,2024-02-06,West,Sports,Football,1,1605.42,0,1605.42,887.84,717.58,Credit Card,CUST2901
ORD103607,2025-10-25,West,Home & Kitchen,Bedsheet Set,2,2490.31,5,4731.59,3045.01,1686.58,Debit Card,CUST2658
ORD103608,2025-10-01,West,Sports,Cricket Bat,5,3677.81,0,18389.05,11005.76,7383.29,COD,CUST2714
ORD103609,2024-05-04,Central,Electronics,Laptop,4,37176.75,0,148707.0,81866.2,66840.8,UPI,CUST2454
ORD103610,2025-12-15,North,Electronics,Headphones,11,45015.29,10,445651.37,330888.95,114762.42,Net Banking,CUST1164
ORD103611,2025-03-01,West,Beauty,Face Wash,5,3712.62,0,18563.1,13496.28,5066.82,Net Banking,CUST3463
ORD103612,2024-10-26,East,Home & Kitchen,Air Fryer,7,2489.73,25,13071.08,13708.59,-637.51,UPI,CUST1029
ORD103613,2025-06-18,North,Home & Kitchen,Bedsheet Set,5,166.84,25,625.65,655.58,-29.93,Net Banking,CUST1753
ORD103614,2024-09-09,South,Beauty,Lipstick,4,2332.9,10,8398.44,5723.44,2675.0,UPI,CUST2862
ORD103615,2025-02-14,West,Sports,Dumbbells,6,3396.26,20,16302.05,13489.65,2812.4,Net Banking,CUST1581
ORD103616,2024-08-07,North,Apparel,Sneakers,4,2675.78,5,10167.96,6616.47,3551.49,Net Banking,CUST2378
ORD103617,2024-03-20,East,Home & Kitchen,Cookware Set,2,2777.9,0,5555.8,4318.61,1237.19,Net Banking,CUST3106
ORD103618,2025-06-02,West,Electronics,Smartphone,10,6650.29,0,66502.9,50755.11,15747.79,Net Banking,CUST2778
ORD103619,2025-11-02,South,Sports,Football,3,979.37,15,2497.39,2294.55,202.84,COD,CUST1964
ORD103620,2025-05-14,West,Apparel,Jacket,6,3596.89,15,18344.14,15920.97,2423.17,Net Banking,CUST2228
ORD103621,2024-12-28,East,Home & Kitchen,Bedsheet Set,3,3603.96,0,10811.88,6778.38,4033.5,UPI,CUST2164
ORD103622,2025-09-11,North,Apparel,Jacket,4,2722.04,25,8166.12,6885.27,1280.85,Credit Card,CUST1075
ORD103623,2025-09-15,East,Apparel,Kurta,9,1466.18,5,12535.84,8204.38,4331.46,Debit Card,CUST2005
ORD103624,2025-11-08,Central,Sports,Dumbbells,7,2555.48,5,16993.94,11554.61,5439.33,Debit Card,CUST1871
ORD103625,2024-03-31,Central,Apparel,Sneakers,3,2255.2,0,6765.6,4978.44,1787.16,Credit Card,CUST2321
ORD103626,2024-01-31,North,Apparel,T-Shirt,6,323.86,0,1943.16,1451.9,491.26,Debit Card,CUST3317
ORD103627,2025-05-12,South,Beauty,Lipstick,1,3380.41,10,3042.37,2617.23,425.14,Net Banking,CUST1067
ORD103628,2025-04-11,West,Sports,Dumbbells,8,2942.66,20,18833.02,15375.29,3457.73,UPI,CUST2267
ORD103629,2024-01-19,East,Beauty,Face Wash,11,2460.85,0,27069.35,17482.47,9586.88,Debit Card,CUST3095
ORD103630,2025-07-15,East,Sports,Cricket Bat,1,2908.63,10,2617.77,2006.23,611.54,UPI,CUST1785
ORD103631,2024-07-01,South,Beauty,Face Wash,1,2047.99,20,1638.39,1407.66,230.73,Debit Card,CUST1436
ORD103632,2024-11-13,North,Apparel,Jacket,10,574.44,0,5744.4,4535.95,1208.45,COD,CUST2851
ORD103633,2024-08-27,South,Apparel,Jeans,11,910.75,0,10018.25,6094.25,3924.0,UPI,CUST3334
ORD103634,2024-03-13,South,Beauty,Perfume,6,2442.13,0,14652.78,9172.95,5479.83,Credit Card,CUST3327
ORD103635,2024-10-31,North,Home & Kitchen,Cookware Set,2,337.67,15,574.04,489.47,84.57,Debit Card,CUST2670
ORD103636,2025-10-13,West,Beauty,Hair Serum,6,860.28,5,4903.6,3512.84,1390.76,Debit Card,CUST2595
ORD103637,2025-04-05,West,Sports,Yoga Mat,8,1945.99,20,12454.34,10059.15,2395.19,UPI,CUST1083
ORD103638,2024-04-26,Central,Sports,Football,8,3144.89,15,21385.25,17446.24,3939.01,COD,CUST1656
ORD103639,2025-03-31,East,Home & Kitchen,Air Fryer,3,2894.1,25,6511.72,5950.2,561.52,COD,CUST1140
ORD103640,2025-02-09,South,Home & Kitchen,Air Fryer,5,3920.6,0,19603.0,12379.28,7223.72,Net Banking,CUST2501
ORD103641,2024-10-17,North,Sports,Dumbbells,4,1447.39,15,4921.13,3247.17,1673.96,UPI,CUST1923
ORD103642,2024-06-03,Central,Home & Kitchen,Cookware Set,5,2177.1,0,10885.5,7486.16,3399.34,Debit Card,CUST3013
ORD103643,2025-02-19,Central,Apparel,T-Shirt,8,2624.57,0,20996.56,14211.09,6785.47,COD,CUST2591
ORD103644,2025-01-02,North,Sports,Dumbbells,6,2560.27,0,15361.62,9240.65,6120.97,Debit Card,CUST1156
ORD103645,2024-09-22,Central,Apparel,Jacket,6,3853.59,0,23121.54,13668.08,9453.46,UPI,CUST3130
ORD103646,2024-05-11,Central,Beauty,Lipstick,2,2452.75,15,4169.68,3573.42,596.26,Credit Card,CUST2315
ORD103647,2024-05-04,West,Beauty,Hair Serum,7,2005.28,5,13335.11,8207.92,5127.19,Debit Card,CUST1079
ORD103648,2025-09-10,South,Beauty,Face Wash,3,999.66,10,2699.08,1668.88,1030.2,Credit Card,CUST3216
ORD103649,2024-11-29,Central,Sports,Football,10,2699.18,5,25642.21,19742.69,5899.52,Credit Card,CUST1844
ORD103650,2025-08-07,South,Home & Kitchen,Bedsheet Set,8,1717.69,0,13741.52,9149.26,4592.26,Credit Card,CUST1357
ORD103651,2024-02-27,East,Home & Kitchen,Mixer Grinder,9,1350.96,0,12158.64,8662.65,3495.99,Debit Card,CUST2395
ORD103652,2025-05-25,Central,Home & Kitchen,Mixer Grinder,9,2780.83,5,23776.1,18098.82,5677.28,COD,CUST1019
ORD103653,2025-08-15,West,Beauty,Perfume,6,961.65,0,5769.9,3511.12,2258.78,UPI,CUST2642
ORD103654,2025-12-26,Central,Beauty,Lipstick,3,1052.33,5,2999.14,2091.33,907.81,Net Banking,CUST2310
ORD103655,2025-07-18,Central,Home & Kitchen,Cookware Set,1,323.68,5,307.5,211.73,95.77,Debit Card,CUST2818
ORD103656,2025-07-14,Central,Beauty,Perfume,8,2896.02,15,19692.94,16420.73,3272.21,Debit Card,CUST2230
ORD103657,2025-01-09,Central,Home & Kitchen,Mixer Grinder,11,3193.63,0,35129.93,27928.04,7201.89,Credit Card,CUST1669
ORD103658,2024-09-14,North,Home & Kitchen,Mixer Grinder,11,3812.91,0,41942.01,28287.03,13654.98,Debit Card,CUST1800
ORD103659,2025-04-06,West,Electronics,Tablet,5,24114.54,5,114544.06,74779.61,39764.45,UPI,CUST2414
ORD103660,2024-10-23,Central,Apparel,Jeans,6,2272.91,0,13637.46,8048.1,5589.36,UPI,CUST2194
ORD103661,2024-11-29,West,Apparel,T-Shirt,8,3326.0,5,25277.6,16097.69,9179.91,Credit Card,CUST3394
ORD103662,2024-10-28,North,Home & Kitchen,Mixer Grinder,10,2385.11,0,23851.1,18040.62,5810.48,COD,CUST1105
ORD103663,2024-06-19,West,Sports,Football,10,3423.88,10,30814.92,19931.7,10883.22,COD,CUST2474
ORD103664,2024-10-16,East,Beauty,Perfume,7,3789.39,0,26525.73,18209.87,8315.86,UPI,CUST1044
ORD103665,2024-11-28,East,Electronics,Headphones,1,5467.95,15,4647.76,3815.36,832.4,UPI,CUST1797
ORD103666,2025-12-02,West,Beauty,Lipstick,7,2089.71,15,12433.77,9434.71,2999.06,Credit Card,CUST2401
ORD103667,2025-01-19,West,Apparel,Jacket,1,2462.42,0,2462.42,1568.91,893.51,UPI,CUST2437
ORD103668,2024-05-06,North,Apparel,Jacket,7,1722.91,0,12060.37,8243.92,3816.45,Net Banking,CUST1282
ORD103669,2024-01-02,Central,Beauty,Face Wash,10,3989.36,0,39893.6,22851.48,17042.12,Net Banking,CUST2420
ORD103670,2024-12-02,North,Electronics,Tablet,5,45999.59,0,229997.95,143214.05,86783.9,Debit Card,CUST2316
ORD103671,2025-02-10,North,Electronics,Headphones,2,3677.55,15,6251.84,5388.41,863.43,UPI,CUST2009
ORD103672,2024-05-11,North,Electronics,Tablet,2,25014.52,0,50029.04,27702.69,22326.35,Credit Card,CUST3156
ORD103673,2024-08-25,East,Home & Kitchen,Bedsheet Set,5,1001.73,0,5008.65,2935.77,2072.88,Credit Card,CUST3303
ORD103674,2025-03-10,North,Sports,Dumbbells,11,2118.72,5,22140.62,14047.0,8093.62,UPI,CUST3160
ORD103675,2024-06-14,West,Apparel,Kurta,8,2311.57,15,15718.68,10192.91,5525.77,UPI,CUST1401
ORD103676,2024-03-04,East,Sports,Yoga Mat,6,1863.12,5,10619.78,7310.2,3309.58,Credit Card,CUST1931
ORD103677,2024-10-30,East,Apparel,Kurta,7,3184.35,0,22290.45,15660.76,6629.69,Debit Card,CUST1715
ORD103678,2025-09-13,South,Apparel,Sneakers,9,1498.72,5,12814.06,9860.34,2953.72,Debit Card,CUST2081
ORD103679,2024-01-13,North,Apparel,Sneakers,5,2894.69,15,12302.43,8942.84,3359.59,Debit Card,CUST2680
ORD103680,2025-08-06,North,Electronics,Tablet,3,31644.1,15,80692.45,58443.54,22248.91,Net Banking,CUST2404
ORD103681,2025-06-24,East,Home & Kitchen,Mixer Grinder,11,511.38,0,5625.18,3204.74,2420.44,UPI,CUST1417
ORD103682,2025-09-10,North,Sports,Yoga Mat,6,3630.82,0,21784.92,15692.58,6092.34,COD,CUST2035
ORD103683,2025-04-20,South,Apparel,Kurta,2,653.7,0,1307.4,971.65,335.75,Debit Card,CUST1744
ORD103684,2024-02-23,Central,Home & Kitchen,Bedsheet Set,7,1570.76,10,9895.79,8626.74,1269.05,COD,CUST2932
ORD103685,2024-06-09,Central,Beauty,Face Wash,11,1145.59,5,11971.42,9681.76,2289.66,Credit Card,CUST1388
ORD103686,2025-04-18,East,Home & Kitchen,Cookware Set,7,2128.53,10,13409.74,8801.77,4607.97,UPI,CUST1167
ORD103687,2024-10-10,South,Apparel,Sneakers,4,1808.36,20,5786.75,4921.97,864.78,COD,CUST2243
ORD103688,2025-07-31,North,Electronics,Headphones,9,48508.54,10,392919.17,244578.43,148340.74,COD,CUST2993
ORD103689,2025-02-24,Central,Sports,Cricket Bat,7,453.78,0,3176.46,1946.58,1229.88,Credit Card,CUST1838
ORD103690,2024-02-09,Central,Home & Kitchen,Bedsheet Set,10,2776.02,10,24984.18,18759.3,6224.88,UPI,CUST2769
ORD103691,2025-01-11,South,Home & Kitchen,Air Fryer,1,3557.46,5,3379.59,2313.14,1066.45,COD,CUST2060
ORD103692,2025-08-21,West,Apparel,Jacket,1,3905.64,0,3905.64,2480.95,1424.69,COD,CUST2988
ORD103693,2024-08-16,North,Beauty,Hair Serum,9,736.2,0,6625.8,4128.54,2497.26,COD,CUST1024
ORD103694,2024-05-10,North,Electronics,Smartwatch,2,59881.63,0,119763.26,71598.23,48165.03,Net Banking,CUST3035
ORD103695,2024-07-15,Central,Sports,Football,8,1072.66,20,6865.02,6825.38,39.64,COD,CUST3479
ORD103696,2024-01-08,East,Home & Kitchen,Bedsheet Set,5,953.13,0,4765.65,3252.37,1513.28,Credit Card,CUST3461
ORD103697,2024-09-15,South,Sports,Cricket Bat,7,787.38,5,5236.08,3901.57,1334.51,Credit Card,CUST2870
ORD103698,2025-07-03,East,Home & Kitchen,Cookware Set,10,3505.33,5,33300.64,22376.4,10924.24,Credit Card,CUST1774
ORD103699,2025-03-25,North,Sports,Cricket Bat,8,1344.09,5,10215.08,6600.59,3614.49,Net Banking,CUST2752
ORD103700,2025-02-09,East,Beauty,Perfume,4,2515.63,0,10062.52,7908.26,2154.26,Debit Card,CUST1889
ORD103701,2024-12-20,Central,Electronics,Smartwatch,9,41183.26,5,352116.87,237359.71,114757.16,Debit Card,CUST3364
ORD103702,2024-08-31,East,Apparel,Kurta,8,2528.17,5,19214.09,14973.17,4240.92,Credit Card,CUST1247
ORD103703,2024-10-09,West,Apparel,T-Shirt,4,1474.56,20,4718.59,3317.92,1400.67,UPI,CUST3210
ORD103704,2024-09-07,North,Apparel,Jacket,9,3042.24,0,27380.16,16558.61,10821.55,UPI,CUST1071
ORD103705,2024-11-13,Central,Beauty,Perfume,3,151.28,0,453.84,292.18,161.66,Debit Card,CUST2401
ORD103706,2024-04-28,West,Electronics,Smartphone,10,14061.42,5,133583.49,102466.88,31116.61,UPI,CUST1386
ORD103707,2025-07-27,North,Electronics,Headphones,7,52811.75,5,351198.14,289422.17,61775.97,UPI,CUST2292
ORD103708,2025-06-07,West,Home & Kitchen,Cookware Set,3,2691.25,25,6055.31,6361.73,-306.42,UPI,CUST3224
ORD103709,2025-11-04,North,Home & Kitchen,Bedsheet Set,7,715.4,0,5007.8,3165.19,1842.61,UPI,CUST1993
ORD103710,2025-01-22,South,Apparel,Kurta,2,2938.8,0,5877.6,4101.24,1776.36,Debit Card,CUST3372
ORD103711,2025-10-19,Central,Home & Kitchen,Bedsheet Set,4,3407.9,5,12950.02,10138.99,2811.03,Net Banking,CUST1794
ORD103712,2025-06-21,West,Apparel,Jacket,10,550.16,0,5501.6,4206.59,1295.01,Credit Card,CUST2396
ORD103713,2025-03-10,West,Beauty,Hair Serum,6,1069.58,20,5133.98,4063.77,1070.21,Net Banking,CUST2694
ORD103714,2024-09-28,East,Apparel,Sneakers,4,1378.42,0,5513.68,4051.14,1462.54,Debit Card,CUST1417
ORD103715,2024-10-01,North,Electronics,Smartwatch,5,4438.95,0,22194.75,14834.46,7360.29,COD,CUST2768
ORD103716,2024-04-19,North,Apparel,Jeans,5,2946.03,10,13257.14,8854.59,4402.55,Credit Card,CUST1798
ORD103717,2024-10-27,West,Electronics,Laptop,8,42078.27,25,252469.62,215323.85,37145.77,Credit Card,CUST2484
ORD103718,2024-05-18,East,Apparel,Kurta,4,2804.24,10,10095.26,6317.89,3777.37,UPI,CUST1924
ORD103719,2024-09-18,East,Home & Kitchen,Bedsheet Set,6,3021.33,0,18127.98,12716.11,5411.87,Debit Card,CUST1260
ORD103720,2024-12-27,Central,Home & Kitchen,Air Fryer,9,778.05,5,6652.33,5253.02,1399.31,Net Banking,CUST1565
ORD103721,2025-01-29,West,Electronics,Smartphone,3,11328.81,0,33986.43,20255.47,13730.96,UPI,CUST3427
ORD103722,2025-08-24,West,Electronics,Tablet,5,39220.1,5,186295.48,112766.17,73529.31,UPI,CUST3274
ORD103723,2025-03-02,North,Apparel,Kurta,11,1786.14,5,18665.16,12582.42,6082.74,COD,CUST1121
ORD103724,2024-02-02,North,Beauty,Face Wash,11,1024.8,0,11272.8,8715.32,2557.48,UPI,CUST2348
ORD103725,2024-02-03,South,Electronics,Smartwatch,7,22431.61,10,141319.14,121706.31,19612.83,Credit Card,CUST3227
ORD103726,2025-01-04,West,Electronics,Laptop,4,35124.35,0,140497.4,87710.75,52786.65,Debit Card,CUST3478
ORD103727,2024-07-25,South,Home & Kitchen,Bedsheet Set,3,3964.23,10,10703.42,7633.3,3070.12,COD,CUST2302
ORD103728,2024-05-31,Central,Sports,Cricket Bat,3,3472.65,15,8855.26,6955.78,1899.48,UPI,CUST3251
ORD103729,2024-06-05,North,Apparel,Jacket,7,3149.85,5,20946.5,17004.67,3941.83,Debit Card,CUST1773
ORD103730,2024-09-20,East,Electronics,Laptop,1,7668.02,0,7668.02,5850.98,1817.04,Net Banking,CUST1117
ORD103731,2024-06-13,West,Apparel,Jacket,6,1266.88,0,7601.28,4186.96,3414.32,UPI,CUST2221
ORD103732,2025-01-08,West,Electronics,Smartwatch,2,1311.1,25,1966.65,1996.03,-29.38,UPI,CUST1992
ORD103733,2024-01-01,South,Home & Kitchen,Mixer Grinder,7,2780.78,5,18492.19,15128.92,3363.27,UPI,CUST2429
ORD103734,2025-05-21,West,Apparel,Jacket,3,3367.02,5,9596.01,5716.35,3879.66,Credit Card,CUST1964
ORD103735,2024-10-07,South,Beauty,Face Wash,9,2638.9,10,21375.09,14577.82,6797.27,Debit Card,CUST2437
ORD103736,2025-08-16,Central,Sports,Dumbbells,8,1946.46,0,15571.68,10974.73,4596.95,UPI,CUST2464
ORD103737,2024-03-18,East,Apparel,Kurta,7,3342.54,10,21058.0,16440.0,4618.0,Credit Card,CUST2563
ORD103738,2024-10-25,West,Electronics,Smartphone,2,27555.99,25,41333.98,40640.52,693.46,Debit Card,CUST2315
ORD103739,2024-05-04,Central,Sports,Cricket Bat,7,2073.58,10,13063.55,9674.14,3389.41,UPI,CUST2044
ORD103740,2025-04-08,North,Home & Kitchen,Air Fryer,3,3476.6,0,10429.8,8251.11,2178.69,UPI,CUST3250
ORD103741,2025-02-19,North,Electronics,Laptop,8,40022.62,5,304171.91,213543.87,90628.04,COD,CUST1968
ORD103742,2025-11-18,North,Electronics,Tablet,3,25455.05,5,72546.89,53345.75,19201.14,COD,CUST2608
ORD103743,2024-07-01,South,Sports,Cricket Bat,1,1742.13,5,1655.02,1191.85,463.17,Credit Card,CUST3055
ORD103744,2024-03-12,North,Sports,Cricket Bat,2,3609.83,10,6497.69,5723.37,774.32,COD,CUST2312
ORD103745,2024-07-14,East,Sports,Football,7,758.95,0,5312.65,3691.13,1621.52,Debit Card,CUST2535
ORD103746,2024-04-30,South,Beauty,Hair Serum,1,966.37,5,918.05,688.25,229.8,COD,CUST2016
ORD103747,2024-01-21,East,Sports,Dumbbells,11,1500.73,5,15682.63,9095.77,6586.86,COD,CUST3073
ORD103748,2024-03-06,West,Beauty,Perfume,7,3657.43,0,25602.01,16808.27,8793.74,Debit Card,CUST1717
ORD103749,2025-02-16,South,Home & Kitchen,Cookware Set,9,2883.59,5,24654.69,16801.06,7853.63,Net Banking,CUST3025
ORD103750,2025-04-27,East,Apparel,Sneakers,1,1894.94,10,1705.45,1137.95,567.5,UPI,CUST1016
ORD103751,2025-06-17,West,Home & Kitchen,Mixer Grinder,4,2295.4,10,8263.44,7112.49,1150.95,Net Banking,CUST2018
ORD103752,2025-11-09,West,Apparel,T-Shirt,1,2117.08,5,2011.23,1196.36,814.87,COD,CUST3130
ORD103753,2025-07-20,West,Sports,Yoga Mat,3,3020.85,0,9062.55,6395.01,2667.54,UPI,CUST1676
ORD103754,2025-06-28,West,Home & Kitchen,Cookware Set,1,2448.93,0,2448.93,1819.18,629.75,COD,CUST1904
ORD103755,2025-05-16,West,Beauty,Hair Serum,9,264.77,25,1787.2,1354.87,432.33,COD,CUST1220
ORD103756,2024-08-10,East,Beauty,Hair Serum,5,2233.12,0,11165.6,8305.8,2859.8,Net Banking,CUST1885
ORD103757,2024-09-18,South,Home & Kitchen,Bedsheet Set,6,3251.5,5,18533.55,12664.16,5869.39,Debit Card,CUST1416
ORD103758,2024-02-22,South,Apparel,Jeans,6,2738.87,0,16433.22,10372.62,6060.6,UPI,CUST1451
ORD103759,2025-04-05,Central,Sports,Yoga Mat,7,3332.55,0,23327.85,16001.68,7326.17,Net Banking,CUST3442
ORD103760,2024-02-06,East,Beauty,Hair Serum,3,337.57,0,1012.71,658.04,354.67,Net Banking,CUST3310
ORD103761,2025-09-23,South,Apparel,Sneakers,7,3964.29,10,24975.03,20636.84,4338.19,COD,CUST1091
ORD103762,2024-06-12,West,Electronics,Tablet,11,9626.53,0,105891.83,58502.05,47389.78,Net Banking,CUST2989
ORD103763,2024-04-18,North,Sports,Football,2,2394.91,0,4789.82,2735.45,2054.37,UPI,CUST1090
ORD103764,2024-12-04,Central,Apparel,Jacket,1,1418.08,10,1276.27,993.49,282.78,UPI,CUST1779
ORD103765,2024-06-18,South,Beauty,Hair Serum,10,2974.53,20,23796.24,17914.64,5881.6,COD,CUST3380
ORD103766,2024-11-12,West,Electronics,Laptop,3,43648.93,5,124399.45,89887.69,34511.76,Debit Card,CUST3035
ORD103767,2024-04-16,Central,Apparel,Jacket,10,2864.19,0,28641.9,18299.66,10342.24,UPI,CUST1005
ORD103768,2025-06-06,South,Beauty,Perfume,1,962.4,0,962.4,700.31,262.09,COD,CUST1497
ORD103769,2025-04-13,South,Home & Kitchen,Bedsheet Set,11,2898.95,0,31888.45,18826.47,13061.98,UPI,CUST2742
ORD103770,2025-08-23,Central,Beauty,Lipstick,6,2474.63,5,14105.39,11813.15,2292.24,Debit Card,CUST1362
ORD103771,2024-07-28,North,Sports,Cricket Bat,7,331.88,10,2090.84,1302.81,788.03,Credit Card,CUST1132
ORD103772,2024-01-14,North,Electronics,Smartphone,9,53622.72,0,482604.48,280453.31,202151.17,Credit Card,CUST2844
ORD103773,2025-02-15,East,Home & Kitchen,Mixer Grinder,3,986.01,0,2958.03,1723.39,1234.64,Net Banking,CUST1904
ORD103774,2024-02-05,South,Apparel,Jeans,7,3857.72,5,25653.84,17132.27,8521.57,Net Banking,CUST1011
ORD103775,2024-03-23,Central,Electronics,Headphones,8,19398.99,25,116393.94,88935.01,27458.93,Net Banking,CUST1712
ORD103776,2025-07-16,West,Sports,Football,1,505.75,5,480.46,333.59,146.87,Net Banking,CUST2475
ORD103777,2024-01-01,East,Apparel,Jacket,9,2381.57,10,19290.72,12127.16,7163.56,Credit Card,CUST2142
ORD103778,2025-05-19,South,Sports,Yoga Mat,5,3808.15,0,19040.75,14062.55,4978.2,UPI,CUST2730
ORD103779,2025-04-10,Central,Beauty,Face Wash,11,3220.07,0,35420.77,25820.59,9600.18,Debit Card,CUST2360
ORD103780,2025-05-24,Central,Beauty,Perfume,6,795.66,0,4773.96,3312.39,1461.57,Debit Card,CUST1882
ORD103781,2025-11-05,South,Beauty,Lipstick,3,574.02,5,1635.96,1245.32,390.64,Credit Card,CUST2667
ORD103782,2025-02-08,North,Apparel,Sneakers,2,2159.43,25,3239.14,3027.41,211.73,Credit Card,CUST2754
ORD103783,2024-08-12,West,Apparel,Sneakers,1,3125.45,20,2500.36,2042.72,457.64,COD,CUST2932
ORD103784,2025-11-01,North,Beauty,Perfume,6,897.26,10,4845.2,4176.27,668.93,Debit Card,CUST1777
ORD103785,2024-03-23,Central,Home & Kitchen,Bedsheet Set,3,2992.14,0,8976.42,6337.04,2639.38,Debit Card,CUST3019
ORD103786,2025-09-29,North,Apparel,Sneakers,3,1330.78,15,3393.49,2799.03,594.46,COD,CUST2242
ORD103787,2024-10-31,East,Sports,Dumbbells,3,3723.69,20,8936.86,6339.89,2596.97,Credit Card,CUST2411
ORD103788,2025-08-10,South,Home & Kitchen,Mixer Grinder,1,3576.35,5,3397.53,2726.71,670.82,UPI,CUST2011
ORD103789,2024-05-07,West,Sports,Dumbbells,9,2953.66,20,21266.35,17442.47,3823.88,UPI,CUST3468
ORD103790,2024-05-03,East,Electronics,Laptop,8,34559.78,15,235006.5,158250.32,76756.18,Net Banking,CUST2428
ORD103791,2024-12-02,Central,Electronics,Headphones,6,9673.94,25,43532.73,39521.41,4011.32,COD,CUST2934
ORD103792,2024-09-14,Central,Electronics,Tablet,4,50312.7,0,201250.8,115993.39,85257.41,COD,CUST3192
ORD103793,2024-08-22,East,Apparel,Jacket,3,2881.84,0,8645.52,5650.88,2994.64,UPI,CUST1274
ORD103794,2025-01-18,Central,Sports,Dumbbells,3,1381.14,0,4143.42,3210.72,932.7,Credit Card,CUST1871
ORD103795,2025-10-12,South,Beauty,Lipstick,6,2456.43,0,14738.58,9313.51,5425.07,Credit Card,CUST2110
ORD103796,2024-07-28,East,Apparel,Jacket,1,2740.91,5,2603.86,1771.6,832.26,COD,CUST2256
ORD103797,2025-01-26,North,Beauty,Lipstick,10,992.51,0,9925.1,7407.71,2517.39,Net Banking,CUST2409
ORD103798,2025-01-15,East,Beauty,Face Wash,9,632.03,15,4835.03,4141.11,693.92,Debit Card,CUST3109
ORD103799,2025-04-11,Central,Electronics,Laptop,6,2906.45,0,17438.7,12869.97,4568.73,Credit Card,CUST2453
ORD103800,2024-06-09,East,Sports,Cricket Bat,2,1307.51,0,2615.02,2020.62,594.4,COD,CUST2482
ORD103801,2025-08-02,West,Apparel,Sneakers,7,317.65,15,1890.02,1541.18,348.84,COD,CUST1734
ORD103802,2024-09-09,West,Electronics,Headphones,10,13906.53,0,139065.3,108223.46,30841.84,Net Banking,CUST1583
ORD103803,2025-05-25,West,Home & Kitchen,Bedsheet Set,5,2882.75,0,14413.75,9073.32,5340.43,Net Banking,CUST1077
ORD103804,2025-03-15,East,Apparel,Jacket,5,2895.88,10,13031.46,8352.85,4678.61,Debit Card,CUST2290
ORD103805,2024-05-05,East,Apparel,Sneakers,11,739.03,5,7722.86,5875.31,1847.55,Net Banking,CUST1386
ORD103806,2025-02-15,North,Electronics,Smartwatch,10,10081.23,5,95771.68,75263.79,20507.89,Net Banking,CUST2338
ORD103807,2024-01-25,North,Sports,Cricket Bat,6,2458.44,25,11062.98,11038.06,24.92,UPI,CUST1846
ORD103808,2024-03-19,North,Electronics,Laptop,8,12200.3,0,97602.4,60750.55,36851.85,UPI,CUST1009
ORD103809,2025-07-12,South,Home & Kitchen,Mixer Grinder,7,2871.57,10,18090.89,14712.88,3378.01,Debit Card,CUST2883
ORD103810,2024-01-06,North,Apparel,T-Shirt,7,2645.11,0,18515.77,14564.52,3951.25,Credit Card,CUST2927
ORD103811,2025-06-13,Central,Electronics,Headphones,6,3396.64,0,20379.84,12677.0,7702.84,Credit Card,CUST2701
ORD103812,2024-11-17,West,Apparel,Kurta,10,3547.04,15,30149.84,25290.98,4858.86,Net Banking,CUST2306
ORD103813,2025-10-12,North,Electronics,Tablet,5,7281.56,10,32767.02,28931.42,3835.6,Credit Card,CUST1115
ORD103814,2025-05-23,North,Apparel,Jeans,4,1424.26,5,5412.19,3244.64,2167.55,UPI,CUST2066
ORD103815,2024-06-18,North,Electronics,Smartphone,4,24689.36,20,79005.95,57609.87,21396.08,COD,CUST3190
ORD103816,2025-11-06,North,Apparel,Jeans,5,2303.71,5,10942.62,8109.0,2833.62,Credit Card,CUST1530
ORD103817,2024-03-13,Central,Beauty,Lipstick,10,1434.04,5,13623.38,11133.39,2489.99,UPI,CUST2461
ORD103818,2024-11-19,West,Beauty,Perfume,5,3937.79,10,17720.06,15148.16,2571.9,Debit Card,CUST2408
ORD103819,2024-04-27,East,Apparel,Sneakers,2,2798.94,10,5038.09,3920.1,1117.99,Debit Card,CUST3281
ORD103820,2025-02-20,South,Electronics,Smartwatch,3,53062.75,0,159188.25,89777.73,69410.52,Debit Card,CUST1724
ORD103821,2025-12-23,South,Electronics,Smartphone,11,15740.8,0,173148.8,115092.11,58056.69,UPI,CUST1852
ORD103822,2024-08-06,Central,Home & Kitchen,Cookware Set,2,2893.8,20,4630.08,4463.77,166.31,Debit Card,CUST3030
ORD103823,2024-08-24,North,Apparel,T-Shirt,1,2173.34,10,1956.01,1410.68,545.33,UPI,CUST1568
ORD103824,2025-03-02,South,Apparel,Jacket,10,3956.77,0,39567.7,22211.43,17356.27,UPI,CUST1717
ORD103825,2024-09-30,Central,Beauty,Lipstick,11,654.51,20,5759.69,4001.45,1758.24,COD,CUST1903
ORD103826,2025-03-02,South,Sports,Dumbbells,2,1830.09,5,3477.17,2825.81,651.36,COD,CUST1332
ORD103827,2024-05-09,South,Home & Kitchen,Air Fryer,10,1340.39,5,12733.7,7854.08,4879.62,Debit Card,CUST2708
ORD103828,2024-12-22,East,Electronics,Headphones,7,31899.57,0,223296.99,149679.17,73617.82,UPI,CUST2478
ORD103829,2024-02-03,North,Electronics,Smartphone,8,6506.84,15,44246.51,41033.02,3213.49,COD,CUST2170
ORD103830,2025-05-10,Central,Home & Kitchen,Mixer Grinder,3,2026.94,0,6080.82,4663.55,1417.27,COD,CUST3018
ORD103831,2025-10-26,North,Electronics,Smartwatch,1,14258.81,20,11407.05,9736.68,1670.37,Credit Card,CUST2722
ORD103832,2025-09-19,Central,Home & Kitchen,Air Fryer,2,1076.74,0,2153.48,1632.95,520.53,Credit Card,CUST3294
ORD103833,2024-07-10,East,Sports,Dumbbells,2,1841.85,15,3131.14,2925.11,206.03,COD,CUST1443
ORD103834,2025-10-09,East,Home & Kitchen,Bedsheet Set,5,3682.95,0,18414.75,14261.61,4153.14,COD,CUST1547
ORD103835,2024-04-17,East,Home & Kitchen,Bedsheet Set,8,1028.09,0,8224.72,5624.72,2600.0,Debit Card,CUST1715
ORD103836,2025-05-15,Central,Apparel,Jeans,1,3334.74,15,2834.53,2068.9,765.63,UPI,CUST3009
ORD103837,2025-01-18,West,Electronics,Headphones,11,52735.02,10,522076.7,453540.16,68536.54,COD,CUST3251
ORD103838,2024-12-10,West,Beauty,Lipstick,8,3202.53,20,20496.19,19081.55,1414.64,COD,CUST2119
ORD103839,2025-03-20,South,Beauty,Hair Serum,7,2174.13,0,15218.91,11444.66,3774.25,UPI,CUST1391
ORD103840,2025-08-23,North,Beauty,Hair Serum,6,3322.98,0,19937.88,13159.66,6778.22,UPI,CUST2576
ORD103841,2024-02-06,South,Home & Kitchen,Bedsheet Set,6,3800.6,10,20523.24,15437.01,5086.23,COD,CUST2535
ORD103842,2025-10-19,West,Home & Kitchen,Mixer Grinder,10,2436.25,20,19490.0,17224.4,2265.6,UPI,CUST3170
ORD103843,2024-10-11,South,Apparel,Kurta,9,2199.34,0,19794.06,12025.76,7768.3,UPI,CUST1518
ORD103844,2025-09-30,West,Electronics,Smartphone,10,26393.31,0,263933.1,201632.87,62300.23,COD,CUST1468
ORD103845,2025-09-23,East,Apparel,Jacket,3,255.06,0,765.18,593.96,171.22,UPI,CUST1176
ORD103846,2024-09-30,West,Electronics,Smartwatch,3,45740.74,10,123500.0,101195.34,22304.66,UPI,CUST1660
ORD103847,2024-09-26,South,Home & Kitchen,Air Fryer,4,3363.19,15,11434.85,10136.37,1298.48,UPI,CUST2875
ORD103848,2025-06-19,West,Beauty,Hair Serum,7,2720.48,20,15234.69,12554.32,2680.37,COD,CUST2294
ORD103849,2025-06-07,North,Apparel,Sneakers,11,3398.22,0,37380.42,26678.93,10701.49,Net Banking,CUST1327
ORD103850,2024-10-12,East,Electronics,Smartphone,3,43092.85,5,122814.62,78065.2,44749.42,COD,CUST3192
ORD103851,2025-06-07,South,Sports,Dumbbells,4,1395.66,0,5582.64,3459.75,2122.89,UPI,CUST1827
ORD103852,2025-09-18,South,Sports,Football,6,3159.47,10,17061.14,11035.56,6025.58,COD,CUST3134
ORD103853,2025-03-11,East,Beauty,Face Wash,10,3609.89,0,36098.9,22433.38,13665.52,UPI,CUST1159
ORD103854,2024-04-09,Central,Home & Kitchen,Air Fryer,9,1269.33,0,11423.97,7536.97,3887.0,COD,CUST2082
ORD103855,2024-07-01,Central,Sports,Cricket Bat,3,3097.02,5,8826.51,6971.42,1855.09,UPI,CUST2792
ORD103856,2024-07-31,East,Sports,Dumbbells,3,279.86,10,755.62,665.27,90.35,Net Banking,CUST3193
ORD103857,2025-04-12,Central,Apparel,Jacket,6,712.37,10,3846.8,2431.22,1415.58,COD,CUST2368
ORD103858,2024-01-01,West,Electronics,Smartphone,2,446.37,20,714.19,676.08,38.11,Net Banking,CUST1052
ORD103859,2024-09-18,South,Beauty,Perfume,1,2466.97,20,1973.58,1885.19,88.39,Net Banking,CUST2380
ORD103860,2025-08-25,West,Apparel,Jacket,4,1778.96,0,7115.84,5663.17,1452.67,Net Banking,CUST1858
ORD103861,2024-05-16,Central,Sports,Dumbbells,11,658.63,15,6158.19,5682.63,475.56,Net Banking,CUST1409
ORD103862,2025-08-28,East,Apparel,Jeans,4,636.29,0,2545.16,1828.15,717.01,Debit Card,CUST1891
ORD103863,2025-03-23,Central,Apparel,Kurta,10,1839.04,5,17470.88,12674.62,4796.26,UPI,CUST3431
ORD103864,2024-02-05,Central,Apparel,Sneakers,6,1337.17,15,6819.57,5547.79,1271.78,COD,CUST1299
ORD103865,2024-12-21,Central,Electronics,Headphones,4,2681.19,0,10724.76,6378.23,4346.53,Credit Card,CUST2190
ORD103866,2024-05-19,Central,Beauty,Perfume,11,3692.06,0,40612.66,25815.55,14797.11,Net Banking,CUST3325
ORD103867,2025-05-30,West,Electronics,Tablet,8,4166.27,0,33330.16,25689.77,7640.39,COD,CUST1927
ORD103868,2024-03-04,North,Sports,Dumbbells,4,3111.29,5,11822.9,9209.32,2613.58,COD,CUST3041
ORD103869,2024-01-17,East,Beauty,Perfume,8,3166.89,0,25335.12,17471.41,7863.71,UPI,CUST1527
ORD103870,2025-05-03,West,Home & Kitchen,Mixer Grinder,10,1755.59,0,17555.9,12831.43,4724.47,UPI,CUST2708
ORD103871,2025-04-28,East,Apparel,T-Shirt,4,1534.42,15,5217.03,3585.46,1631.57,Net Banking,CUST2575
ORD103872,2024-03-02,Central,Sports,Football,7,1781.81,5,11849.04,8246.94,3602.1,UPI,CUST3236
ORD103873,2025-09-11,West,Home & Kitchen,Air Fryer,10,3109.36,10,27984.24,20316.78,7667.46,Net Banking,CUST1032
ORD103874,2025-01-08,South,Sports,Yoga Mat,2,178.57,20,285.71,232.89,52.82,Debit Card,CUST1889
ORD103875,2025-03-31,East,Sports,Cricket Bat,6,1638.85,10,8849.79,6587.97,2261.82,Credit Card,CUST2259
ORD103876,2024-06-21,Central,Apparel,Kurta,2,2530.51,5,4807.97,3192.63,1615.34,Net Banking,CUST1839
ORD103877,2025-02-03,West,Apparel,Sneakers,10,2731.48,0,27314.8,19643.84,7670.96,Credit Card,CUST1063
ORD103878,2025-07-27,South,Home & Kitchen,Air Fryer,4,2108.96,20,6748.67,6452.51,296.16,UPI,CUST3499
ORD103879,2024-08-30,North,Home & Kitchen,Mixer Grinder,9,2547.85,0,22930.65,15728.93,7201.72,COD,CUST3317
ORD103880,2024-08-21,West,Electronics,Headphones,6,31511.31,0,189067.86,120979.22,68088.64,UPI,CUST3003
ORD103881,2025-03-23,Central,Beauty,Hair Serum,8,2970.34,0,23762.72,16661.23,7101.49,UPI,CUST1292
ORD103882,2025-11-19,East,Sports,Football,4,1629.29,0,6517.16,3910.65,2606.51,Credit Card,CUST2021
ORD103883,2024-09-16,East,Home & Kitchen,Bedsheet Set,2,2712.22,10,4882.0,4126.81,755.19,UPI,CUST2446
ORD103884,2025-01-28,East,Sports,Football,11,1473.99,15,13781.81,9273.76,4508.05,UPI,CUST3043
ORD103885,2024-02-01,East,Sports,Yoga Mat,4,1048.95,0,4195.8,2423.38,1772.42,Credit Card,CUST1589
ORD103886,2025-08-10,East,Electronics,Smartphone,5,55642.32,15,236479.86,210760.87,25718.99,Debit Card,CUST2756
ORD103887,2025-07-11,South,Beauty,Lipstick,11,3165.64,0,34822.04,24915.25,9906.79,Net Banking,CUST2360
ORD103888,2025-06-04,West,Beauty,Face Wash,6,1265.33,5,7212.38,5102.7,2109.68,Net Banking,CUST2567
ORD103889,2025-02-21,East,Beauty,Perfume,3,3898.28,0,11694.84,7561.29,4133.55,Debit Card,CUST3454
ORD103890,2024-01-26,East,Electronics,Headphones,6,15423.72,0,92542.32,62958.55,29583.77,Debit Card,CUST1617
ORD103891,2025-09-29,Central,Sports,Cricket Bat,9,1353.43,20,9744.7,9650.3,94.4,Credit Card,CUST3346
ORD103892,2024-05-03,North,Apparel,Sneakers,11,3983.75,5,41630.19,33304.8,8325.39,Credit Card,CUST2146
ORD103893,2024-01-31,North,Apparel,Jeans,8,3663.58,5,27843.21,18234.81,9608.4,Debit Card,CUST2933
ORD103894,2024-09-12,North,Apparel,Jeans,2,2883.33,0,5766.66,3324.63,2442.03,Net Banking,CUST3122
ORD103895,2025-12-19,North,Home & Kitchen,Air Fryer,8,218.51,10,1573.27,1241.44,331.83,COD,CUST3036
ORD103896,2025-09-21,West,Home & Kitchen,Mixer Grinder,1,237.09,10,213.38,176.42,36.96,COD,CUST1682
ORD103897,2024-11-10,Central,Sports,Cricket Bat,3,163.44,10,441.29,353.5,87.79,COD,CUST1006
ORD103898,2024-01-12,Central,Beauty,Perfume,2,1104.27,0,2208.54,1317.52,891.02,Credit Card,CUST1523
ORD103899,2024-02-26,South,Apparel,Sneakers,10,661.87,0,6618.7,3715.61,2903.09,Credit Card,CUST2843
ORD103900,2024-02-25,South,Home & Kitchen,Cookware Set,10,1285.38,20,10283.04,8488.02,1795.02,Credit Card,CUST2276
ORD103901,2025-03-18,North,Sports,Cricket Bat,4,2311.96,0,9247.84,6489.41,2758.43,UPI,CUST1322
ORD103902,2024-05-19,North,Beauty,Face Wash,7,2784.03,0,19488.21,12958.35,6529.86,UPI,CUST2173
ORD103903,2025-07-06,South,Apparel,Jeans,4,3922.58,0,15690.32,11337.94,4352.38,Debit Card,CUST3056
ORD103904,2025-09-21,West,Home & Kitchen,Air Fryer,11,3557.5,0,39132.5,25186.33,13946.17,COD,CUST2760
ORD103905,2024-01-11,East,Electronics,Tablet,5,44575.84,0,222879.2,165538.83,57340.37,COD,CUST3417
ORD103906,2025-05-04,Central,Electronics,Smartwatch,9,5321.55,0,47893.95,31183.47,16710.48,Credit Card,CUST2508
ORD103907,2024-01-15,Central,Electronics,Laptop,6,14130.86,15,72067.39,50057.51,22009.88,Credit Card,CUST1985
ORD103908,2024-05-16,Central,Apparel,Jeans,2,1662.82,10,2993.08,1842.84,1150.24,COD,CUST2202
ORD103909,2024-09-02,North,Electronics,Headphones,6,38805.3,5,221190.21,157200.27,63989.94,Debit Card,CUST2361
ORD103910,2025-07-31,West,Home & Kitchen,Cookware Set,1,1283.8,10,1155.42,809.26,346.16,UPI,CUST1185
ORD103911,2025-10-31,North,Apparel,Kurta,7,3299.28,0,23094.96,14294.45,8800.51,Debit Card,CUST1355
ORD103912,2024-12-11,Central,Home & Kitchen,Air Fryer,10,3743.48,0,37434.8,24138.08,13296.72,Net Banking,CUST1930
ORD103913,2025-04-03,South,Sports,Football,9,2893.75,0,26043.75,17217.44,8826.31,UPI,CUST1456
ORD103914,2025-04-27,East,Sports,Dumbbells,2,667.32,5,1267.91,1058.13,209.78,UPI,CUST1091
ORD103915,2024-03-17,West,Home & Kitchen,Air Fryer,4,508.86,0,2035.44,1298.08,737.36,Credit Card,CUST1796
ORD103916,2025-10-23,North,Home & Kitchen,Bedsheet Set,9,1749.09,15,13380.54,8978.78,4401.76,COD,CUST1550
ORD103917,2025-02-02,South,Sports,Football,6,2960.21,5,16873.2,11620.31,5252.89,UPI,CUST1700
ORD103918,2024-08-08,West,Electronics,Smartphone,9,12654.42,10,102500.8,85733.89,16766.91,Credit Card,CUST1845
ORD103919,2025-09-14,Central,Apparel,Jeans,2,1107.56,0,2215.12,1624.97,590.15,Net Banking,CUST3203
ORD103920,2024-12-01,East,Apparel,Kurta,10,684.34,0,6843.4,4668.0,2175.4,Net Banking,CUST2350
ORD103921,2024-05-30,South,Beauty,Face Wash,9,1921.05,10,15560.5,11137.72,4422.78,Debit Card,CUST2485
ORD103922,2024-12-27,Central,Home & Kitchen,Cookware Set,11,3414.61,0,37560.71,24105.8,13454.91,Credit Card,CUST1976
ORD103923,2024-01-27,South,Home & Kitchen,Mixer Grinder,10,1092.82,0,10928.2,7575.83,3352.37,UPI,CUST2896
ORD103924,2024-09-24,West,Home & Kitchen,Cookware Set,10,3832.17,10,34489.53,26653.66,7835.87,COD,CUST3211
ORD103925,2025-07-30,West,Home & Kitchen,Bedsheet Set,2,2250.72,0,4501.44,3541.89,959.55,Debit Card,CUST3405
ORD103926,2024-09-08,West,Apparel,Sneakers,11,3613.25,0,39745.75,27486.4,12259.35,Debit Card,CUST3301
ORD103927,2025-10-26,South,Sports,Dumbbells,3,746.27,5,2126.87,1674.76,452.11,Credit Card,CUST1964
ORD103928,2024-03-02,North,Sports,Cricket Bat,7,1876.79,5,12480.65,10183.28,2297.37,Credit Card,CUST3173
ORD103929,2024-09-09,North,Sports,Cricket Bat,6,2235.81,25,10061.14,8423.76,1637.38,Net Banking,CUST2382
ORD103930,2024-05-30,West,Electronics,Headphones,4,28160.71,15,95746.41,71581.18,24165.23,COD,CUST2778
ORD103931,2024-04-15,North,Sports,Yoga Mat,7,167.79,10,1057.08,777.27,279.81,Credit Card,CUST2706
ORD103932,2025-07-07,South,Home & Kitchen,Cookware Set,7,3811.6,5,25347.14,17822.21,7524.93,COD,CUST1853
ORD103933,2025-12-24,East,Home & Kitchen,Mixer Grinder,4,1617.76,5,6147.49,4030.66,2116.83,COD,CUST2329
ORD103934,2025-12-26,North,Electronics,Headphones,5,36012.42,15,153052.78,142106.18,10946.6,Credit Card,CUST1488
ORD103935,2024-07-16,East,Home & Kitchen,Cookware Set,7,2292.31,10,14441.55,8869.51,5572.04,COD,CUST1072
ORD103936,2024-03-17,North,Apparel,T-Shirt,1,2305.77,0,2305.77,1696.26,609.51,COD,CUST1935
ORD103937,2024-01-18,North,Apparel,T-Shirt,4,1424.56,5,5413.33,3193.7,2219.63,Credit Card,CUST1995
ORD103938,2025-03-16,Central,Apparel,Sneakers,9,1601.77,0,14415.93,9621.37,4794.56,Debit Card,CUST2847
ORD103939,2024-06-23,North,Home & Kitchen,Air Fryer,3,614.59,25,1382.83,1394.73,-11.9,Debit Card,CUST1223
ORD103940,2025-06-07,South,Beauty,Face Wash,10,2649.63,0,26496.3,14906.04,11590.26,UPI,CUST2523
ORD103941,2024-03-30,West,Electronics,Smartwatch,5,59579.31,5,283001.72,197629.77,85371.95,Credit Card,CUST1508
ORD103942,2025-05-22,West,Electronics,Smartwatch,9,17985.35,20,129494.52,105463.97,24030.55,COD,CUST1145
ORD103943,2024-02-15,North,Beauty,Perfume,5,2802.24,0,14011.2,9464.79,4546.41,Debit Card,CUST2963
ORD103944,2024-04-08,East,Electronics,Smartphone,2,6394.6,20,10231.36,7879.8,2351.56,Net Banking,CUST2934
ORD103945,2024-09-28,East,Beauty,Perfume,9,3162.11,20,22767.19,18269.07,4498.12,Credit Card,CUST1158
ORD103946,2024-12-08,South,Home & Kitchen,Cookware Set,6,162.19,0,973.14,666.18,306.96,COD,CUST1140
ORD103947,2024-08-27,Central,Electronics,Smartphone,4,38926.19,5,147919.52,117350.85,30568.67,COD,CUST2797
ORD103948,2025-08-02,South,Sports,Football,4,1271.04,15,4321.54,3744.24,577.3,Credit Card,CUST3131
ORD103949,2025-01-10,North,Home & Kitchen,Air Fryer,5,2750.29,0,13751.45,7616.45,6135.0,Debit Card,CUST3147
ORD103950,2024-05-08,West,Home & Kitchen,Bedsheet Set,6,2118.73,10,11441.14,7953.52,3487.62,Debit Card,CUST1559
ORD103951,2025-09-20,East,Apparel,Jacket,11,2417.18,25,19941.74,20480.79,-539.05,Debit Card,CUST3386
ORD103952,2024-06-27,East,Sports,Yoga Mat,5,1418.29,10,6382.3,5407.41,974.89,Net Banking,CUST3077
ORD103953,2024-03-25,Central,Beauty,Perfume,5,3077.76,10,13849.92,8610.39,5239.53,COD,CUST2710
ORD103954,2024-09-05,East,Home & Kitchen,Bedsheet Set,4,3988.74,25,11966.22,12526.76,-560.54,Net Banking,CUST3472
ORD103955,2025-02-18,Central,Apparel,Sneakers,2,2200.64,0,4401.28,2706.43,1694.85,COD,CUST2472
ORD103956,2025-07-17,North,Home & Kitchen,Bedsheet Set,3,3882.42,20,9317.81,7514.72,1803.09,Debit Card,CUST3487
ORD103957,2024-11-22,East,Home & Kitchen,Cookware Set,9,1808.57,20,13021.7,10318.42,2703.28,Net Banking,CUST1507
ORD103958,2024-02-25,Central,Beauty,Hair Serum,4,2637.03,10,9493.31,6072.78,3420.53,UPI,CUST2790
ORD103959,2025-10-18,Central,Electronics,Headphones,3,52330.0,5,149140.5,112237.82,36902.68,UPI,CUST1305
ORD103960,2024-11-06,Central,Sports,Dumbbells,4,2443.96,0,9775.84,6170.97,3604.87,UPI,CUST3435
ORD103961,2024-10-19,South,Sports,Yoga Mat,3,3768.33,0,11304.99,7106.78,4198.21,COD,CUST1079
ORD103962,2024-01-14,North,Electronics,Smartwatch,6,52303.56,0,313821.36,201501.42,112319.94,Debit Card,CUST1095
ORD103963,2025-06-16,Central,Sports,Cricket Bat,4,905.79,20,2898.53,2355.84,542.69,Credit Card,CUST1267
ORD103964,2025-10-01,East,Sports,Cricket Bat,4,247.83,0,991.32,556.35,434.97,Debit Card,CUST1619
ORD103965,2025-09-05,East,Apparel,Jeans,10,1004.84,5,9545.98,7612.86,1933.12,COD,CUST1671
ORD103966,2024-03-29,East,Electronics,Headphones,7,51663.59,20,289316.1,269845.12,19470.98,Debit Card,CUST1797
ORD103967,2025-03-30,South,Beauty,Hair Serum,3,846.46,5,2412.41,1718.87,693.54,Debit Card,CUST2836
ORD103968,2025-03-19,North,Home & Kitchen,Bedsheet Set,10,2060.6,10,18545.4,14886.16,3659.24,UPI,CUST1972
ORD103969,2025-04-03,South,Beauty,Perfume,4,1009.94,20,3231.81,2925.46,306.35,Credit Card,CUST3118
ORD103970,2024-12-05,West,Sports,Cricket Bat,2,1665.03,5,3163.56,2082.69,1080.87,UPI,CUST2703
ORD103971,2024-08-04,South,Electronics,Headphones,5,39930.73,5,189670.97,151028.76,38642.21,COD,CUST1941
ORD103972,2025-08-14,Central,Home & Kitchen,Cookware Set,11,757.71,0,8334.81,6632.83,1701.98,Credit Card,CUST2471
ORD103973,2024-02-04,North,Apparel,T-Shirt,7,3295.6,10,20762.28,16929.02,3833.26,Credit Card,CUST1513
ORD103974,2025-08-16,South,Home & Kitchen,Mixer Grinder,6,3976.14,5,22664.0,18106.87,4557.13,UPI,CUST2673
ORD103975,2025-09-19,East,Electronics,Smartphone,10,37817.64,5,359267.58,299763.49,59504.09,COD,CUST2536
ORD103976,2025-01-11,East,Electronics,Smartwatch,1,6327.72,0,6327.72,3619.93,2707.79,COD,CUST2955
ORD103977,2024-01-26,East,Electronics,Tablet,1,55599.55,0,55599.55,40531.5,15068.05,Net Banking,CUST2078
ORD103978,2024-02-25,South,Beauty,Lipstick,7,741.74,0,5192.18,3993.96,1198.22,Net Banking,CUST1131
ORD103979,2025-05-07,Central,Beauty,Hair Serum,10,2737.72,5,26008.34,16025.08,9983.26,Debit Card,CUST2202
ORD103980,2024-07-15,North,Electronics,Smartwatch,5,55231.7,15,234734.72,161627.21,73107.51,COD,CUST1878
ORD103981,2024-01-09,North,Home & Kitchen,Air Fryer,6,1423.42,10,7686.47,6029.7,1656.77,Net Banking,CUST1676
ORD103982,2024-09-26,Central,Beauty,Hair Serum,2,281.28,15,478.18,314.1,164.08,Credit Card,CUST3031
ORD103983,2025-04-29,West,Beauty,Lipstick,7,1634.11,0,11438.77,7984.18,3454.59,Credit Card,CUST2574
ORD103984,2024-04-03,West,Beauty,Face Wash,10,2002.41,15,17020.48,11381.24,5639.24,Credit Card,CUST3367
ORD103985,2024-01-19,Central,Beauty,Lipstick,5,779.99,0,3899.95,2735.07,1164.88,Credit Card,CUST2617
ORD103986,2025-08-22,North,Electronics,Laptop,9,49568.03,0,446112.27,267267.43,178844.84,COD,CUST2989
ORD103987,2025-06-12,South,Beauty,Lipstick,6,3152.7,20,15132.96,13792.62,1340.34,Debit Card,CUST1101
ORD103988,2025-07-14,East,Beauty,Face Wash,5,1007.62,15,4282.38,3801.55,480.83,Net Banking,CUST2818
ORD103989,2025-01-24,South,Sports,Football,5,3366.27,0,16831.35,10382.54,6448.81,Debit Card,CUST1404
ORD103990,2024-05-11,North,Beauty,Face Wash,5,3218.98,15,13680.66,10230.98,3449.68,UPI,CUST2921
ORD103991,2025-11-27,Central,Sports,Cricket Bat,5,3970.23,5,18858.59,14088.4,4770.19,COD,CUST1679
ORD103992,2024-12-04,South,Electronics,Tablet,6,45647.01,5,260187.96,202212.38,57975.58,COD,CUST1054
ORD103993,2025-11-24,Central,Home & Kitchen,Bedsheet Set,6,2220.97,0,13325.82,9187.74,4138.08,Credit Card,CUST1910
ORD103994,2025-01-09,Central,Home & Kitchen,Mixer Grinder,2,3498.46,10,6297.23,4607.49,1689.74,COD,CUST2235
ORD103995,2025-10-28,East,Apparel,Sneakers,7,1161.46,0,8130.22,6454.01,1676.21,UPI,CUST2475
ORD103996,2024-06-01,Central,Electronics,Headphones,6,38258.83,5,218075.33,144379.15,73696.18,Net Banking,CUST2604
ORD103997,2025-08-19,South,Beauty,Face Wash,10,1124.17,0,11241.7,6387.0,4854.7,Credit Card,CUST3021
ORD103998,2025-01-07,West,Apparel,Sneakers,8,523.89,25,3143.34,2553.25,590.09,UPI,CUST2124
ORD103999,2024-12-24,South,Electronics,Smartwatch,11,36319.83,0,399518.13,303298.09,96220.04,COD,CUST3204
ORD104000,2024-09-29,South,Electronics,Headphones,7,54507.3,10,343395.99,216496.05,126899.94,UPI,CUST2329
ORD104001,2025-09-17,South,Home & Kitchen,Bedsheet Set,8,920.19,5,6993.44,5726.48,1266.96,COD,CUST1954
ORD104002,2025-07-20,South,Electronics,Smartphone,11,36338.22,0,399720.42,293691.29,106029.13,UPI,CUST2937
ORD104003,2024-05-27,Central,Apparel,Kurta,5,375.15,5,1781.96,1305.45,476.51,Credit Card,CUST3203
ORD104004,2025-10-30,East,Beauty,Hair Serum,5,2705.05,5,12848.99,7986.08,4862.91,COD,CUST1506
ORD104005,2024-05-12,East,Electronics,Tablet,9,12970.69,0,116736.21,93358.08,23378.13,Debit Card,CUST3107
ORD104006,2025-08-20,West,Electronics,Smartwatch,7,24787.17,0,173510.19,117737.38,55772.81,Credit Card,CUST1518
ORD104007,2025-09-29,Central,Home & Kitchen,Bedsheet Set,3,2022.14,0,6066.42,3939.8,2126.62,COD,CUST1979
ORD104008,2025-11-30,North,Electronics,Smartphone,11,56913.39,0,626047.29,413248.17,212799.12,Net Banking,CUST1450
ORD104009,2024-06-30,West,Home & Kitchen,Bedsheet Set,4,1999.11,15,6796.97,5201.93,1595.04,Debit Card,CUST2667
ORD104010,2025-04-16,North,Apparel,Jeans,11,229.01,15,2141.24,1435.71,705.53,Credit Card,CUST2569
ORD104011,2025-02-06,Central,Apparel,T-Shirt,9,2906.12,0,26155.08,17639.68,8515.4,UPI,CUST2432
ORD104012,2024-03-11,Central,Apparel,Sneakers,5,318.24,0,1591.2,1045.12,546.08,Net Banking,CUST1426
ORD104013,2025-06-14,West,Sports,Dumbbells,2,214.32,0,428.64,260.05,168.59,Credit Card,CUST2792
ORD104014,2025-09-09,West,Apparel,Kurta,7,983.37,5,6539.41,4790.88,1748.53,Credit Card,CUST1244
ORD104015,2024-03-06,South,Sports,Cricket Bat,4,980.3,15,3333.02,2731.26,601.76,UPI,CUST2512
ORD104016,2025-08-06,South,Apparel,Jacket,2,737.65,0,1475.3,963.44,511.86,COD,CUST2039
ORD104017,2024-03-18,North,Electronics,Headphones,4,52081.54,5,197909.85,160704.04,37205.81,Debit Card,CUST2832
ORD104018,2025-11-22,Central,Electronics,Smartphone,10,4017.71,0,40177.1,25174.8,15002.3,Net Banking,CUST2711
ORD104019,2025-06-06,East,Sports,Cricket Bat,8,1839.03,25,11034.18,11262.27,-228.09,UPI,CUST3303
ORD104020,2024-09-04,West,Home & Kitchen,Cookware Set,5,1971.69,10,8872.61,7415.3,1457.31,UPI,CUST2094
ORD104021,2024-09-26,West,Apparel,Sneakers,9,3066.57,10,24839.22,15778.45,9060.77,COD,CUST2548
ORD104022,2025-10-02,South,Apparel,T-Shirt,6,1726.56,5,9841.39,6139.18,3702.21,COD,CUST1214
ORD104023,2024-01-01,South,Sports,Cricket Bat,7,3074.18,20,17215.41,12360.38,4855.03,UPI,CUST1409
ORD104024,2025-02-01,North,Sports,Yoga Mat,8,2868.11,15,19503.15,16121.86,3381.29,COD,CUST2774
ORD104025,2024-01-03,Central,Sports,Cricket Bat,11,1907.48,10,18884.05,13917.38,4966.67,UPI,CUST1887
ORD104026,2024-11-27,East,Apparel,Sneakers,5,1114.66,25,4179.98,3693.45,486.53,UPI,CUST1205
ORD104027,2025-06-04,North,Home & Kitchen,Bedsheet Set,9,1351.73,0,12165.57,6870.98,5294.59,COD,CUST1742
ORD104028,2025-03-03,West,Electronics,Headphones,10,49226.69,5,467653.56,336459.06,131194.5,Credit Card,CUST1001
ORD104029,2024-03-18,West,Apparel,Jacket,4,1685.46,15,5730.56,4366.01,1364.55,COD,CUST2832
ORD104030,2025-01-05,South,Sports,Yoga Mat,1,3715.99,0,3715.99,2252.54,1463.45,COD,CUST1304
ORD104031,2024-09-28,South,Sports,Football,10,3553.41,0,35534.1,24662.19,10871.91,UPI,CUST3424
ORD104032,2024-08-19,West,Sports,Dumbbells,9,1103.11,0,9927.99,6353.61,3574.38,Credit Card,CUST3081
ORD104033,2024-11-24,West,Beauty,Face Wash,6,3920.05,0,23520.3,15127.83,8392.47,Credit Card,CUST1481
ORD104034,2024-11-12,South,Sports,Cricket Bat,10,2622.42,5,24912.99,15354.41,9558.58,Credit Card,CUST3172
ORD104035,2025-10-20,West,Home & Kitchen,Air Fryer,4,2219.33,5,8433.45,5298.25,3135.2,Net Banking,CUST1405
ORD104036,2024-08-30,East,Beauty,Lipstick,5,2659.94,0,13299.7,9139.3,4160.4,Debit Card,CUST2657
ORD104037,2025-12-30,East,Sports,Dumbbells,11,1176.56,15,11000.84,7150.09,3850.75,COD,CUST1164
ORD104038,2025-10-30,West,Sports,Football,3,1288.29,20,3091.9,2844.26,247.64,Debit Card,CUST2455
ORD104039,2024-03-23,West,Sports,Yoga Mat,1,1351.93,0,1351.93,799.52,552.41,Net Banking,CUST2992
ORD104040,2025-09-27,East,Electronics,Smartwatch,3,16683.52,0,50050.56,32712.4,17338.16,Debit Card,CUST1287
ORD104041,2024-12-20,East,Sports,Cricket Bat,7,1394.43,0,9761.01,5682.98,4078.03,Net Banking,CUST2823
ORD104042,2024-11-26,Central,Home & Kitchen,Air Fryer,11,555.42,15,5193.18,3427.51,1765.67,Debit Card,CUST1900
ORD104043,2025-11-06,East,Apparel,Jacket,1,2276.78,20,1821.42,1815.37,6.05,UPI,CUST3497
ORD104044,2024-12-20,East,Sports,Yoga Mat,5,3054.54,0,15272.7,9038.1,6234.6,Net Banking,CUST1584
ORD104045,2025-01-08,Central,Apparel,Jacket,9,3847.59,0,34628.31,27447.15,7181.16,COD,CUST2519
ORD104046,2024-08-16,Central,Home & Kitchen,Air Fryer,4,2682.37,15,9120.06,6958.63,2161.43,COD,CUST2094
ORD104047,2025-12-17,South,Apparel,Kurta,7,2556.2,0,17893.4,10951.85,6941.55,Net Banking,CUST2285
ORD104048,2025-07-02,Central,Apparel,Jacket,1,2262.67,0,2262.67,1404.42,858.25,Debit Card,CUST3414
ORD104049,2024-12-16,West,Home & Kitchen,Cookware Set,8,3200.56,0,25604.48,16293.95,9310.53,Debit Card,CUST1315
ORD104050,2024-06-12,North,Sports,Yoga Mat,7,301.16,10,1897.31,1626.97,270.34,Net Banking,CUST3405
ORD104051,2024-01-13,Central,Apparel,Jeans,5,965.69,0,4828.45,2835.52,1992.93,Net Banking,CUST1601
ORD104052,2024-12-24,East,Apparel,Sneakers,10,2297.04,0,22970.4,14609.08,8361.32,UPI,CUST2910
ORD104053,2024-10-24,East,Beauty,Hair Serum,4,1447.61,5,5500.92,4304.49,1196.43,Debit Card,CUST1425
ORD104054,2025-06-20,South,Beauty,Lipstick,9,1186.77,5,10146.88,8177.86,1969.02,Net Banking,CUST3130
ORD104055,2024-11-25,East,Sports,Cricket Bat,3,2610.59,0,7831.77,5766.57,2065.2,Credit Card,CUST2117
ORD104056,2025-01-16,North,Beauty,Hair Serum,4,3497.41,0,13989.64,10401.37,3588.27,Credit Card,CUST1819
ORD104057,2024-08-01,West,Apparel,Jacket,3,2274.8,5,6483.18,5194.34,1288.84,COD,CUST3248
ORD104058,2024-01-22,Central,Sports,Dumbbells,3,3012.47,0,9037.41,6849.35,2188.06,Debit Card,CUST2602
ORD104059,2024-01-07,East,Beauty,Perfume,9,3665.89,0,32993.01,23405.68,9587.33,Credit Card,CUST1488
ORD104060,2024-03-27,Central,Beauty,Hair Serum,7,2194.94,10,13828.12,8812.83,5015.29,Credit Card,CUST3268
ORD104061,2024-06-05,West,Beauty,Hair Serum,5,3894.58,15,16551.96,14279.85,2272.11,Net Banking,CUST2503
ORD104062,2024-09-26,South,Electronics,Laptop,5,54072.62,0,270363.1,198230.0,72133.1,Credit Card,CUST1389
ORD104063,2025-05-11,North,Home & Kitchen,Mixer Grinder,4,2947.98,5,11202.32,6897.2,4305.12,Credit Card,CUST3408
ORD104064,2024-08-02,Central,Home & Kitchen,Mixer Grinder,1,427.63,0,427.63,251.21,176.42,Debit Card,CUST1787
ORD104065,2024-04-20,North,Home & Kitchen,Cookware Set,9,591.97,15,4528.57,3728.66,799.91,COD,CUST1970
ORD104066,2025-09-21,Central,Apparel,T-Shirt,2,1533.17,0,3066.34,1891.6,1174.74,Credit Card,CUST2003
ORD104067,2024-01-04,East,Electronics,Smartphone,10,28633.93,0,286339.3,207687.55,78651.75,Debit Card,CUST1157
ORD104068,2025-07-30,West,Home & Kitchen,Air Fryer,5,3855.83,0,19279.15,12374.61,6904.54,UPI,CUST1977
ORD104069,2024-11-30,Central,Apparel,Jeans,9,1667.07,5,14253.45,8969.69,5283.76,Debit Card,CUST2055
ORD104070,2025-06-15,Central,Sports,Dumbbells,5,1541.97,0,7709.85,5218.27,2491.58,Net Banking,CUST3392
ORD104071,2024-03-22,North,Apparel,Jeans,1,2922.94,10,2630.65,2167.53,463.12,Debit Card,CUST1272
ORD104072,2025-10-30,South,Sports,Dumbbells,5,1101.2,0,5506.0,4197.52,1308.48,UPI,CUST3187
ORD104073,2024-11-01,Central,Beauty,Perfume,4,245.61,0,982.44,699.65,282.79,Debit Card,CUST3380
ORD104074,2024-03-23,North,Electronics,Laptop,5,19235.85,0,96179.25,53403.17,42776.08,Debit Card,CUST2743
ORD104075,2025-07-30,West,Sports,Dumbbells,5,2303.49,10,10365.7,9032.75,1332.95,Credit Card,CUST3297
ORD104076,2025-10-22,West,Electronics,Laptop,8,44503.59,0,356028.72,255428.19,100600.53,UPI,CUST2269
ORD104077,2025-09-02,Central,Apparel,Sneakers,2,3814.75,10,6866.55,5518.44,1348.11,UPI,CUST3482
ORD104078,2024-01-30,East,Apparel,Jeans,10,841.24,20,6729.92,5284.38,1445.54,Credit Card,CUST2719
ORD104079,2024-09-09,East,Electronics,Laptop,1,349.23,15,296.85,214.98,81.87,COD,CUST3046
ORD104080,2025-02-22,West,Sports,Football,11,1556.48,0,17121.28,12969.68,4151.6,UPI,CUST2971
ORD104081,2025-11-11,North,Apparel,T-Shirt,9,3550.26,0,31952.34,18338.5,13613.84,COD,CUST1342
ORD104082,2024-11-27,South,Beauty,Hair Serum,8,3472.58,0,27780.64,22064.87,5715.77,COD,CUST2700
ORD104083,2024-09-20,North,Sports,Football,2,2371.34,0,4742.68,3322.78,1419.9,Debit Card,CUST1086
ORD104084,2024-10-19,West,Home & Kitchen,Cookware Set,10,2037.64,10,18338.76,14921.68,3417.08,COD,CUST3208
ORD104085,2025-01-20,East,Sports,Dumbbells,5,300.37,5,1426.76,1132.94,293.82,Credit Card,CUST3082
ORD104086,2024-08-11,West,Beauty,Hair Serum,9,613.4,20,4416.48,4204.55,211.93,Debit Card,CUST1322
ORD104087,2025-05-02,South,Apparel,Jacket,10,3151.43,0,31514.3,20260.4,11253.9,Credit Card,CUST2365
ORD104088,2024-08-27,South,Sports,Football,2,1230.99,0,2461.98,1552.19,909.79,COD,CUST2434
ORD104089,2025-09-14,East,Apparel,Jeans,1,3029.81,0,3029.81,1987.87,1041.94,Net Banking,CUST2311
ORD104090,2025-10-25,South,Beauty,Lipstick,3,835.79,0,2507.37,1591.75,915.62,Net Banking,CUST1208
ORD104091,2024-05-06,Central,Apparel,Sneakers,5,3473.73,0,17368.65,9636.17,7732.48,COD,CUST2869
ORD104092,2024-10-01,South,Electronics,Tablet,7,26165.22,10,164840.89,136406.36,28434.53,Credit Card,CUST3471
ORD104093,2025-10-17,West,Beauty,Face Wash,1,425.09,25,318.82,334.78,-15.96,Debit Card,CUST2639
ORD104094,2024-10-26,West,Home & Kitchen,Air Fryer,11,217.58,10,2154.04,1704.38,449.66,Credit Card,CUST1935
ORD104095,2024-11-27,West,Beauty,Hair Serum,3,2473.2,0,7419.6,5210.86,2208.74,COD,CUST1177
ORD104096,2024-09-15,East,Electronics,Smartwatch,8,58579.21,15,398338.63,369801.14,28537.49,Net Banking,CUST1265
ORD104097,2024-03-15,East,Apparel,Jacket,7,1526.67,5,10152.36,7379.8,2772.56,Net Banking,CUST1485
ORD104098,2025-06-23,South,Beauty,Perfume,2,3286.24,0,6572.48,4268.25,2304.23,UPI,CUST1276
ORD104099,2025-09-06,North,Sports,Yoga Mat,9,487.88,15,3732.28,3285.52,446.76,COD,CUST3498
ORD104100,2025-04-15,South,Home & Kitchen,Mixer Grinder,4,328.88,0,1315.52,880.41,435.11,Credit Card,CUST3375
ORD104101,2025-11-13,Central,Apparel,T-Shirt,9,3070.95,10,24874.7,17254.27,7620.43,Debit Card,CUST2325
ORD104102,2024-06-01,North,Electronics,Headphones,9,40520.3,0,364682.7,257818.98,106863.72,Debit Card,CUST1073
ORD104103,2024-10-11,South,Home & Kitchen,Bedsheet Set,6,2398.09,10,12949.69,10215.99,2733.7,Net Banking,CUST1968
ORD104104,2025-10-27,East,Apparel,Sneakers,9,759.49,20,5468.33,4169.38,1298.95,UPI,CUST1645
ORD104105,2024-02-01,East,Apparel,Sneakers,10,3676.42,0,36764.2,29066.38,7697.82,UPI,CUST1636
ORD104106,2024-08-17,South,Sports,Cricket Bat,5,3411.97,0,17059.85,13425.15,3634.7,Credit Card,CUST3314
ORD104107,2024-01-02,Central,Sports,Cricket Bat,6,2731.96,10,14752.58,9912.05,4840.53,UPI,CUST1013
ORD104108,2025-06-02,West,Home & Kitchen,Bedsheet Set,8,188.2,25,1129.2,1110.97,18.23,UPI,CUST2923
ORD104109,2024-03-31,South,Apparel,T-Shirt,10,1531.54,10,13783.86,9497.68,4286.18,Debit Card,CUST1992
ORD104110,2025-07-14,North,Electronics,Smartphone,9,32216.75,10,260955.68,175239.28,85716.4,Net Banking,CUST1062
ORD104111,2025-02-07,North,Apparel,Kurta,1,3580.03,0,3580.03,2386.32,1193.71,COD,CUST2292
ORD104112,2024-12-09,South,Sports,Dumbbells,8,3305.89,10,23802.41,14631.45,9170.96,UPI,CUST2480
ORD104113,2024-06-02,South,Sports,Yoga Mat,8,796.66,10,5735.95,3689.59,2046.36,Credit Card,CUST2007
ORD104114,2024-07-16,East,Home & Kitchen,Cookware Set,4,1245.74,5,4733.81,2989.06,1744.75,Debit Card,CUST1663
ORD104115,2024-05-10,Central,Electronics,Tablet,2,20920.69,15,35565.17,23576.43,11988.74,Credit Card,CUST2406
ORD104116,2025-05-26,South,Beauty,Perfume,11,2464.34,0,27107.74,20735.81,6371.93,Credit Card,CUST2215
ORD104117,2025-09-28,South,Beauty,Perfume,8,2012.6,5,15295.76,11773.17,3522.59,UPI,CUST3449
ORD104118,2024-02-16,Central,Sports,Dumbbells,9,3406.04,0,30654.36,22853.18,7801.18,Net Banking,CUST3134
ORD104119,2025-05-29,West,Beauty,Perfume,5,1881.48,5,8937.03,6455.3,2481.73,UPI,CUST1340
ORD104120,2025-04-05,South,Electronics,Laptop,8,46155.18,5,350779.37,249777.14,101002.23,Debit Card,CUST3052
ORD104121,2025-10-09,West,Electronics,Smartphone,4,42511.66,0,170046.64,129174.25,40872.39,UPI,CUST3402
ORD104122,2024-02-02,West,Electronics,Headphones,6,3171.59,0,19029.54,13883.91,5145.63,Debit Card,CUST2766
ORD104123,2024-02-13,Central,Beauty,Hair Serum,6,1034.81,0,6208.86,3457.15,2751.71,Debit Card,CUST1085
ORD104124,2025-04-29,Central,Beauty,Hair Serum,6,1724.64,0,10347.84,7337.41,3010.43,Net Banking,CUST2776
ORD104125,2025-12-04,East,Sports,Football,9,2304.11,15,17626.44,12419.95,5206.49,Debit Card,CUST3385
ORD104126,2024-11-14,Central,Beauty,Perfume,1,917.12,20,733.7,559.26,174.44,COD,CUST2172
ORD104127,2025-11-23,South,Apparel,T-Shirt,7,3827.85,5,25455.2,18262.16,7193.04,Credit Card,CUST1548
ORD104128,2024-04-21,East,Sports,Dumbbells,7,2090.64,5,13902.76,10579.11,3323.65,Credit Card,CUST1875
ORD104129,2025-11-01,West,Sports,Football,4,2053.56,5,7803.53,6541.77,1261.76,COD,CUST2922
ORD104130,2025-09-20,North,Home & Kitchen,Air Fryer,6,196.64,5,1120.85,939.13,181.72,Net Banking,CUST1465
ORD104131,2024-10-07,North,Beauty,Perfume,7,2184.7,5,14528.25,9284.45,5243.8,UPI,CUST2008
ORD104132,2024-07-21,West,Beauty,Perfume,4,2298.85,10,8275.86,6296.53,1979.33,Debit Card,CUST2685
ORD104133,2024-12-16,West,Apparel,Jacket,1,618.21,0,618.21,469.22,148.99,UPI,CUST2810
ORD104134,2025-09-30,South,Apparel,T-Shirt,4,221.72,10,798.19,618.09,180.1,COD,CUST1916
ORD104135,2024-08-06,West,Home & Kitchen,Bedsheet Set,5,1804.63,5,8571.99,6963.19,1608.8,COD,CUST1303
ORD104136,2024-03-29,South,Beauty,Lipstick,5,160.51,0,802.55,470.98,331.57,COD,CUST3094
ORD104137,2025-12-16,North,Apparel,Sneakers,4,1579.9,10,5687.64,4497.63,1190.01,UPI,CUST2610
ORD104138,2025-08-26,East,Apparel,T-Shirt,2,2440.79,25,3661.18,3837.49,-176.31,Net Banking,CUST3493
ORD104139,2024-01-29,West,Electronics,Headphones,10,18761.94,5,178238.43,114173.94,64064.49,COD,CUST3336
ORD104140,2024-09-08,Central,Beauty,Face Wash,1,1752.61,10,1577.35,1347.76,229.59,Net Banking,CUST1693
ORD104141,2025-12-06,North,Home & Kitchen,Bedsheet Set,2,3998.68,15,6797.76,6347.89,449.87,COD,CUST1113
ORD104142,2025-05-25,East,Electronics,Headphones,4,49692.12,0,198768.48,119013.97,79754.51,UPI,CUST2515
ORD104143,2024-04-11,North,Home & Kitchen,Cookware Set,11,3133.21,15,29295.51,22578.47,6717.04,Credit Card,CUST1166
ORD104144,2024-05-19,East,Apparel,Kurta,5,2188.44,0,10942.2,6098.06,4844.14,Credit Card,CUST2155
ORD104145,2025-08-06,South,Electronics,Tablet,8,44603.72,20,285463.81,208691.1,76772.71,Debit Card,CUST2075
ORD104146,2024-10-16,West,Home & Kitchen,Mixer Grinder,5,2658.63,10,11963.84,9024.86,2938.98,COD,CUST2948
ORD104147,2024-12-24,East,Home & Kitchen,Bedsheet Set,6,3684.34,0,22106.04,14517.19,7588.85,Debit Card,CUST3315
ORD104148,2024-12-27,East,Home & Kitchen,Air Fryer,8,2818.56,5,21421.06,12952.43,8468.63,Credit Card,CUST1508
ORD104149,2025-10-28,West,Sports,Cricket Bat,5,2776.18,15,11798.76,10974.17,824.59,COD,CUST2283
ORD104150,2025-10-18,Central,Beauty,Face Wash,6,3138.67,0,18832.02,12699.36,6132.66,Debit Card,CUST1810
ORD104151,2024-06-25,South,Sports,Cricket Bat,8,1351.71,25,8110.26,7099.48,1010.78,COD,CUST1924
ORD104152,2025-08-19,East,Home & Kitchen,Bedsheet Set,3,280.0,5,798.0,586.8,211.2,UPI,CUST1787
ORD104153,2025-02-02,North,Apparel,Jeans,5,672.5,20,2690.0,2652.55,37.45,Debit Card,CUST3038
ORD104154,2025-09-08,West,Beauty,Lipstick,9,2098.5,5,17942.18,11514.53,6427.65,UPI,CUST2226
ORD104155,2024-12-27,East,Electronics,Smartphone,11,39241.81,0,431659.91,263654.37,168005.54,Credit Card,CUST2818
ORD104156,2024-12-21,West,Apparel,Jeans,1,3731.65,10,3358.48,2279.56,1078.92,Debit Card,CUST2562
ORD104157,2025-11-02,South,Apparel,Sneakers,1,1840.54,10,1656.49,1439.05,217.44,COD,CUST2350
ORD104158,2024-02-06,South,Sports,Dumbbells,7,3254.45,5,21642.09,12958.56,8683.53,Credit Card,CUST1944
ORD104159,2025-12-21,North,Electronics,Laptop,11,46703.95,0,513743.45,305615.02,208128.43,Net Banking,CUST1088
ORD104160,2024-11-11,South,Beauty,Face Wash,11,800.86,5,8368.99,6856.75,1512.24,COD,CUST1142
ORD104161,2024-07-25,North,Apparel,Sneakers,6,958.22,5,5461.85,3290.46,2171.39,Credit Card,CUST1028
ORD104162,2024-07-08,Central,Beauty,Lipstick,5,566.52,15,2407.71,2104.32,303.39,Net Banking,CUST2389
ORD104163,2024-06-05,Central,Beauty,Lipstick,4,457.06,0,1828.24,1175.73,652.51,Debit Card,CUST1231
ORD104164,2025-10-10,East,Sports,Dumbbells,8,383.47,5,2914.37,2200.21,714.16,Debit Card,CUST1399
ORD104165,2025-03-24,Central,Apparel,Kurta,10,3667.22,10,33004.98,26580.37,6424.61,Net Banking,CUST3096
ORD104166,2024-07-24,South,Sports,Yoga Mat,10,2688.84,25,20166.3,17624.88,2541.42,Credit Card,CUST2510
ORD104167,2025-03-04,East,Beauty,Hair Serum,3,3574.99,10,9652.47,7585.32,2067.15,Net Banking,CUST3263
ORD104168,2024-04-06,West,Sports,Dumbbells,11,2490.24,25,20544.48,21828.88,-1284.4,COD,CUST1396
ORD104169,2025-04-02,East,Electronics,Tablet,9,14915.5,25,100679.62,78370.21,22309.41,Net Banking,CUST1877
ORD104170,2025-11-09,Central,Electronics,Laptop,7,34091.82,0,238642.74,161895.26,76747.48,UPI,CUST2066
ORD104171,2024-07-11,West,Apparel,Jeans,7,1659.46,5,11035.41,8429.01,2606.4,UPI,CUST3398
ORD104172,2024-08-21,Central,Electronics,Tablet,3,24971.81,0,74915.43,45611.98,29303.45,Net Banking,CUST1619
ORD104173,2025-03-17,West,Beauty,Hair Serum,6,3006.57,15,15333.51,11611.67,3721.84,Debit Card,CUST1542
ORD104174,2025-03-20,North,Home & Kitchen,Air Fryer,10,1986.64,15,16886.44,14055.7,2830.74,UPI,CUST1882
ORD104175,2025-07-28,West,Apparel,Kurta,3,3641.74,10,9832.7,8193.33,1639.37,Credit Card,CUST2162
ORD104176,2025-09-22,West,Home & Kitchen,Mixer Grinder,9,271.77,5,2323.63,1745.84,577.79,COD,CUST1681
ORD104177,2024-10-05,West,Beauty,Perfume,11,1196.41,10,11844.46,8616.95,3227.51,COD,CUST3341
ORD104178,2025-05-09,East,Electronics,Headphones,7,25185.48,0,176298.36,121034.38,55263.98,Credit Card,CUST2171
ORD104179,2024-08-12,West,Home & Kitchen,Cookware Set,9,3381.06,5,28908.06,23182.1,5725.96,COD,CUST1570
ORD104180,2025-07-26,West,Beauty,Perfume,1,3778.97,10,3401.07,2571.39,829.68,COD,CUST1446
ORD104181,2024-09-13,South,Apparel,Jacket,2,2366.76,25,3550.14,3756.42,-206.28,Debit Card,CUST3292
ORD104182,2024-02-26,South,Apparel,Jacket,10,775.96,0,7759.6,5995.97,1763.63,Debit Card,CUST3040
ORD104183,2024-12-26,North,Home & Kitchen,Bedsheet Set,11,1953.46,20,17190.45,14966.1,2224.35,Credit Card,CUST2497
ORD104184,2024-06-05,North,Electronics,Smartphone,9,26713.72,10,216381.13,141685.37,74695.76,UPI,CUST1379
ORD104185,2025-02-04,West,Sports,Football,7,637.76,0,4464.32,3482.57,981.75,Credit Card,CUST1444
ORD104186,2024-02-21,North,Apparel,T-Shirt,11,2627.34,20,23120.59,18062.7,5057.89,COD,CUST2990
ORD104187,2025-04-03,South,Apparel,T-Shirt,2,389.95,5,740.9,445.67,295.23,Net Banking,CUST2586
ORD104188,2024-12-27,Central,Home & Kitchen,Air Fryer,9,3832.07,0,34488.63,22616.67,11871.96,Credit Card,CUST3301
ORD104189,2025-05-06,East,Electronics,Laptop,9,9880.83,0,88927.47,67123.83,21803.64,Net Banking,CUST2886
ORD104190,2024-08-12,Central,Electronics,Smartphone,5,55310.67,25,207415.01,169433.25,37981.76,Credit Card,CUST2365
ORD104191,2024-08-20,North,Electronics,Tablet,6,51749.45,10,279447.03,216688.68,62758.35,UPI,CUST3060
ORD104192,2025-05-13,West,Apparel,Sneakers,10,1355.31,0,13553.1,10200.72,3352.38,Credit Card,CUST2181
ORD104193,2024-07-03,Central,Home & Kitchen,Air Fryer,11,3605.6,10,35695.44,26754.4,8941.04,Debit Card,CUST3409
ORD104194,2024-08-11,East,Electronics,Tablet,5,55828.32,5,265184.52,209533.7,55650.82,UPI,CUST2329
ORD104195,2025-10-18,Central,Electronics,Smartwatch,2,19180.84,25,28771.26,28890.14,-118.88,Net Banking,CUST1897
ORD104196,2024-11-23,North,Apparel,Kurta,6,3823.82,15,19501.48,17023.46,2478.02,COD,CUST1648
ORD104197,2024-06-12,East,Sports,Yoga Mat,4,1829.78,5,6953.16,4527.58,2425.58,Credit Card,CUST2913
ORD104198,2024-09-02,South,Beauty,Lipstick,9,656.82,5,5615.81,3701.81,1914.0,COD,CUST1514
ORD104199,2024-08-13,Central,Beauty,Lipstick,2,815.71,10,1468.28,1272.26,196.02,Net Banking,CUST3321
ORD104200,2024-06-03,West,Home & Kitchen,Bedsheet Set,11,1580.79,10,15649.82,12623.94,3025.88,UPI,CUST2921
ORD104201,2024-10-20,South,Home & Kitchen,Air Fryer,5,3135.02,5,14891.34,11090.42,3800.92,UPI,CUST1630
ORD104202,2024-03-25,South,Beauty,Perfume,9,785.39,25,5301.38,4580.67,720.71,Credit Card,CUST2307
ORD104203,2025-11-23,Central,Electronics,Smartphone,3,17306.92,0,51920.76,41068.23,10852.53,Credit Card,CUST2825
ORD104204,2025-09-06,West,Apparel,T-Shirt,9,2032.24,5,17375.65,10982.79,6392.86,UPI,CUST1026
ORD104205,2025-04-11,East,Apparel,T-Shirt,10,1725.53,0,17255.3,11801.75,5453.55,Net Banking,CUST2671
ORD104206,2024-11-21,West,Home & Kitchen,Cookware Set,3,1014.78,0,3044.34,2267.44,776.9,COD,CUST1457
ORD104207,2025-10-01,Central,Beauty,Face Wash,5,3730.43,0,18652.15,13934.16,4717.99,Debit Card,CUST3069
ORD104208,2024-12-10,West,Home & Kitchen,Cookware Set,1,3005.77,20,2404.62,1931.74,472.88,Credit Card,CUST2439
ORD104209,2024-09-28,West,Home & Kitchen,Cookware Set,10,3205.63,5,30453.48,19056.59,11396.89,UPI,CUST1151
ORD104210,2024-01-13,North,Home & Kitchen,Mixer Grinder,11,1164.72,0,12811.92,9155.74,3656.18,Credit Card,CUST1386
ORD104211,2025-03-14,South,Home & Kitchen,Bedsheet Set,1,1853.1,15,1575.14,1302.38,272.76,COD,CUST1023
ORD104212,2025-06-21,East,Beauty,Hair Serum,10,367.2,5,3488.4,2433.81,1054.59,COD,CUST2726
ORD104213,2025-02-24,West,Apparel,Jacket,4,3150.33,0,12601.32,8285.44,4315.88,Net Banking,CUST3467
ORD104214,2025-02-28,North,Sports,Yoga Mat,7,2947.04,20,16503.42,12650.47,3852.95,UPI,CUST1528
ORD104215,2025-04-24,North,Home & Kitchen,Bedsheet Set,9,1500.76,15,11480.81,10343.89,1136.92,COD,CUST3405
ORD104216,2024-10-02,North,Home & Kitchen,Cookware Set,2,602.01,5,1143.82,770.81,373.01,UPI,CUST2454
ORD104217,2024-01-21,Central,Apparel,Kurta,8,3577.05,20,22893.12,21413.94,1479.18,COD,CUST2487
ORD104218,2025-01-28,South,Home & Kitchen,Cookware Set,7,3103.61,10,19552.74,13772.57,5780.17,COD,CUST3099
ORD104219,2024-09-25,East,Electronics,Smartphone,1,56361.72,0,56361.72,39657.78,16703.94,Net Banking,CUST3136
ORD104220,2025-11-15,East,Sports,Dumbbells,8,504.41,5,3833.52,2269.81,1563.71,Credit Card,CUST1496
ORD104221,2025-12-02,Central,Electronics,Smartwatch,5,50979.95,10,229409.78,150469.67,78940.11,UPI,CUST1029
ORD104222,2025-10-27,East,Apparel,Jeans,1,2268.04,10,2041.24,1708.51,332.73,Debit Card,CUST2598
ORD104223,2025-04-10,Central,Home & Kitchen,Bedsheet Set,11,3551.55,10,35160.34,25038.74,10121.6,Debit Card,CUST3124
ORD104224,2025-12-29,West,Sports,Yoga Mat,9,1295.8,25,8746.65,8399.17,347.48,Credit Card,CUST2773
ORD104225,2025-08-07,Central,Beauty,Lipstick,3,1890.25,0,5670.75,4332.31,1338.44,COD,CUST1429
ORD104226,2024-12-05,East,Electronics,Headphones,2,45286.66,15,76987.32,58677.7,18309.62,Credit Card,CUST2059
ORD104227,2025-06-14,West,Beauty,Face Wash,6,3672.42,10,19831.07,16180.05,3651.02,COD,CUST3187
ORD104228,2024-03-07,East,Beauty,Perfume,7,2638.19,0,18467.33,14629.31,3838.02,Debit Card,CUST2701
ORD104229,2025-08-01,East,Apparel,Sneakers,6,503.12,10,2716.85,1840.38,876.47,Net Banking,CUST2978
ORD104230,2025-02-13,Central,Electronics,Laptop,1,58489.27,10,52640.34,38493.01,14147.33,Net Banking,CUST1839
ORD104231,2024-07-07,North,Beauty,Lipstick,5,2545.94,0,12729.7,8324.02,4405.68,Debit Card,CUST3220
ORD104232,2024-11-26,South,Apparel,T-Shirt,2,1961.29,25,2941.94,2348.93,593.01,COD,CUST3181
ORD104233,2024-02-06,North,Apparel,Sneakers,11,2083.62,0,22919.82,17763.42,5156.4,COD,CUST1626
ORD104234,2025-02-12,East,Electronics,Smartphone,5,24913.74,15,105883.4,99034.06,6849.34,Debit Card,CUST2977
ORD104235,2024-09-29,North,Sports,Football,11,3670.73,20,32302.42,26013.04,6289.38,Debit Card,CUST2877
ORD104236,2025-09-01,West,Home & Kitchen,Mixer Grinder,11,1525.52,15,14263.61,9483.61,4780.0,Debit Card,CUST1533
ORD104237,2025-11-28,Central,Apparel,Kurta,5,560.76,20,2243.04,2169.67,73.37,Net Banking,CUST3424
ORD104238,2024-12-06,West,Electronics,Laptop,1,37193.58,0,37193.58,23996.01,13197.57,Debit Card,CUST1020
ORD104239,2025-11-21,Central,Home & Kitchen,Cookware Set,2,1432.2,10,2577.96,2133.54,444.42,UPI,CUST2808
ORD104240,2025-03-13,North,Electronics,Smartwatch,8,36402.93,0,291223.44,224527.63,66695.81,Net Banking,CUST2065
ORD104241,2024-06-24,North,Apparel,Sneakers,5,2033.81,15,8643.69,7771.41,872.28,Credit Card,CUST3199
ORD104242,2024-07-07,South,Apparel,Jacket,4,1101.21,20,3523.87,3412.64,111.23,Net Banking,CUST1046
ORD104243,2024-02-26,South,Home & Kitchen,Bedsheet Set,11,3878.38,0,42662.18,25500.64,17161.54,COD,CUST3217
ORD104244,2024-05-25,East,Apparel,Jeans,7,2484.89,10,15654.81,10135.88,5518.93,Credit Card,CUST3389
ORD104245,2024-02-17,Central,Home & Kitchen,Air Fryer,3,2053.9,5,5853.62,4760.42,1093.2,Debit Card,CUST2817
ORD104246,2024-05-17,South,Electronics,Smartphone,3,8962.24,0,26886.72,16711.44,10175.28,Credit Card,CUST1058
ORD104247,2025-01-23,North,Electronics,Laptop,5,7866.9,0,39334.5,28873.55,10460.95,Net Banking,CUST1595
ORD104248,2025-03-11,West,Apparel,T-Shirt,2,2177.13,15,3701.12,2483.23,1217.89,Net Banking,CUST1773
ORD104249,2024-06-20,Central,Electronics,Tablet,2,26910.73,10,48439.31,40817.17,7622.14,COD,CUST1830
ORD104250,2024-07-14,West,Sports,Cricket Bat,3,2133.83,0,6401.49,5024.59,1376.9,Debit Card,CUST1584
ORD104251,2024-11-23,East,Home & Kitchen,Mixer Grinder,5,2360.37,10,10621.66,8491.22,2130.44,Credit Card,CUST1831
ORD104252,2024-10-20,West,Home & Kitchen,Cookware Set,7,2073.72,0,14516.04,9913.52,4602.52,UPI,CUST2405
ORD104253,2025-05-18,North,Sports,Dumbbells,8,2412.68,0,19301.44,15294.59,4006.85,Debit Card,CUST1731
ORD104254,2025-03-29,South,Electronics,Smartphone,10,42215.54,10,379939.86,265013.52,114926.34,UPI,CUST2203
ORD104255,2025-06-01,Central,Home & Kitchen,Cookware Set,7,1202.27,10,7574.3,5087.39,2486.91,Debit Card,CUST1098
ORD104256,2024-05-27,East,Apparel,Sneakers,10,1766.83,5,16784.88,13481.33,3303.55,Credit Card,CUST3051
ORD104257,2024-04-16,West,Home & Kitchen,Bedsheet Set,11,3761.26,10,37236.47,32793.71,4442.76,Credit Card,CUST1976
ORD104258,2024-04-05,South,Sports,Football,7,3280.46,0,22963.22,18164.03,4799.19,UPI,CUST2191
ORD104259,2024-09-01,West,Apparel,Kurta,5,3867.39,0,19336.95,13768.44,5568.51,Debit Card,CUST2076
ORD104260,2024-05-27,West,Electronics,Laptop,11,51997.44,10,514774.66,431253.12,83521.54,Debit Card,CUST1664
ORD104261,2025-09-19,East,Beauty,Hair Serum,10,1808.07,10,16272.63,10790.77,5481.86,Net Banking,CUST1582
ORD104262,2024-09-01,North,Apparel,T-Shirt,6,2902.16,10,15671.66,13899.5,1772.16,COD,CUST2467
ORD104263,2025-02-15,Central,Apparel,T-Shirt,6,1459.09,20,7003.63,6467.84,535.79,Net Banking,CUST3164
ORD104264,2024-12-29,East,Electronics,Headphones,2,41974.96,20,67159.94,51016.32,16143.62,COD,CUST2692
ORD104265,2024-04-16,West,Electronics,Headphones,4,7302.29,15,24827.79,17285.52,7542.27,Credit Card,CUST1957
ORD104266,2025-06-11,Central,Apparel,T-Shirt,5,2539.13,10,11426.08,9464.07,1962.01,Debit Card,CUST1401
ORD104267,2025-08-24,Central,Sports,Cricket Bat,8,651.84,0,5214.72,3120.67,2094.05,UPI,CUST1287
ORD104268,2024-03-28,Central,Beauty,Hair Serum,11,3535.18,0,38886.98,29027.46,9859.52,Debit Card,CUST1219
ORD104269,2025-04-03,Central,Home & Kitchen,Mixer Grinder,7,1907.35,0,13351.45,8255.41,5096.04,Credit Card,CUST3134
ORD104270,2025-06-28,East,Home & Kitchen,Cookware Set,3,958.91,0,2876.73,1719.25,1157.48,Debit Card,CUST1352
ORD104271,2024-01-05,North,Beauty,Lipstick,4,2434.71,15,8278.01,6373.43,1904.58,Credit Card,CUST1494
ORD104272,2025-01-22,South,Electronics,Headphones,9,59648.94,5,509998.44,380478.54,129519.9,Net Banking,CUST1806
ORD104273,2024-12-07,East,Beauty,Perfume,9,1342.19,15,10267.75,8621.44,1646.31,Net Banking,CUST1243
ORD104274,2024-08-08,Central,Beauty,Face Wash,5,1500.26,5,7126.24,5519.22,1607.02,Net Banking,CUST2144
ORD104275,2025-09-02,East,Electronics,Smartwatch,10,52398.69,5,497787.56,359677.19,138110.37,Net Banking,CUST2227
ORD104276,2024-12-22,North,Beauty,Face Wash,6,2948.72,0,17692.32,10246.09,7446.23,Net Banking,CUST2333
ORD104277,2025-10-22,North,Home & Kitchen,Cookware Set,5,297.64,0,1488.2,849.52,638.68,UPI,CUST3042
ORD104278,2024-07-23,East,Sports,Cricket Bat,8,2472.77,10,17803.94,12734.32,5069.62,Credit Card,CUST1420
ORD104279,2024-03-01,East,Electronics,Headphones,3,20260.62,10,54703.67,40628.21,14075.46,Net Banking,CUST1110
ORD104280,2025-05-05,Central,Electronics,Laptop,2,5604.11,15,9526.99,7742.74,1784.25,UPI,CUST2741
ORD104281,2024-04-29,South,Sports,Cricket Bat,10,2765.37,0,27653.7,15936.88,11716.82,Credit Card,CUST2593
ORD104282,2025-02-15,Central,Home & Kitchen,Air Fryer,6,2035.68,0,12214.08,8267.26,3946.82,Debit Card,CUST2088
ORD104283,2025-09-09,Central,Electronics,Tablet,8,49149.31,10,353875.03,276202.09,77672.94,Debit Card,CUST2067
ORD104284,2024-03-30,North,Home & Kitchen,Air Fryer,5,1409.89,25,5287.09,4012.0,1275.09,COD,CUST2100
ORD104285,2024-07-27,West,Electronics,Headphones,9,1181.1,0,10629.9,6531.57,4098.33,Credit Card,CUST2163
ORD104286,2024-10-01,North,Home & Kitchen,Air Fryer,2,3131.29,0,6262.58,4235.11,2027.47,UPI,CUST2346
ORD104287,2025-03-08,Central,Electronics,Smartphone,10,27694.4,0,276944.0,195891.85,81052.15,Credit Card,CUST1707
ORD104288,2024-05-26,North,Electronics,Smartwatch,8,56445.44,0,451563.52,259084.88,192478.64,COD,CUST3013
ORD104289,2024-07-09,Central,Home & Kitchen,Bedsheet Set,3,2429.28,0,7287.84,4425.41,2862.43,Credit Card,CUST2760
ORD104290,2025-12-28,Central,Home & Kitchen,Cookware Set,11,832.36,10,8240.36,6177.34,2063.02,Debit Card,CUST1595
ORD104291,2024-08-11,East,Apparel,T-Shirt,11,1687.21,10,16703.38,10829.74,5873.64,UPI,CUST2164
ORD104292,2025-09-09,North,Apparel,Kurta,1,2816.29,0,2816.29,1916.35,899.94,Credit Card,CUST3454
ORD104293,2024-02-20,South,Beauty,Perfume,1,2912.56,10,2621.3,1972.0,649.3,UPI,CUST1900
ORD104294,2024-11-13,West,Sports,Yoga Mat,1,1967.91,5,1869.51,1502.84,366.67,Credit Card,CUST2362
ORD104295,2025-12-04,Central,Sports,Dumbbells,3,955.28,0,2865.84,1659.61,1206.23,UPI,CUST2652
ORD104296,2024-07-26,North,Beauty,Perfume,5,1101.29,10,4955.8,3133.24,1822.56,COD,CUST1340
ORD104297,2025-07-29,West,Apparel,Kurta,6,3052.23,20,14650.7,10857.59,3793.11,UPI,CUST2986
ORD104298,2024-12-12,East,Sports,Dumbbells,2,2988.89,10,5380.0,4030.24,1349.76,UPI,CUST1244
ORD104299,2025-11-08,Central,Beauty,Hair Serum,8,2036.37,5,15476.41,10097.67,5378.74,Net Banking,CUST2370
ORD104300,2024-02-18,Central,Home & Kitchen,Cookware Set,4,1630.58,0,6522.32,4982.91,1539.41,Credit Card,CUST1894
ORD104301,2024-08-29,Central,Beauty,Lipstick,8,2813.06,15,19128.81,16227.65,2901.16,COD,CUST1313
ORD104302,2025-05-27,West,Electronics,Smartphone,11,47287.04,20,416125.95,383334.23,32791.72,Debit Card,CUST2789
ORD104303,2024-12-08,South,Apparel,Jacket,10,3730.24,5,35437.28,29110.93,6326.35,Debit Card,CUST3463
ORD104304,2024-09-23,North,Apparel,Kurta,5,3988.11,15,16949.47,12874.49,4074.98,UPI,CUST2885
ORD104305,2025-12-22,South,Apparel,T-Shirt,7,904.67,0,6332.69,3834.46,2498.23,UPI,CUST3390
ORD104306,2025-12-15,West,Electronics,Smartphone,6,34280.56,0,205683.36,154067.83,51615.53,UPI,CUST1923
ORD104307,2024-10-18,North,Apparel,Jacket,6,2122.76,0,12736.56,9854.7,2881.86,Debit Card,CUST2315
ORD104308,2024-08-23,North,Electronics,Laptop,7,42446.05,15,252554.0,189138.75,63415.25,Credit Card,CUST2313
ORD104309,2025-01-11,East,Beauty,Face Wash,7,678.87,5,4514.49,2798.9,1715.59,UPI,CUST1789
ORD104310,2024-12-08,South,Beauty,Perfume,4,2994.11,0,11976.44,8248.01,3728.43,Credit Card,CUST2383
ORD104311,2025-05-17,West,Home & Kitchen,Air Fryer,7,3496.42,10,22027.45,14066.62,7960.83,COD,CUST2409
ORD104312,2024-11-14,West,Sports,Dumbbells,5,750.79,0,3753.95,2901.7,852.25,UPI,CUST1822
ORD104313,2024-05-07,West,Apparel,Jeans,4,3421.66,15,11633.64,10904.11,729.53,Net Banking,CUST1190
ORD104314,2025-10-18,West,Apparel,Jeans,5,3814.57,0,19072.85,13004.72,6068.13,COD,CUST2723
ORD104315,2025-12-22,North,Home & Kitchen,Bedsheet Set,1,3391.55,20,2713.24,2320.99,392.25,Net Banking,CUST2002
ORD104316,2024-10-04,West,Electronics,Smartwatch,2,37580.65,25,56370.98,57008.89,-637.91,UPI,CUST2060
ORD104317,2024-01-27,West,Electronics,Smartphone,8,30038.49,15,204261.73,151027.67,53234.06,Debit Card,CUST3019
ORD104318,2024-03-14,West,Home & Kitchen,Cookware Set,11,2875.69,0,31632.59,18208.89,13423.7,Credit Card,CUST3109
ORD104319,2025-01-22,East,Home & Kitchen,Cookware Set,6,1778.62,10,9604.55,7026.58,2577.97,Net Banking,CUST2573
ORD104320,2025-11-19,North,Apparel,Sneakers,1,931.44,0,931.44,674.46,256.98,COD,CUST1582
ORD104321,2024-09-11,Central,Sports,Cricket Bat,8,2730.68,10,19660.9,14457.6,5203.3,COD,CUST1698
ORD104322,2025-02-17,South,Home & Kitchen,Air Fryer,11,3142.77,5,32841.95,26428.84,6413.11,COD,CUST1935
ORD104323,2024-04-13,West,Apparel,Jacket,3,1325.0,15,3378.75,2632.47,746.28,COD,CUST2178
ORD104324,2024-12-24,West,Home & Kitchen,Cookware Set,11,1970.74,5,20594.23,15464.42,5129.81,UPI,CUST1212
ORD104325,2024-06-05,North,Beauty,Perfume,1,1957.58,10,1761.82,1084.88,676.94,UPI,CUST2660
ORD104326,2024-11-07,South,Beauty,Hair Serum,9,729.81,20,5254.63,4632.23,622.4,Debit Card,CUST2888
ORD104327,2024-11-06,North,Sports,Yoga Mat,6,2192.79,0,13156.74,9321.35,3835.39,Net Banking,CUST2551
ORD104328,2025-02-03,North,Home & Kitchen,Air Fryer,6,3320.87,0,19925.22,13284.78,6640.44,Net Banking,CUST1841
ORD104329,2025-01-07,West,Sports,Dumbbells,9,3891.59,15,29770.66,24747.32,5023.34,Credit Card,CUST1565
ORD104330,2024-03-19,North,Electronics,Tablet,11,50994.81,0,560942.91,366483.95,194458.96,UPI,CUST2917
ORD104331,2024-05-27,South,Home & Kitchen,Air Fryer,2,857.03,0,1714.06,1288.29,425.77,Debit Card,CUST1192
ORD104332,2025-12-23,West,Sports,Yoga Mat,10,2658.86,0,26588.6,15593.74,10994.86,Debit Card,CUST3390
ORD104333,2025-01-29,North,Electronics,Laptop,2,10303.63,0,20607.26,12895.23,7712.03,Net Banking,CUST3425
ORD104334,2025-11-06,Central,Sports,Football,7,2591.08,5,17230.68,13004.22,4226.46,Net Banking,CUST1560
ORD104335,2024-07-08,South,Electronics,Smartwatch,8,40624.89,10,292499.21,237977.8,54521.41,UPI,CUST2705
ORD104336,2024-10-05,West,Electronics,Headphones,9,41779.28,10,338412.17,300197.91,38214.26,Net Banking,CUST1856
ORD104337,2024-09-30,West,Home & Kitchen,Cookware Set,2,1070.59,0,2141.18,1643.06,498.12,Debit Card,CUST1469
ORD104338,2024-10-30,North,Sports,Dumbbells,11,2018.74,0,22206.14,17116.41,5089.73,COD,CUST1845
ORD104339,2024-06-10,South,Beauty,Perfume,10,3563.76,10,32073.84,28093.68,3980.16,Net Banking,CUST1850
ORD104340,2024-04-29,East,Electronics,Headphones,6,32905.96,25,148076.82,157663.99,-9587.17,COD,CUST2393
ORD104341,2025-02-20,East,Apparel,Kurta,1,3881.6,0,3881.6,2920.18,961.42,COD,CUST2971
ORD104342,2025-07-09,Central,Apparel,Sneakers,4,1943.19,10,6995.48,5942.38,1053.1,Credit Card,CUST3356
ORD104343,2025-06-13,Central,Electronics,Smartphone,4,40277.91,20,128889.31,102634.46,26254.85,UPI,CUST2427
ORD104344,2025-05-07,North,Apparel,Sneakers,5,1796.64,10,8084.88,6803.56,1281.32,UPI,CUST1118
ORD104345,2025-09-02,Central,Beauty,Hair Serum,10,1313.0,0,13130.0,8647.57,4482.43,Credit Card,CUST3356
ORD104346,2024-09-05,West,Electronics,Tablet,10,11385.42,5,108161.49,78431.65,29729.84,UPI,CUST2204
ORD104347,2024-01-21,South,Apparel,Jeans,3,1684.61,10,4548.45,3179.74,1368.71,Net Banking,CUST1193
ORD104348,2024-08-11,East,Electronics,Smartphone,8,24599.01,0,196792.08,137045.6,59746.48,Credit Card,CUST3031
ORD104349,2025-07-06,North,Sports,Football,8,2590.45,0,20723.6,13139.43,7584.17,Net Banking,CUST1849
ORD104350,2025-07-18,South,Sports,Football,8,2648.43,0,21187.44,13210.26,7977.18,Credit Card,CUST1105
ORD104351,2025-09-28,Central,Home & Kitchen,Cookware Set,6,475.19,15,2423.47,2118.08,305.39,Credit Card,CUST3030
ORD104352,2024-11-10,Central,Electronics,Headphones,8,6570.89,15,44682.05,37106.47,7575.58,Debit Card,CUST1733
ORD104353,2025-10-22,West,Apparel,T-Shirt,4,471.91,10,1698.88,1165.24,533.64,Net Banking,CUST2411
ORD104354,2024-11-20,North,Sports,Yoga Mat,10,2881.88,15,24495.98,21107.87,3388.11,COD,CUST2572
ORD104355,2025-08-05,East,Apparel,Sneakers,6,661.62,5,3771.23,3130.6,640.63,Credit Card,CUST1607
ORD104356,2024-08-14,Central,Electronics,Tablet,11,38952.12,0,428473.32,272611.07,155862.25,UPI,CUST2516
ORD104357,2025-03-10,North,Sports,Dumbbells,5,3044.21,15,12937.89,9425.87,3512.02,COD,CUST2364
ORD104358,2025-01-07,West,Home & Kitchen,Air Fryer,10,3058.95,0,30589.5,20825.69,9763.81,Debit Card,CUST3165
ORD104359,2024-12-17,North,Apparel,T-Shirt,3,2979.8,0,8939.4,5579.74,3359.66,Debit Card,CUST2003
ORD104360,2025-10-03,South,Electronics,Headphones,3,59485.75,5,169534.39,111002.37,58532.02,UPI,CUST3398
ORD104361,2024-06-09,North,Apparel,Jeans,11,3877.48,15,36254.44,25653.63,10600.81,UPI,CUST3104
ORD104362,2025-02-03,South,Apparel,Jeans,11,2656.83,10,26302.62,16987.63,9314.99,UPI,CUST1126
ORD104363,2024-08-05,North,Home & Kitchen,Bedsheet Set,9,2897.78,10,23472.02,14384.99,9087.03,COD,CUST1259
ORD104364,2024-08-05,South,Apparel,Kurta,4,2877.52,15,9783.57,8457.07,1326.5,Credit Card,CUST3216
ORD104365,2024-08-20,East,Electronics,Laptop,5,47305.7,10,212875.65,135395.12,77480.53,Net Banking,CUST2255
ORD104366,2024-09-07,North,Beauty,Perfume,5,929.1,10,4180.95,3532.83,648.12,UPI,CUST2580
ORD104367,2025-03-28,North,Beauty,Hair Serum,5,3444.4,15,14638.7,13318.51,1320.19,UPI,CUST3269
ORD104368,2025-04-10,Central,Home & Kitchen,Mixer Grinder,8,2404.4,10,17311.68,11253.34,6058.34,UPI,CUST1783
ORD104369,2025-11-13,North,Beauty,Face Wash,4,1038.18,5,3945.08,3188.44,756.64,UPI,CUST1465
ORD104370,2024-12-30,South,Apparel,T-Shirt,8,197.71,20,1265.34,1009.77,255.57,COD,CUST1645
ORD104371,2025-01-07,South,Electronics,Smartwatch,8,45940.39,5,349146.96,268811.51,80335.45,UPI,CUST2620
ORD104372,2024-09-04,West,Home & Kitchen,Air Fryer,6,3078.75,10,16625.25,13002.86,3622.39,UPI,CUST2599
ORD104373,2024-03-16,West,Sports,Yoga Mat,3,2371.9,0,7115.7,4551.92,2563.78,COD,CUST2537
ORD104374,2024-09-02,West,Apparel,Kurta,8,3175.22,10,22861.58,14267.11,8594.47,Net Banking,CUST2208
ORD104375,2024-10-29,Central,Home & Kitchen,Air Fryer,4,1173.41,0,4693.64,3208.55,1485.09,UPI,CUST2882
ORD104376,2024-04-10,West,Electronics,Laptop,2,10291.48,15,17495.52,15830.24,1665.28,Net Banking,CUST1726
ORD104377,2024-10-17,North,Beauty,Hair Serum,4,520.02,15,1768.07,1193.99,574.08,Debit Card,CUST2100
ORD104378,2024-05-30,North,Electronics,Laptop,1,7513.8,0,7513.8,5757.14,1756.66,UPI,CUST1406
ORD104379,2024-10-13,Central,Sports,Cricket Bat,5,442.56,5,2102.16,1575.89,526.27,COD,CUST2100
ORD104380,2024-05-10,North,Beauty,Perfume,5,3114.54,5,14794.06,9263.55,5530.51,Debit Card,CUST1888
ORD104381,2024-12-19,South,Apparel,Kurta,8,1498.74,0,11989.92,7558.11,4431.81,UPI,CUST1054
ORD104382,2024-02-06,Central,Apparel,T-Shirt,4,1561.87,0,6247.48,4456.23,1791.25,Debit Card,CUST2772
ORD104383,2025-12-16,South,Sports,Cricket Bat,3,1446.79,0,4340.37,3175.07,1165.3,Debit Card,CUST2828
ORD104384,2024-07-30,East,Sports,Cricket Bat,11,940.48,10,9310.75,5862.85,3447.9,Debit Card,CUST2901
ORD104385,2024-03-24,East,Sports,Cricket Bat,4,3494.72,10,12580.99,8463.43,4117.56,Net Banking,CUST2806
ORD104386,2024-11-07,South,Home & Kitchen,Cookware Set,6,1670.88,0,10025.28,5610.82,4414.46,Credit Card,CUST1245
ORD104387,2025-01-18,South,Beauty,Hair Serum,10,3428.16,5,32567.52,22976.11,9591.41,UPI,CUST1900
ORD104388,2025-03-11,Central,Apparel,T-Shirt,1,3786.18,5,3596.87,2752.59,844.28,UPI,CUST3228
ORD104389,2025-11-24,North,Sports,Football,4,2167.42,0,8669.68,6817.75,1851.93,COD,CUST1104
ORD104390,2025-12-19,East,Sports,Cricket Bat,7,1195.82,10,7533.67,6233.01,1300.66,COD,CUST2214
ORD104391,2024-02-16,East,Apparel,Jacket,11,3700.54,5,38670.64,29616.44,9054.2,Credit Card,CUST1859
ORD104392,2025-06-07,North,Electronics,Smartphone,4,31246.55,5,118736.89,99380.92,19355.97,Credit Card,CUST1762
ORD104393,2024-02-16,East,Electronics,Smartphone,1,40075.8,5,38072.01,26792.18,11279.83,UPI,CUST2076
ORD104394,2024-08-20,North,Sports,Cricket Bat,7,3081.66,20,17257.3,13039.8,4217.5,UPI,CUST1048
ORD104395,2025-06-05,West,Beauty,Face Wash,8,2190.8,0,17526.4,10141.25,7385.15,Debit Card,CUST1210
ORD104396,2024-07-20,Central,Home & Kitchen,Mixer Grinder,1,1986.75,20,1589.4,1236.41,352.99,Credit Card,CUST1494
ORD104397,2025-02-12,East,Apparel,Jacket,2,2372.52,15,4033.28,2839.23,1194.05,COD,CUST1310
ORD104398,2025-07-15,East,Electronics,Tablet,11,15616.67,10,154605.03,108181.75,46423.28,Net Banking,CUST1007
ORD104399,2025-06-09,North,Home & Kitchen,Cookware Set,7,2616.13,5,17397.26,10093.21,7304.05,Debit Card,CUST1900
ORD104400,2024-05-10,Central,Apparel,Kurta,9,1465.54,0,13189.86,7981.08,5208.78,Debit Card,CUST2044
ORD104401,2025-12-20,West,Beauty,Lipstick,1,344.81,15,293.09,227.54,65.55,Debit Card,CUST1544
ORD104402,2024-08-25,South,Electronics,Laptop,2,11359.97,5,21583.94,14597.91,6986.03,Net Banking,CUST2934
ORD104403,2024-04-17,East,Sports,Cricket Bat,4,1914.32,10,6891.55,5041.08,1850.47,COD,CUST2867
ORD104404,2024-11-27,Central,Beauty,Face Wash,10,1730.54,5,16440.13,13702.43,2737.7,COD,CUST1042
ORD104405,2024-05-05,North,Beauty,Face Wash,9,838.22,5,7166.78,5862.92,1303.86,Debit Card,CUST2076
ORD104406,2025-07-06,East,Electronics,Smartphone,2,8700.83,0,17401.66,12204.73,5196.93,UPI,CUST2500
ORD104407,2024-03-09,East,Beauty,Lipstick,11,3620.35,0,39823.85,23453.79,16370.06,Credit Card,CUST3153
ORD104408,2025-08-08,Central,Home & Kitchen,Air Fryer,10,845.45,10,7609.05,4899.51,2709.54,UPI,CUST2239
ORD104409,2024-11-16,Central,Beauty,Hair Serum,3,2117.7,0,6353.1,4389.02,1964.08,Credit Card,CUST2545
ORD104410,2025-09-27,South,Apparel,Sneakers,1,2241.73,25,1681.3,1347.56,333.74,Net Banking,CUST2190
ORD104411,2025-07-22,East,Sports,Yoga Mat,10,2231.29,0,22312.9,14125.39,8187.51,Net Banking,CUST2935
ORD104412,2025-01-09,East,Electronics,Headphones,3,10419.6,10,28132.92,21777.83,6355.09,UPI,CUST3163
ORD104413,2025-11-25,North,Sports,Football,9,1761.48,15,13475.32,9735.64,3739.68,Debit Card,CUST2104
ORD104414,2024-08-16,North,Electronics,Smartwatch,8,1395.56,15,9489.81,7671.0,1818.81,COD,CUST1825
ORD104415,2025-08-12,West,Apparel,Jeans,8,1223.04,0,9784.32,6065.53,3718.79,Debit Card,CUST1466
ORD104416,2024-09-15,Central,Sports,Football,4,2724.12,5,10351.66,8684.64,1667.02,Net Banking,CUST3039
ORD104417,2025-02-25,Central,Electronics,Tablet,3,38894.32,0,116682.96,85091.02,31591.94,UPI,CUST3086
ORD104418,2025-10-26,North,Apparel,T-Shirt,8,2260.14,0,18081.12,12463.71,5617.41,Net Banking,CUST1609
ORD104419,2024-04-13,West,Electronics,Smartphone,4,53399.73,5,202918.97,146490.93,56428.04,Net Banking,CUST1105
ORD104420,2025-11-29,Central,Sports,Cricket Bat,5,800.14,10,3600.63,3023.88,576.75,Debit Card,CUST1746
ORD104421,2025-09-11,East,Electronics,Headphones,9,23897.57,10,193570.32,158082.72,35487.6,UPI,CUST2311
ORD104422,2024-03-06,West,Sports,Football,4,3217.43,5,12226.23,7431.33,4794.9,UPI,CUST2452
ORD104423,2025-05-16,West,Sports,Yoga Mat,10,2120.26,0,21202.6,14703.87,6498.73,UPI,CUST2646
ORD104424,2024-04-01,West,Sports,Cricket Bat,9,3177.32,0,28595.88,18290.28,10305.6,Net Banking,CUST1347
ORD104425,2024-08-24,North,Apparel,Jeans,6,2381.23,5,13573.01,9860.78,3712.23,UPI,CUST1380
ORD104426,2025-05-29,South,Beauty,Lipstick,6,852.29,5,4858.05,3253.43,1604.62,Debit Card,CUST2093
ORD104427,2024-10-15,West,Sports,Dumbbells,9,2675.87,10,21674.55,18318.85,3355.7,Net Banking,CUST3354
ORD104428,2024-02-05,South,Apparel,T-Shirt,5,2332.18,0,11660.9,6455.39,5205.51,COD,CUST2441
ORD104429,2025-03-05,Central,Apparel,Jacket,6,3391.7,0,20350.2,13652.24,6697.96,COD,CUST2234
ORD104430,2025-08-31,East,Apparel,T-Shirt,10,2229.36,0,22293.6,16535.04,5758.56,Net Banking,CUST1921
ORD104431,2024-11-10,North,Electronics,Smartwatch,4,19730.85,10,71031.06,62985.99,8045.07,COD,CUST2541
ORD104432,2025-03-26,South,Home & Kitchen,Bedsheet Set,10,3395.29,25,25464.68,24722.03,742.65,Net Banking,CUST3185
ORD104433,2025-10-13,North,Home & Kitchen,Air Fryer,3,3879.0,20,9309.6,7598.43,1711.17,UPI,CUST3097
ORD104434,2024-01-10,East,Beauty,Perfume,7,1205.08,5,8013.78,5511.06,2502.72,Net Banking,CUST1473
ORD104435,2025-09-07,East,Sports,Yoga Mat,2,1892.01,5,3594.82,2584.21,1010.61,UPI,CUST1448
ORD104436,2024-06-22,West,Electronics,Smartphone,2,14000.88,10,25201.58,20982.52,4219.06,COD,CUST2898
ORD104437,2024-09-25,East,Home & Kitchen,Bedsheet Set,11,2682.04,25,22126.83,21713.09,413.74,Net Banking,CUST1887
ORD104438,2025-05-20,South,Sports,Cricket Bat,2,3312.59,0,6625.18,4813.06,1812.12,Credit Card,CUST2512
ORD104439,2025-10-04,Central,Home & Kitchen,Cookware Set,1,2312.07,5,2196.47,1313.25,883.22,Debit Card,CUST3362
ORD104440,2025-01-08,East,Sports,Yoga Mat,5,868.72,15,3692.06,3301.04,391.02,Net Banking,CUST1231
ORD104441,2025-09-02,Central,Apparel,Sneakers,10,563.58,0,5635.8,4368.05,1267.75,Credit Card,CUST2597
ORD104442,2024-11-13,East,Home & Kitchen,Mixer Grinder,7,3494.43,5,23237.96,15453.1,7784.86,Credit Card,CUST2341
ORD104443,2024-11-28,South,Home & Kitchen,Cookware Set,8,1404.4,0,11235.2,8008.84,3226.36,UPI,CUST2096
ORD104444,2024-07-20,South,Apparel,Jacket,9,1667.63,5,14258.24,8640.82,5617.42,Debit Card,CUST1844
ORD104445,2025-12-20,North,Home & Kitchen,Air Fryer,8,850.96,0,6807.68,5357.46,1450.22,COD,CUST1631
ORD104446,2024-11-17,North,Apparel,Jeans,3,2836.61,15,7233.36,5202.4,2030.96,Credit Card,CUST2147
ORD104447,2024-10-06,West,Electronics,Tablet,9,16199.93,0,145799.37,99621.85,46177.52,Debit Card,CUST3416
ORD104448,2025-05-15,Central,Beauty,Face Wash,7,1120.86,5,7453.72,5568.75,1884.97,Credit Card,CUST2363
ORD104449,2025-02-10,South,Sports,Yoga Mat,5,1588.07,15,6749.3,4983.06,1766.24,Debit Card,CUST2931
ORD104450,2024-05-26,West,Electronics,Laptop,6,51996.85,0,311981.1,233833.14,78147.96,UPI,CUST1178
ORD104451,2025-03-07,East,Apparel,Sneakers,1,1252.89,0,1252.89,827.06,425.83,UPI,CUST2635
ORD104452,2025-11-30,North,Electronics,Smartwatch,1,38576.77,15,32790.25,29125.86,3664.39,Credit Card,CUST3352
ORD104453,2025-11-13,Central,Electronics,Tablet,6,59084.9,0,354509.4,258292.46,96216.94,COD,CUST2456
ORD104454,2025-03-01,North,Home & Kitchen,Bedsheet Set,5,1985.57,15,8438.67,7768.96,669.71,COD,CUST1775
ORD104455,2024-01-28,Central,Sports,Football,4,3268.52,15,11112.97,9678.11,1434.86,Debit Card,CUST1185
ORD104456,2024-01-05,South,Electronics,Smartphone,2,29580.68,0,59161.36,45704.84,13456.52,UPI,CUST1256
ORD104457,2025-03-28,Central,Electronics,Smartphone,8,10553.58,5,80207.21,58802.53,21404.68,Credit Card,CUST1693
ORD104458,2024-01-18,North,Home & Kitchen,Bedsheet Set,11,3616.31,5,37790.44,30405.29,7385.15,Debit Card,CUST3398
ORD104459,2024-12-16,Central,Apparel,Kurta,9,2632.1,5,22504.46,16906.71,5597.75,Credit Card,CUST1723
ORD104460,2024-09-02,East,Apparel,Sneakers,10,2617.83,0,26178.3,20733.69,5444.61,COD,CUST3280
ORD104461,2025-11-08,East,Beauty,Lipstick,6,422.61,0,2535.66,1800.28,735.38,Debit Card,CUST1110
ORD104462,2025-05-01,North,Electronics,Smartwatch,9,47734.32,0,429608.88,341761.97,87846.91,Debit Card,CUST1821
ORD104463,2025-02-02,East,Apparel,Sneakers,4,3590.05,5,13642.19,9956.39,3685.8,Debit Card,CUST2633
ORD104464,2025-08-07,North,Home & Kitchen,Cookware Set,7,2452.69,25,12876.62,9639.9,3236.72,Credit Card,CUST1872
ORD104465,2025-05-06,North,Home & Kitchen,Mixer Grinder,10,2116.51,0,21165.1,13772.71,7392.39,Debit Card,CUST1918
ORD104466,2025-12-14,North,Sports,Dumbbells,4,3436.23,5,13057.67,10700.13,2357.54,Debit Card,CUST2002
ORD104467,2025-11-23,South,Home & Kitchen,Cookware Set,7,1732.21,0,12125.47,8433.05,3692.42,COD,CUST2631
ORD104468,2025-09-23,East,Sports,Football,11,3920.17,5,40965.78,33825.19,7140.59,Credit Card,CUST2573
ORD104469,2024-10-06,West,Sports,Yoga Mat,6,3557.89,0,21347.34,14972.21,6375.13,UPI,CUST2324
ORD104470,2025-12-29,South,Apparel,Jeans,8,1835.12,10,13212.86,8395.94,4816.92,Debit Card,CUST2742
ORD104471,2024-04-06,North,Sports,Yoga Mat,7,3601.91,0,25213.37,17216.75,7996.62,UPI,CUST3301
ORD104472,2024-06-30,East,Beauty,Lipstick,4,2095.95,10,7545.42,4623.33,2922.09,Net Banking,CUST1164
ORD104473,2024-12-09,North,Beauty,Face Wash,6,992.63,0,5955.78,4556.09,1399.69,Net Banking,CUST2621
ORD104474,2025-03-11,South,Electronics,Headphones,1,8874.03,5,8430.33,6994.57,1435.76,Debit Card,CUST1899
ORD104475,2024-03-03,North,Sports,Football,7,861.96,0,6033.72,3803.23,2230.49,Net Banking,CUST3390
ORD104476,2024-08-19,South,Electronics,Headphones,5,12464.07,5,59204.33,41460.22,17744.11,COD,CUST1080
ORD104477,2025-09-06,West,Beauty,Hair Serum,1,3535.08,5,3358.33,2770.09,588.24,Credit Card,CUST2898
ORD104478,2024-08-12,North,Sports,Cricket Bat,11,2263.77,10,22411.32,17651.96,4759.36,UPI,CUST3370
ORD104479,2024-04-17,North,Beauty,Face Wash,5,729.88,5,3466.93,2504.25,962.68,UPI,CUST1927
ORD104480,2024-08-01,South,Electronics,Tablet,7,6541.1,15,38919.55,34681.26,4238.29,Net Banking,CUST2064
ORD104481,2025-12-17,Central,Beauty,Hair Serum,1,3475.69,15,2954.34,2423.79,530.55,Credit Card,CUST3166
ORD104482,2024-08-16,South,Electronics,Smartwatch,6,38424.32,25,172909.44,136134.92,36774.52,COD,CUST2238
ORD104483,2024-05-09,South,Electronics,Headphones,6,41893.21,20,201087.41,182985.48,18101.93,Credit Card,CUST2823
ORD104484,2025-09-08,East,Apparel,Jeans,5,3202.73,5,15212.97,11492.33,3720.64,Net Banking,CUST1798
ORD104485,2025-07-01,West,Home & Kitchen,Mixer Grinder,7,263.35,15,1566.93,1461.94,104.99,Debit Card,CUST1303
ORD104486,2025-10-31,West,Sports,Yoga Mat,11,2139.97,0,23539.67,13031.81,10507.86,Debit Card,CUST3478
ORD104487,2025-02-24,West,Electronics,Smartwatch,3,46969.47,10,126817.57,112302.32,14515.25,COD,CUST3172
ORD104488,2024-07-30,Central,Sports,Yoga Mat,6,2955.84,10,15961.54,10443.14,5518.4,UPI,CUST2142
ORD104489,2024-02-15,East,Sports,Dumbbells,4,2297.7,15,7812.18,5477.48,2334.7,Credit Card,CUST1233
ORD104490,2024-06-29,East,Electronics,Laptop,3,16734.13,0,50202.39,33574.24,16628.15,Debit Card,CUST1860
ORD104491,2024-07-25,West,Electronics,Tablet,4,12122.01,5,46063.64,38472.34,7591.3,UPI,CUST3430
ORD104492,2025-09-09,South,Home & Kitchen,Air Fryer,6,2120.19,10,11449.03,7436.18,4012.85,COD,CUST1236
ORD104493,2025-08-04,West,Sports,Yoga Mat,6,1232.1,20,5914.08,5847.16,66.92,Credit Card,CUST2720
ORD104494,2024-08-10,East,Apparel,Jeans,3,991.49,5,2825.75,2374.81,450.94,Debit Card,CUST3005
ORD104495,2025-03-05,North,Electronics,Smartphone,11,56003.06,25,462025.24,404800.51,57224.73,Net Banking,CUST3089
ORD104496,2025-12-15,Central,Beauty,Face Wash,6,525.87,10,2839.7,1877.94,961.76,Credit Card,CUST3418
ORD104497,2025-11-29,Central,Sports,Dumbbells,5,1408.01,10,6336.04,4571.75,1764.29,Debit Card,CUST2768
ORD104498,2024-08-08,East,Electronics,Headphones,3,53762.93,0,161288.79,104000.67,57288.12,Debit Card,CUST3440
ORD104499,2024-01-23,West,Apparel,T-Shirt,3,641.31,15,1635.34,1504.47,130.87,Net Banking,CUST1432
ORD104500,2025-04-17,West,Sports,Yoga Mat,6,2108.4,0,12650.4,7915.73,4734.67,Debit Card,CUST1357
ORD104501,2025-07-21,Central,Sports,Football,3,3679.61,0,11038.83,7536.37,3502.46,Debit Card,CUST2417
ORD104502,2025-03-30,Central,Beauty,Lipstick,4,2828.62,0,11314.48,6842.53,4471.95,Debit Card,CUST2652
ORD104503,2025-01-26,North,Sports,Football,8,694.05,0,5552.4,3114.28,2438.12,Debit Card,CUST1178
ORD104504,2025-03-25,Central,Home & Kitchen,Cookware Set,10,263.06,15,2236.01,1703.65,532.36,Net Banking,CUST2750
ORD104505,2025-06-21,Central,Sports,Football,2,494.79,0,989.58,599.21,390.37,UPI,CUST3041
ORD104506,2025-04-06,Central,Apparel,Jacket,8,1563.5,10,11257.2,7620.3,3636.9,Credit Card,CUST2338
ORD104507,2024-01-28,Central,Home & Kitchen,Mixer Grinder,10,2980.7,0,29807.0,20516.8,9290.2,Net Banking,CUST2835
ORD104508,2024-04-22,South,Sports,Yoga Mat,2,3087.62,15,5248.95,4663.74,585.21,UPI,CUST1464
ORD104509,2025-11-21,South,Electronics,Laptop,3,27255.13,0,81765.39,55870.72,25894.67,Net Banking,CUST1162
ORD104510,2025-09-03,West,Apparel,Sneakers,11,1342.46,0,14767.06,9456.25,5310.81,Debit Card,CUST3349
ORD104511,2024-11-03,West,Sports,Cricket Bat,5,3112.92,25,11673.45,12443.96,-770.51,Debit Card,CUST1488
ORD104512,2024-07-18,West,Electronics,Tablet,4,25677.44,5,97574.27,59676.49,37897.78,UPI,CUST2860
ORD104513,2025-03-17,West,Beauty,Face Wash,3,415.31,5,1183.63,871.23,312.4,COD,CUST2513
ORD104514,2025-11-16,South,Electronics,Smartwatch,9,44102.01,15,337380.38,248236.73,89143.65,UPI,CUST2654
ORD104515,2024-12-16,Central,Home & Kitchen,Cookware Set,9,1633.94,0,14705.46,8766.25,5939.21,Debit Card,CUST1028
ORD104516,2025-04-11,Central,Apparel,Jacket,3,3335.37,15,8505.19,7177.61,1327.58,Net Banking,CUST2091
ORD104517,2024-05-10,South,Apparel,Kurta,10,2388.47,10,21496.23,14550.0,6946.23,Debit Card,CUST1563
ORD104518,2025-09-18,North,Electronics,Headphones,3,41341.18,0,124023.54,80772.94,43250.6,Net Banking,CUST1765
ORD104519,2024-07-06,South,Beauty,Face Wash,3,3340.01,0,10020.03,6259.3,3760.73,Debit Card,CUST2122
ORD104520,2024-01-21,East,Sports,Football,1,2399.76,10,2159.78,1496.5,663.28,Credit Card,CUST1216
ORD104521,2024-11-30,West,Sports,Yoga Mat,10,860.22,5,8172.09,6178.79,1993.3,Debit Card,CUST2678
ORD104522,2025-07-06,West,Home & Kitchen,Cookware Set,11,2742.2,15,25639.57,22676.04,2963.53,Net Banking,CUST1586
ORD104523,2025-04-22,West,Electronics,Tablet,2,47662.97,0,95325.94,66862.19,28463.75,Debit Card,CUST1093
ORD104524,2024-12-17,West,Beauty,Lipstick,3,1634.7,0,4904.1,2718.09,2186.01,Credit Card,CUST1954
ORD104525,2025-01-18,Central,Apparel,T-Shirt,7,2944.62,10,18551.11,14527.03,4024.08,COD,CUST2356
ORD104526,2025-07-28,South,Beauty,Face Wash,7,1208.91,0,8462.37,5411.97,3050.4,UPI,CUST3236
ORD104527,2024-12-16,Central,Sports,Dumbbells,5,1467.79,0,7338.95,5137.32,2201.63,Net Banking,CUST3434
ORD104528,2024-07-27,South,Electronics,Headphones,10,40180.04,0,401800.4,242029.73,159770.67,Net Banking,CUST2712
ORD104529,2025-05-30,South,Beauty,Perfume,10,3052.73,20,24421.84,22064.64,2357.2,Debit Card,CUST1542
ORD104530,2025-11-11,North,Home & Kitchen,Air Fryer,4,386.29,0,1545.16,902.6,642.56,Credit Card,CUST1482
ORD104531,2024-08-03,South,Apparel,Sneakers,11,815.84,0,8974.24,6060.79,2913.45,Credit Card,CUST3042
ORD104532,2024-06-23,West,Electronics,Tablet,10,12381.06,0,123810.6,69091.48,54719.12,Debit Card,CUST2920
ORD104533,2024-08-01,North,Beauty,Hair Serum,3,2096.6,0,6289.8,3836.88,2452.92,Credit Card,CUST1478
ORD104534,2025-02-02,Central,Electronics,Smartwatch,2,26189.68,10,47141.42,38169.91,8971.51,UPI,CUST2489
ORD104535,2024-12-06,South,Electronics,Smartphone,11,14088.59,0,154974.49,99968.81,55005.68,Debit Card,CUST1591
ORD104536,2025-12-11,North,Home & Kitchen,Mixer Grinder,2,1336.96,10,2406.53,1744.44,662.09,Credit Card,CUST2196
ORD104537,2025-10-23,Central,Beauty,Face Wash,1,1276.45,0,1276.45,933.83,342.62,Net Banking,CUST2247
ORD104538,2025-10-04,Central,Electronics,Headphones,6,39470.85,5,224983.84,139492.14,85491.7,Credit Card,CUST2604
ORD104539,2025-06-23,West,Home & Kitchen,Mixer Grinder,1,3043.23,25,2282.42,2001.75,280.67,COD,CUST1997
ORD104540,2025-05-11,South,Apparel,Kurta,6,2082.98,10,11248.09,7455.29,3792.8,Debit Card,CUST2109
ORD104541,2025-07-30,South,Beauty,Hair Serum,9,2650.98,5,22665.88,18789.44,3876.44,Credit Card,CUST1778
ORD104542,2025-06-17,East,Home & Kitchen,Cookware Set,6,1869.34,15,9533.63,7404.1,2129.53,Net Banking,CUST1531
ORD104543,2025-02-03,West,Electronics,Smartwatch,8,50367.11,5,382790.04,277274.56,105515.48,COD,CUST1368
ORD104544,2024-03-14,West,Sports,Dumbbells,9,3308.06,0,29772.54,23730.56,6041.98,UPI,CUST2218
ORD104545,2024-02-05,South,Electronics,Smartwatch,5,4554.37,0,22771.85,16723.0,6048.85,COD,CUST1685
ORD104546,2025-05-10,Central,Beauty,Perfume,1,1521.38,0,1521.38,1070.05,451.33,UPI,CUST2375
ORD104547,2025-04-07,Central,Home & Kitchen,Mixer Grinder,5,1724.75,0,8623.75,6818.3,1805.45,Credit Card,CUST2412
ORD104548,2025-09-02,West,Beauty,Hair Serum,9,1799.62,5,15386.75,9844.77,5541.98,Credit Card,CUST1897
ORD104549,2025-05-06,Central,Apparel,Kurta,2,3899.53,10,7019.15,6057.68,961.47,Credit Card,CUST2798
ORD104550,2025-04-15,West,Home & Kitchen,Mixer Grinder,8,2213.43,5,16822.07,12878.08,3943.99,Debit Card,CUST2663
ORD104551,2024-12-15,North,Sports,Dumbbells,4,195.25,10,702.9,491.85,211.05,UPI,CUST2905
ORD104552,2024-02-02,West,Apparel,Jeans,3,889.14,5,2534.05,1728.82,805.23,UPI,CUST2617
ORD104553,2024-05-23,East,Electronics,Laptop,5,42022.32,0,210111.6,138515.06,71596.54,Net Banking,CUST3203
ORD104554,2025-06-03,East,Apparel,Jeans,4,1675.46,0,6701.84,3899.24,2802.6,COD,CUST1372
ORD104555,2024-03-08,Central,Electronics,Smartwatch,10,3173.15,10,28558.35,18067.09,10491.26,Credit Card,CUST2951
ORD104556,2025-03-26,South,Beauty,Face Wash,4,1047.95,0,4191.8,3204.66,987.14,UPI,CUST1596
ORD104557,2025-01-21,Central,Electronics,Smartphone,3,17081.73,0,51245.19,37036.72,14208.47,UPI,CUST3147
ORD104558,2025-02-01,North,Electronics,Smartwatch,2,16393.56,0,32787.12,20584.07,12203.05,UPI,CUST1540
ORD104559,2024-08-14,Central,Beauty,Perfume,5,1200.56,0,6002.8,3744.67,2258.13,Net Banking,CUST3346
ORD104560,2025-11-03,West,Apparel,Sneakers,3,2818.39,0,8455.17,6212.17,2243.0,Debit Card,CUST2573
ORD104561,2024-05-14,West,Sports,Dumbbells,5,2968.99,0,14844.95,10861.98,3982.97,Credit Card,CUST1361
ORD104562,2025-01-08,West,Apparel,Jeans,11,2138.93,0,23528.23,13401.24,10126.99,Credit Card,CUST2529
ORD104563,2025-07-17,East,Sports,Dumbbells,5,390.25,10,1756.12,1111.58,644.54,Net Banking,CUST2926
ORD104564,2024-09-14,South,Sports,Cricket Bat,9,746.88,10,6049.73,3807.68,2242.05,Debit Card,CUST3344
ORD104565,2024-07-21,South,Home & Kitchen,Mixer Grinder,3,285.69,5,814.22,681.25,132.97,COD,CUST1891
ORD104566,2024-03-17,North,Home & Kitchen,Mixer Grinder,6,3041.99,0,18251.94,13311.51,4940.43,COD,CUST2218
ORD104567,2025-08-12,North,Home & Kitchen,Air Fryer,4,2663.5,0,10654.0,6867.05,3786.95,UPI,CUST1447
ORD104568,2024-10-19,East,Beauty,Perfume,2,2473.13,20,3957.01,3412.71,544.3,Credit Card,CUST2629
ORD104569,2025-10-25,Central,Beauty,Hair Serum,3,1580.05,10,4266.14,2986.81,1279.33,Credit Card,CUST1601
ORD104570,2025-03-13,West,Apparel,Sneakers,3,2600.01,10,7020.03,4775.54,2244.49,Debit Card,CUST3044
ORD104571,2024-02-21,North,Apparel,Jeans,3,1297.74,0,3893.22,2346.5,1546.72,Credit Card,CUST1579
ORD104572,2025-05-31,West,Apparel,T-Shirt,3,3311.88,0,9935.64,5584.25,4351.39,Debit Card,CUST1042
ORD104573,2025-05-18,North,Sports,Yoga Mat,5,763.79,10,3437.06,2511.12,925.94,UPI,CUST1748
ORD104574,2025-01-17,South,Home & Kitchen,Bedsheet Set,5,3958.68,0,19793.4,15664.29,4129.11,Debit Card,CUST1150
ORD104575,2025-03-06,West,Sports,Dumbbells,3,1786.43,0,5359.29,3011.89,2347.4,Debit Card,CUST1819
ORD104576,2024-08-26,West,Beauty,Perfume,2,3134.56,10,5642.21,4378.38,1263.83,UPI,CUST3245
ORD104577,2025-11-16,North,Sports,Yoga Mat,2,1017.27,0,2034.54,1322.45,712.09,Debit Card,CUST2788
ORD104578,2024-11-09,East,Apparel,Kurta,3,646.86,0,1940.58,1351.25,589.33,COD,CUST1168
ORD104579,2025-09-02,South,Electronics,Headphones,6,43566.5,0,261399.0,153956.85,107442.15,Debit Card,CUST2946
ORD104580,2025-09-17,West,Beauty,Face Wash,2,3750.49,0,7500.98,5996.11,1504.87,Debit Card,CUST2092
ORD104581,2024-10-23,West,Sports,Football,5,3819.37,0,19096.85,10785.48,8311.37,Credit Card,CUST1704
ORD104582,2025-05-11,North,Beauty,Hair Serum,4,3893.51,10,14016.64,10598.81,3417.83,COD,CUST3168
ORD104583,2024-08-04,West,Beauty,Perfume,2,3844.7,0,7689.4,4669.85,3019.55,Debit Card,CUST3074
ORD104584,2024-08-29,East,Apparel,T-Shirt,7,2147.51,0,15032.57,10671.52,4361.05,Credit Card,CUST2142
ORD104585,2024-05-31,North,Beauty,Perfume,9,836.45,0,7528.05,5715.83,1812.22,UPI,CUST1862
ORD104586,2024-05-11,East,Apparel,Jeans,5,2647.59,10,11914.16,9622.51,2291.65,Net Banking,CUST2991
ORD104587,2024-12-03,West,Apparel,T-Shirt,7,1512.8,0,10589.6,7540.71,3048.89,Net Banking,CUST2769
ORD104588,2025-04-30,Central,Electronics,Headphones,11,57174.25,15,534579.24,369346.75,165232.49,COD,CUST2841
ORD104589,2024-04-01,West,Electronics,Headphones,8,28444.83,10,204802.78,131229.47,73573.31,Debit Card,CUST1226
ORD104590,2024-12-28,Central,Apparel,T-Shirt,8,2247.69,10,16183.37,13820.77,2362.6,UPI,CUST1852
ORD104591,2025-09-15,South,Electronics,Tablet,10,53327.88,10,479950.92,374145.67,105805.25,Net Banking,CUST1049
ORD104592,2025-12-26,West,Sports,Football,5,906.34,15,3851.94,2839.02,1012.92,Debit Card,CUST2014
ORD104593,2025-04-19,Central,Electronics,Tablet,4,10002.25,10,36008.1,28847.69,7160.41,Debit Card,CUST1661
ORD104594,2024-11-19,West,Home & Kitchen,Cookware Set,10,919.41,5,8734.4,5441.9,3292.5,Debit Card,CUST1579
ORD104595,2025-03-09,Central,Sports,Dumbbells,5,894.23,0,4471.15,3514.62,956.53,Credit Card,CUST2149
ORD104596,2024-09-21,North,Apparel,Jeans,7,1952.96,5,12987.18,8315.19,4671.99,Net Banking,CUST1991
ORD104597,2025-03-18,South,Electronics,Tablet,8,17286.03,0,138288.24,88114.58,50173.66,Debit Card,CUST3288
ORD104598,2024-10-13,Central,Beauty,Lipstick,8,823.27,20,5268.93,4289.12,979.81,Net Banking,CUST1331
ORD104599,2024-02-11,Central,Apparel,Jacket,5,2726.65,20,10906.6,9722.03,1184.57,Net Banking,CUST1810
ORD104600,2024-10-14,North,Sports,Cricket Bat,7,3624.12,5,24100.4,14137.01,9963.39,Net Banking,CUST3077
ORD104601,2024-09-22,Central,Home & Kitchen,Bedsheet Set,7,2238.49,5,14885.96,11952.38,2933.58,Debit Card,CUST1413
ORD104602,2025-11-04,West,Beauty,Face Wash,4,1999.32,0,7997.28,5264.65,2732.63,Credit Card,CUST2695
ORD104603,2024-05-18,South,Home & Kitchen,Cookware Set,1,2023.03,15,1719.58,1385.24,334.34,Debit Card,CUST1575
ORD104604,2025-12-04,West,Beauty,Hair Serum,8,721.98,5,5487.05,3865.01,1622.04,COD,CUST1769
ORD104605,2024-12-02,South,Apparel,Kurta,1,3085.82,0,3085.82,2013.21,1072.61,Credit Card,CUST1622
ORD104606,2025-10-15,East,Sports,Football,8,379.91,10,2735.35,1912.97,822.38,COD,CUST2871
ORD104607,2024-03-19,North,Electronics,Tablet,5,20153.98,0,100769.9,69517.12,31252.78,COD,CUST3380
ORD104608,2024-10-14,West,Beauty,Hair Serum,10,976.39,0,9763.9,6668.67,3095.23,Debit Card,CUST2425
ORD104609,2025-12-10,Central,Apparel,Kurta,9,2035.42,5,17402.84,11404.62,5998.22,COD,CUST2555
ORD104610,2025-08-11,South,Sports,Football,2,2637.82,0,5275.64,3023.78,2251.86,UPI,CUST2524
ORD104611,2024-06-20,West,Home & Kitchen,Cookware Set,2,1806.27,0,3612.54,2358.11,1254.43,Credit Card,CUST2983
ORD104612,2024-11-06,Central,Sports,Dumbbells,10,3871.53,0,38715.3,21723.06,16992.24,Credit Card,CUST2985
ORD104613,2025-07-09,South,Beauty,Perfume,4,904.11,15,3073.97,2575.45,498.52,Net Banking,CUST3261
ORD104614,2024-07-18,North,Electronics,Headphones,5,58747.43,0,293737.15,216913.87,76823.28,Net Banking,CUST2364
ORD104615,2024-12-07,Central,Beauty,Hair Serum,2,3573.67,0,7147.34,5356.81,1790.53,Net Banking,CUST3458
ORD104616,2024-07-31,North,Beauty,Face Wash,11,815.01,0,8965.11,6721.91,2243.2,Credit Card,CUST1474
ORD104617,2024-02-11,Central,Apparel,Jacket,5,2911.45,0,14557.25,10157.14,4400.11,UPI,CUST3268
ORD104618,2025-09-12,East,Home & Kitchen,Air Fryer,7,2957.88,15,17599.39,12482.66,5116.73,Net Banking,CUST3027
ORD104619,2024-02-25,West,Apparel,Kurta,3,2420.29,0,7260.87,4349.61,2911.26,COD,CUST1850
ORD104620,2025-12-29,South,Sports,Football,7,3385.56,5,22513.97,13300.07,9213.9,UPI,CUST2224
ORD104621,2024-05-16,South,Home & Kitchen,Air Fryer,5,2911.11,10,13100.0,8842.6,4257.4,UPI,CUST3083
ORD104622,2024-08-02,Central,Apparel,Kurta,11,554.36,5,5793.06,4551.84,1241.22,Net Banking,CUST2849
ORD104623,2024-01-30,South,Beauty,Perfume,9,256.27,0,2306.43,1679.88,626.55,Debit Card,CUST1990
ORD104624,2024-09-29,East,Sports,Cricket Bat,6,3795.51,15,19357.1,16542.49,2814.61,COD,CUST3362
ORD104625,2025-09-05,North,Apparel,Jacket,6,249.61,0,1497.66,987.88,509.78,Net Banking,CUST3304
ORD104626,2025-09-26,East,Apparel,Kurta,8,3763.75,0,30110.0,17602.24,12507.76,COD,CUST1486
ORD104627,2024-05-15,West,Apparel,Jacket,11,2406.36,15,22499.47,15456.92,7042.55,UPI,CUST1206
ORD104628,2025-08-23,West,Sports,Yoga Mat,1,3069.88,0,3069.88,2307.32,762.56,Debit Card,CUST1453
ORD104629,2025-01-09,East,Apparel,Jeans,11,2677.64,0,29454.04,17048.19,12405.85,Debit Card,CUST3158
ORD104630,2024-09-12,North,Sports,Dumbbells,10,3248.71,10,29238.39,24258.69,4979.7,UPI,CUST1726
ORD104631,2025-06-02,Central,Sports,Cricket Bat,9,889.57,0,8006.13,5268.12,2738.01,COD,CUST1427
ORD104632,2025-03-08,North,Home & Kitchen,Air Fryer,7,1874.42,15,11152.8,10429.39,723.41,COD,CUST2066
ORD104633,2024-07-01,West,Sports,Dumbbells,9,671.16,15,5134.37,3731.81,1402.56,Debit Card,CUST2930
ORD104634,2024-07-18,Central,Home & Kitchen,Mixer Grinder,4,3628.64,20,11611.65,8317.21,3294.44,Net Banking,CUST1545
ORD104635,2025-04-30,East,Beauty,Lipstick,10,716.28,0,7162.8,4473.06,2689.74,UPI,CUST1827
ORD104636,2024-05-16,East,Electronics,Laptop,9,24366.15,10,197365.82,122234.36,75131.46,Debit Card,CUST1515
ORD104637,2025-11-18,Central,Electronics,Tablet,10,3182.16,20,25457.28,23041.6,2415.68,Credit Card,CUST2609
ORD104638,2024-04-30,Central,Electronics,Smartwatch,6,48605.9,10,262471.86,175734.66,86737.2,COD,CUST3484
ORD104639,2025-12-22,South,Apparel,T-Shirt,5,1869.99,10,8414.96,6027.62,2387.34,Debit Card,CUST2532
ORD104640,2024-11-05,East,Home & Kitchen,Cookware Set,6,216.85,10,1170.99,891.43,279.56,Credit Card,CUST1014
ORD104641,2024-11-17,South,Electronics,Headphones,10,14005.04,0,140050.4,89688.99,50361.41,COD,CUST1773
ORD104642,2025-08-13,East,Home & Kitchen,Mixer Grinder,1,2770.12,5,2631.61,1927.14,704.47,Net Banking,CUST2749
ORD104643,2024-11-09,East,Beauty,Face Wash,7,177.28,0,1240.96,728.28,512.68,Net Banking,CUST2563
ORD104644,2025-12-13,South,Apparel,T-Shirt,3,1510.33,0,4530.99,3276.16,1254.83,UPI,CUST2709
ORD104645,2024-03-27,West,Home & Kitchen,Cookware Set,7,2803.35,25,14717.59,14449.35,268.24,COD,CUST1209
ORD104646,2025-06-08,South,Sports,Cricket Bat,4,697.77,15,2372.42,1956.75,415.67,COD,CUST3354
ORD104647,2024-03-16,North,Beauty,Lipstick,6,1326.81,0,7960.86,5349.99,2610.87,Credit Card,CUST2794
ORD104648,2024-07-09,South,Sports,Dumbbells,2,3050.36,0,6100.72,4316.02,1784.7,Credit Card,CUST2282
ORD104649,2024-12-15,North,Home & Kitchen,Mixer Grinder,9,3813.69,0,34323.21,25555.17,8768.04,Net Banking,CUST2082
ORD104650,2024-05-31,West,Apparel,Sneakers,6,716.72,25,3225.24,2861.97,363.27,Debit Card,CUST1557
ORD104651,2025-04-18,Central,Sports,Cricket Bat,10,242.94,0,2429.4,1601.14,828.26,Debit Card,CUST3382
ORD104652,2025-03-08,Central,Beauty,Face Wash,3,782.78,5,2230.92,1720.23,510.69,UPI,CUST1904
ORD104653,2024-05-19,East,Beauty,Face Wash,8,3198.28,5,24306.93,17399.71,6907.22,Net Banking,CUST3254
ORD104654,2025-09-26,Central,Apparel,Jeans,7,3747.08,0,26229.56,14499.16,11730.4,Debit Card,CUST2387
ORD104655,2024-11-30,West,Sports,Dumbbells,11,1829.29,0,20122.19,14884.63,5237.56,UPI,CUST1775
ORD104656,2025-09-25,Central,Apparel,Jacket,10,3513.95,0,35139.5,25482.28,9657.22,COD,CUST3468
ORD104657,2024-12-29,East,Beauty,Face Wash,8,1522.44,25,9134.64,9692.52,-557.88,Debit Card,CUST3253
ORD104658,2024-03-20,West,Sports,Football,5,2195.21,0,10976.05,7854.17,3121.88,Debit Card,CUST1373
ORD104659,2024-04-03,East,Beauty,Lipstick,7,1421.84,15,8459.95,5706.68,2753.27,UPI,CUST2242
ORD104660,2025-06-24,East,Apparel,Sneakers,10,1560.28,5,14822.66,10767.12,4055.54,Debit Card,CUST1921
ORD104661,2025-01-07,Central,Home & Kitchen,Air Fryer,4,288.18,10,1037.45,871.52,165.93,Net Banking,CUST1583
ORD104662,2025-05-15,East,Sports,Football,7,896.42,10,5647.45,4238.55,1408.9,Net Banking,CUST1232
ORD104663,2025-07-13,South,Sports,Dumbbells,5,402.82,0,2014.1,1274.49,739.61,Debit Card,CUST1080
ORD104664,2025-07-02,Central,Apparel,Jacket,6,1455.7,0,8734.2,5147.54,3586.66,Credit Card,CUST1621
ORD104665,2024-08-04,East,Electronics,Smartwatch,4,16791.93,5,63809.33,47474.54,16334.79,Credit Card,CUST2113
ORD104666,2024-06-03,North,Apparel,T-Shirt,2,834.28,0,1668.56,1058.64,609.92,Credit Card,CUST2922
ORD104667,2025-08-16,East,Apparel,Jacket,1,1474.7,20,1179.76,868.01,311.75,UPI,CUST2026
ORD104668,2025-01-12,North,Sports,Yoga Mat,3,3564.54,25,8020.21,7836.12,184.09,UPI,CUST1684
ORD104669,2024-07-15,East,Apparel,T-Shirt,10,1340.05,0,13400.5,7549.84,5850.66,Net Banking,CUST2693
ORD104670,2024-09-09,North,Electronics,Laptop,10,34084.73,5,323804.94,263516.31,60288.63,Net Banking,CUST2012
ORD104671,2025-06-10,North,Home & Kitchen,Bedsheet Set,2,3888.04,0,7776.08,5718.87,2057.21,Debit Card,CUST1446
ORD104672,2024-04-28,Central,Apparel,Sneakers,11,2554.55,0,28100.05,17246.66,10853.39,UPI,CUST1976
ORD104673,2025-03-20,East,Electronics,Headphones,6,37060.45,10,200126.43,132085.01,68041.42,Net Banking,CUST2800
ORD104674,2024-02-09,West,Sports,Football,11,523.72,0,5760.92,4009.45,1751.47,Debit Card,CUST2849
ORD104675,2025-06-09,South,Sports,Football,6,1859.91,5,10601.49,7532.66,3068.83,COD,CUST3437
ORD104676,2024-01-26,West,Apparel,Sneakers,6,3475.96,0,20855.76,13763.57,7092.19,COD,CUST1852
ORD104677,2025-06-21,South,Home & Kitchen,Bedsheet Set,10,1795.8,5,17060.1,12960.78,4099.32,Credit Card,CUST2318
ORD104678,2024-05-01,Central,Apparel,Jacket,2,926.21,5,1759.8,1472.9,286.9,UPI,CUST1750
ORD104679,2024-02-07,South,Home & Kitchen,Air Fryer,9,1358.98,5,11619.28,9328.44,2290.84,Credit Card,CUST1148
ORD104680,2024-01-16,South,Sports,Yoga Mat,3,445.29,20,1068.7,934.11,134.59,Debit Card,CUST2374
ORD104681,2024-10-23,South,Electronics,Laptop,2,25974.73,10,46754.51,39345.26,7409.25,Credit Card,CUST3473
ORD104682,2024-09-06,Central,Apparel,Jeans,6,1943.93,25,8747.68,8983.16,-235.48,UPI,CUST1243
ORD104683,2025-01-01,Central,Electronics,Headphones,1,50314.16,5,47798.45,36958.14,10840.31,Credit Card,CUST1432
ORD104684,2024-07-01,North,Electronics,Smartwatch,7,32267.6,0,225873.2,138050.27,87822.93,Credit Card,CUST2903
ORD104685,2024-04-11,West,Sports,Yoga Mat,8,3263.88,5,24805.49,14425.05,10380.44,Net Banking,CUST2390
ORD104686,2025-09-09,South,Beauty,Perfume,5,1708.07,20,6832.28,4785.11,2047.17,Debit Card,CUST1259
ORD104687,2024-04-16,North,Beauty,Lipstick,4,1850.63,10,6662.27,4803.11,1859.16,Debit Card,CUST2407
ORD104688,2025-08-16,West,Apparel,Sneakers,9,3910.74,0,35196.66,24109.01,11087.65,Debit Card,CUST2604
ORD104689,2024-05-11,South,Electronics,Smartwatch,1,9984.63,0,9984.63,7442.94,2541.69,UPI,CUST1769
ORD104690,2024-04-03,West,Home & Kitchen,Bedsheet Set,4,307.24,15,1044.62,873.14,171.48,Net Banking,CUST1619
ORD104691,2024-08-18,Central,Home & Kitchen,Air Fryer,6,1320.21,5,7525.2,4704.91,2820.29,Net Banking,CUST2891
ORD104692,2025-11-11,West,Beauty,Perfume,10,1168.34,0,11683.4,8966.38,2717.02,UPI,CUST1384
ORD104693,2025-02-28,East,Sports,Cricket Bat,7,3261.51,5,21689.04,15606.09,6082.95,UPI,CUST2494
ORD104694,2025-12-04,Central,Sports,Cricket Bat,5,1105.16,10,4973.22,4104.48,868.74,COD,CUST1861
ORD104695,2025-03-31,North,Beauty,Perfume,2,2135.21,0,4270.42,2396.23,1874.19,COD,CUST2463
ORD104696,2024-02-27,South,Electronics,Tablet,10,27749.8,10,249748.2,189963.99,59784.21,COD,CUST2316
ORD104697,2024-06-30,South,Electronics,Smartwatch,1,34277.69,10,30849.92,19744.63,11105.29,Credit Card,CUST1989
ORD104698,2025-04-28,South,Beauty,Perfume,1,1943.27,0,1943.27,1474.24,469.03,COD,CUST1234
ORD104699,2025-08-19,Central,Apparel,Kurta,10,1893.97,5,17992.72,11708.14,6284.58,UPI,CUST2650
ORD104700,2025-02-26,South,Electronics,Headphones,6,51855.99,5,295579.14,243823.3,51755.84,UPI,CUST1845
ORD104701,2024-04-20,Central,Apparel,Kurta,7,2023.9,0,14167.3,9036.83,5130.47,Debit Card,CUST3090
ORD104702,2025-06-22,South,Apparel,Sneakers,8,2379.44,0,19035.52,10847.67,8187.85,Credit Card,CUST1453
ORD104703,2025-11-17,Central,Beauty,Lipstick,4,1511.43,0,6045.72,4146.02,1899.7,Credit Card,CUST1239
ORD104704,2025-01-20,Central,Home & Kitchen,Cookware Set,1,1378.94,5,1309.99,776.47,533.52,Debit Card,CUST3436
ORD104705,2025-10-01,South,Apparel,Jeans,5,1506.75,15,6403.69,4789.33,1614.36,Net Banking,CUST1135
ORD104706,2025-06-08,Central,Home & Kitchen,Cookware Set,4,2848.49,0,11393.96,8140.24,3253.72,Debit Card,CUST1368
ORD104707,2025-08-13,Central,Apparel,Jacket,10,3587.08,0,35870.8,21900.42,13970.38,Net Banking,CUST1819
ORD104708,2025-01-11,North,Home & Kitchen,Bedsheet Set,1,155.57,5,147.79,118.93,28.86,COD,CUST3372
ORD104709,2025-01-22,South,Beauty,Hair Serum,10,3668.9,20,29351.2,24937.16,4414.04,UPI,CUST2943
ORD104710,2025-11-26,South,Beauty,Lipstick,9,3288.6,0,29597.4,19884.68,9712.72,Credit Card,CUST3148
ORD104711,2025-06-29,East,Sports,Dumbbells,9,670.68,0,6036.12,4782.23,1253.89,Net Banking,CUST3219
ORD104712,2025-03-17,Central,Sports,Football,11,475.44,15,4445.36,3795.58,649.78,Credit Card,CUST3343
ORD104713,2024-12-06,Central,Apparel,Sneakers,4,1527.22,0,6108.88,3784.34,2324.54,Debit Card,CUST3034
ORD104714,2024-05-10,South,Beauty,Face Wash,1,1031.41,0,1031.41,619.26,412.15,Debit Card,CUST3166
ORD104715,2025-11-03,North,Apparel,Sneakers,7,753.75,0,5276.25,4032.01,1244.24,UPI,CUST1720
ORD104716,2025-01-18,South,Electronics,Headphones,10,38019.78,0,380197.8,264577.8,115620.0,Debit Card,CUST1924
ORD104717,2025-05-18,North,Beauty,Hair Serum,8,3646.7,10,26256.24,17808.35,8447.89,UPI,CUST2321
ORD104718,2025-11-27,South,Beauty,Lipstick,10,2847.23,10,25625.07,15800.58,9824.49,Debit Card,CUST2385
ORD104719,2024-03-06,South,Sports,Yoga Mat,4,3586.45,15,12193.93,11462.87,731.06,UPI,CUST1600
ORD104720,2024-01-06,South,Electronics,Smartphone,11,3963.37,10,39237.36,34329.26,4908.1,Net Banking,CUST3231
ORD104721,2024-03-27,Central,Beauty,Face Wash,5,3269.23,5,15528.84,11856.05,3672.79,UPI,CUST3342
ORD104722,2024-09-16,North,Apparel,T-Shirt,10,1233.44,20,9867.52,9450.23,417.29,Net Banking,CUST1460
ORD104723,2024-02-25,Central,Sports,Football,7,2610.2,0,18271.4,13249.61,5021.79,COD,CUST2406
ORD104724,2024-05-28,East,Sports,Football,9,3401.48,5,29082.65,23182.56,5900.09,UPI,CUST1921
ORD104725,2024-01-30,South,Home & Kitchen,Air Fryer,10,1863.82,0,18638.2,14262.25,4375.95,UPI,CUST2251
ORD104726,2024-08-08,North,Sports,Football,10,2275.07,0,22750.7,18083.61,4667.09,Credit Card,CUST2929
ORD104727,2024-05-03,East,Apparel,T-Shirt,4,1844.32,20,5901.82,5695.63,206.19,Net Banking,CUST3142
ORD104728,2025-04-21,North,Apparel,Sneakers,1,1615.78,10,1454.2,1282.45,171.75,Debit Card,CUST2076
ORD104729,2024-05-05,North,Sports,Dumbbells,11,3030.19,15,28332.28,26069.66,2262.62,COD,CUST1633
ORD104730,2024-08-24,South,Electronics,Headphones,11,15710.48,5,164174.52,108185.11,55989.41,UPI,CUST2065
ORD104731,2025-01-31,North,Sports,Cricket Bat,1,3456.02,10,3110.42,2231.85,878.57,UPI,CUST2197
ORD104732,2025-01-06,Central,Sports,Yoga Mat,7,434.45,0,3041.15,2320.11,721.04,Net Banking,CUST1027
ORD104733,2024-04-26,East,Electronics,Smartphone,1,39844.37,5,37852.15,25248.81,12603.34,UPI,CUST1196
ORD104734,2025-06-08,Central,Beauty,Lipstick,5,3280.47,0,16402.35,11084.95,5317.4,UPI,CUST2181
ORD104735,2024-06-08,South,Electronics,Tablet,8,19783.72,10,142442.78,123579.96,18862.82,Credit Card,CUST2783
ORD104736,2025-10-12,West,Sports,Football,2,907.24,0,1814.48,1248.74,565.74,Credit Card,CUST2362
ORD104737,2025-07-09,West,Apparel,Kurta,4,2085.48,0,8341.92,5049.4,3292.52,Credit Card,CUST2728
ORD104738,2025-05-28,South,Sports,Cricket Bat,10,317.87,20,2542.96,2157.99,384.97,COD,CUST1752
ORD104739,2024-04-24,South,Electronics,Laptop,2,53260.3,5,101194.57,81962.79,19231.78,Credit Card,CUST2575
ORD104740,2024-02-29,North,Apparel,Jeans,5,2827.25,20,11309.0,9604.57,1704.43,COD,CUST3170
ORD104741,2025-12-01,South,Beauty,Hair Serum,4,3159.38,0,12637.52,8007.35,4630.17,Credit Card,CUST1539
ORD104742,2025-12-06,North,Electronics,Tablet,3,47777.41,10,128999.01,86525.46,42473.55,Credit Card,CUST1781
ORD104743,2024-05-05,West,Electronics,Smartwatch,7,57592.23,10,362831.05,274836.39,87994.66,Credit Card,CUST2317
ORD104744,2025-03-15,North,Apparel,Jeans,7,751.0,0,5257.0,3418.18,1838.82,Credit Card,CUST2147
ORD104745,2025-01-06,West,Sports,Cricket Bat,10,3059.43,0,30594.3,23298.22,7296.08,UPI,CUST3300
ORD104746,2024-10-29,South,Home & Kitchen,Bedsheet Set,3,3764.73,0,11294.19,7659.33,3634.86,UPI,CUST2846
ORD104747,2025-07-05,North,Sports,Yoga Mat,1,1803.75,10,1623.38,1113.53,509.85,Net Banking,CUST3045
ORD104748,2025-09-20,West,Sports,Yoga Mat,8,2503.89,0,20031.12,13117.99,6913.13,COD,CUST3125
ORD104749,2025-04-02,Central,Home & Kitchen,Cookware Set,10,1066.71,0,10667.1,8411.24,2255.86,Credit Card,CUST3370
ORD104750,2024-09-08,East,Apparel,Sneakers,4,3944.79,5,14990.2,10065.2,4925.0,Debit Card,CUST1227
ORD104751,2025-04-27,East,Electronics,Laptop,2,20638.02,0,41276.04,32299.0,8977.04,UPI,CUST2814
ORD104752,2024-07-20,East,Electronics,Smartphone,1,52271.68,0,52271.68,36459.44,15812.24,Credit Card,CUST2582
ORD104753,2025-11-20,Central,Sports,Football,8,1206.55,25,7239.3,7533.72,-294.42,UPI,CUST1546
ORD104754,2024-03-17,Central,Home & Kitchen,Mixer Grinder,4,3101.37,0,12405.48,7785.06,4620.42,Net Banking,CUST2462
ORD104755,2025-12-12,Central,Apparel,Jeans,10,3793.2,10,34138.8,27805.02,6333.78,Net Banking,CUST2820
ORD104756,2025-04-07,North,Beauty,Perfume,6,2392.46,20,11483.81,7929.91,3553.9,Debit Card,CUST1633
ORD104757,2025-08-24,East,Apparel,Jacket,2,1485.91,10,2674.64,1673.66,1000.98,COD,CUST1296
ORD104758,2024-09-16,South,Electronics,Smartphone,3,10593.22,5,30190.68,24442.45,5748.23,Debit Card,CUST2060
ORD104759,2024-06-29,South,Sports,Dumbbells,9,839.79,5,7180.2,5807.7,1372.5,Debit Card,CUST1037
ORD104760,2025-01-17,North,Beauty,Face Wash,10,1725.57,0,17255.7,9914.54,7341.16,UPI,CUST2203
ORD104761,2025-02-18,South,Beauty,Face Wash,7,2747.38,0,19231.66,13465.26,5766.4,Net Banking,CUST2503
ORD104762,2024-04-27,East,Apparel,Sneakers,11,1938.22,25,15990.32,13649.25,2341.07,Debit Card,CUST3234
ORD104763,2025-04-08,West,Home & Kitchen,Air Fryer,4,2658.46,0,10633.84,6696.66,3937.18,Net Banking,CUST2452
ORD104764,2025-11-21,North,Apparel,Jeans,11,3807.37,0,41881.07,23421.59,18459.48,Net Banking,CUST3025
ORD104765,2025-11-07,North,Electronics,Laptop,8,50674.01,20,324313.66,277546.16,46767.5,UPI,CUST3396
ORD104766,2024-09-05,West,Beauty,Face Wash,4,2944.6,0,11778.4,7806.25,3972.15,Credit Card,CUST1246
ORD104767,2025-04-25,West,Home & Kitchen,Cookware Set,2,434.31,25,651.46,676.18,-24.72,UPI,CUST2028
ORD104768,2025-04-03,East,Sports,Football,6,1032.09,25,4644.4,3444.99,1199.41,Credit Card,CUST1196
ORD104769,2024-03-23,Central,Apparel,Kurta,11,3721.55,10,36843.34,23843.08,13000.26,Credit Card,CUST2438
ORD104770,2024-08-14,West,Beauty,Face Wash,11,1611.06,15,15063.41,10594.25,4469.16,COD,CUST3015
ORD104771,2025-11-22,West,Sports,Cricket Bat,4,3998.69,15,13595.55,12671.66,923.89,UPI,CUST3325
ORD104772,2024-12-12,East,Apparel,Jeans,9,1523.43,10,12339.78,10659.76,1680.02,Debit Card,CUST2150
ORD104773,2025-08-29,East,Electronics,Headphones,7,11731.3,10,73907.19,53678.87,20228.32,Net Banking,CUST2551
ORD104774,2024-05-19,South,Apparel,T-Shirt,9,3255.97,15,24908.17,19741.08,5167.09,Net Banking,CUST2901
ORD104775,2025-01-23,North,Electronics,Laptop,10,1546.5,0,15465.0,9856.9,5608.1,Credit Card,CUST2061
ORD104776,2024-08-20,East,Electronics,Tablet,4,40557.2,10,146005.92,104671.48,41334.44,COD,CUST2129
ORD104777,2024-09-03,East,Beauty,Hair Serum,7,2588.39,0,18118.73,10452.89,7665.84,COD,CUST2628
ORD104778,2024-08-07,East,Home & Kitchen,Mixer Grinder,9,1387.97,5,11867.14,9823.84,2043.3,COD,CUST2178
ORD104779,2025-05-17,East,Sports,Dumbbells,9,3007.39,0,27066.51,17098.24,9968.27,Net Banking,CUST1590
ORD104780,2025-06-08,South,Beauty,Perfume,2,3132.62,15,5325.45,4225.02,1100.43,Net Banking,CUST2535
ORD104781,2025-01-23,South,Beauty,Face Wash,11,1786.88,20,15724.54,13271.24,2453.3,Net Banking,CUST2989
ORD104782,2024-12-08,North,Beauty,Hair Serum,10,2979.19,0,29791.9,22330.16,7461.74,Credit Card,CUST2994
ORD104783,2025-01-14,North,Electronics,Tablet,10,6055.94,25,45419.55,44759.59,659.96,Credit Card,CUST1396
ORD104784,2024-06-01,North,Sports,Cricket Bat,8,1037.68,0,8301.44,6180.07,2121.37,UPI,CUST2169
ORD104785,2024-07-09,Central,Electronics,Smartwatch,5,37480.2,0,187401.0,119653.85,67747.15,UPI,CUST2976
ORD104786,2024-10-28,West,Electronics,Smartwatch,8,32839.18,0,262713.44,169430.81,93282.63,Net Banking,CUST1870
ORD104787,2024-12-31,South,Electronics,Smartwatch,4,42447.84,0,169791.36,117470.22,52321.14,COD,CUST2503
ORD104788,2025-06-28,Central,Sports,Cricket Bat,11,1847.39,5,19305.23,14470.47,4834.76,Credit Card,CUST2236
ORD104789,2025-06-03,East,Sports,Cricket Bat,6,1506.67,10,8136.02,5553.49,2582.53,COD,CUST2173
ORD104790,2025-06-16,Central,Electronics,Laptop,6,19880.74,5,113320.22,73934.84,39385.38,Credit Card,CUST2140
ORD104791,2025-10-25,North,Electronics,Headphones,9,42063.84,15,321788.38,234735.43,87052.95,COD,CUST1387
ORD104792,2024-03-23,Central,Electronics,Laptop,10,14376.36,15,122199.06,100849.67,21349.39,Credit Card,CUST1099
ORD104793,2025-04-01,North,Beauty,Hair Serum,7,2756.91,15,16403.61,13894.61,2509.0,UPI,CUST3139
ORD104794,2024-11-25,South,Electronics,Smartwatch,8,33754.52,5,256534.35,209260.55,47273.8,Net Banking,CUST1496
ORD104795,2024-09-25,East,Electronics,Smartphone,3,9712.02,10,26222.45,22366.47,3855.98,Net Banking,CUST2380
ORD104796,2025-01-10,West,Sports,Dumbbells,9,3637.43,10,29463.18,20019.08,9444.1,Net Banking,CUST2290
ORD104797,2025-07-16,South,Apparel,Sneakers,9,866.57,0,7799.13,4795.95,3003.18,Credit Card,CUST3174
ORD104798,2024-09-02,North,Apparel,T-Shirt,8,3448.74,0,27589.92,16163.33,11426.59,Debit Card,CUST2809
ORD104799,2025-07-09,East,Beauty,Perfume,7,2326.78,10,14658.71,9150.41,5508.3,Debit Card,CUST1812
ORD104800,2024-03-03,West,Sports,Dumbbells,10,470.49,20,3763.92,2686.09,1077.83,COD,CUST1599
ORD104801,2025-07-21,West,Beauty,Lipstick,1,3840.59,20,3072.47,2535.44,537.03,Credit Card,CUST1626
ORD104802,2025-05-16,Central,Apparel,T-Shirt,5,2729.19,0,13645.95,9677.18,3968.77,Credit Card,CUST1048
ORD104803,2024-12-28,South,Home & Kitchen,Cookware Set,3,2778.21,0,8334.63,5211.77,3122.86,Debit Card,CUST1215
ORD104804,2024-08-17,West,Beauty,Perfume,3,1475.32,10,3983.36,3471.78,511.58,Net Banking,CUST2836
ORD104805,2024-01-14,West,Beauty,Hair Serum,9,465.34,5,3978.66,2487.07,1491.59,UPI,CUST3213
ORD104806,2025-05-21,Central,Electronics,Headphones,5,19802.5,0,99012.5,65998.19,33014.31,Credit Card,CUST2991
ORD104807,2024-09-27,South,Sports,Yoga Mat,7,3239.79,10,20410.68,16639.89,3770.79,COD,CUST2066
ORD104808,2024-10-10,North,Electronics,Smartphone,2,38754.59,15,65882.8,53859.66,12023.14,Net Banking,CUST1158
ORD104809,2025-04-15,West,Beauty,Hair Serum,4,2423.39,0,9693.56,7720.36,1973.2,Credit Card,CUST1707
ORD104810,2024-10-17,Central,Home & Kitchen,Air Fryer,8,2691.63,10,19379.74,15600.2,3779.54,Credit Card,CUST1676
ORD104811,2025-05-31,North,Electronics,Smartphone,11,52896.79,0,581864.69,380306.86,201557.83,COD,CUST2308
ORD104812,2024-10-19,West,Sports,Football,3,2012.6,10,5434.02,4608.99,825.03,Credit Card,CUST2593
ORD104813,2025-05-21,North,Home & Kitchen,Mixer Grinder,2,3068.28,10,5522.9,3524.65,1998.25,Net Banking,CUST1476
ORD104814,2025-09-06,Central,Sports,Yoga Mat,11,2665.87,5,27858.34,23102.07,4756.27,Debit Card,CUST2929
ORD104815,2025-05-25,East,Electronics,Tablet,6,3670.23,10,19819.24,16005.14,3814.1,Debit Card,CUST1073
ORD104816,2024-01-22,South,Electronics,Headphones,11,39291.63,0,432207.93,282455.14,149752.79,Credit Card,CUST1620
ORD104817,2025-08-09,North,Home & Kitchen,Cookware Set,9,2472.17,0,22249.53,14554.12,7695.41,Net Banking,CUST2617
ORD104818,2025-09-07,Central,Sports,Cricket Bat,4,3622.77,20,11592.86,11213.89,378.97,Net Banking,CUST3085
ORD104819,2024-04-27,West,Sports,Football,6,2715.06,10,14661.32,11858.14,2803.18,Debit Card,CUST2604
ORD104820,2025-08-17,South,Sports,Football,11,2540.1,5,26544.04,15546.11,10997.93,Credit Card,CUST2051
ORD104821,2025-09-20,Central,Apparel,Sneakers,1,3438.28,20,2750.62,2678.29,72.33,COD,CUST2183
ORD104822,2025-05-30,West,Electronics,Smartwatch,5,244.78,5,1162.7,707.99,454.71,Debit Card,CUST3445
ORD104823,2025-08-04,North,Sports,Dumbbells,11,3893.77,0,42831.47,32317.0,10514.47,COD,CUST3310
ORD104824,2024-10-22,South,Beauty,Face Wash,11,3973.73,15,37154.38,31498.71,5655.67,UPI,CUST2962
ORD104825,2025-07-08,North,Beauty,Lipstick,6,862.3,0,5173.8,3563.99,1609.81,COD,CUST1085
ORD104826,2024-09-07,South,Beauty,Lipstick,9,3180.17,10,25759.38,17018.18,8741.2,UPI,CUST3299
ORD104827,2024-01-18,West,Apparel,Jacket,5,3075.86,15,13072.4,8823.01,4249.39,UPI,CUST1114
ORD104828,2025-03-22,Central,Apparel,Kurta,1,1345.02,10,1210.52,862.84,347.68,Debit Card,CUST1225
ORD104829,2024-12-26,Central,Home & Kitchen,Mixer Grinder,3,1329.44,20,3190.66,2392.33,798.33,COD,CUST2908
ORD104830,2024-11-19,East,Electronics,Smartphone,8,14202.72,0,113621.76,65116.2,48505.56,UPI,CUST1403
ORD104831,2025-08-23,North,Beauty,Perfume,11,1012.87,10,10027.41,8466.11,1561.3,UPI,CUST2974
ORD104832,2024-04-22,Central,Beauty,Face Wash,11,1891.21,0,20803.31,16019.44,4783.87,COD,CUST1349
ORD104833,2024-11-11,North,Sports,Yoga Mat,9,621.34,10,5032.85,3377.46,1655.39,Credit Card,CUST2801
ORD104834,2025-08-15,South,Beauty,Face Wash,6,379.55,0,2277.3,1346.09,931.21,Credit Card,CUST1772
ORD104835,2024-10-23,Central,Home & Kitchen,Mixer Grinder,6,3017.5,0,18105.0,10165.48,7939.52,Credit Card,CUST2455
ORD104836,2025-06-02,Central,Apparel,Jacket,7,3104.4,0,21730.8,13140.53,8590.27,Debit Card,CUST2728
ORD104837,2025-06-12,South,Sports,Football,10,2420.21,5,22992.0,18160.3,4831.7,Credit Card,CUST1347
ORD104838,2024-07-31,North,Electronics,Smartwatch,6,12562.77,5,71607.79,57661.15,13946.64,Debit Card,CUST1319
ORD104839,2025-05-26,Central,Sports,Dumbbells,9,3588.63,0,32297.67,22847.58,9450.09,Credit Card,CUST2777
ORD104840,2024-11-26,West,Electronics,Tablet,5,6280.28,10,28261.26,22632.89,5628.37,Net Banking,CUST3210
ORD104841,2025-10-14,South,Home & Kitchen,Cookware Set,1,317.71,10,285.94,205.96,79.98,Credit Card,CUST1515
ORD104842,2025-10-01,Central,Beauty,Lipstick,11,2671.28,10,26445.67,17306.04,9139.63,Debit Card,CUST2849
ORD104843,2025-06-23,West,Apparel,Kurta,9,3516.4,0,31647.6,24331.78,7315.82,Debit Card,CUST3203
ORD104844,2025-06-29,North,Home & Kitchen,Bedsheet Set,8,1420.77,5,10797.85,7256.96,3540.89,Debit Card,CUST1174
ORD104845,2024-08-01,North,Apparel,T-Shirt,11,1397.27,10,13832.97,10814.04,3018.93,Net Banking,CUST3305
ORD104846,2024-07-07,West,Sports,Cricket Bat,11,3957.57,0,43533.27,33170.59,10362.68,COD,CUST2093
ORD104847,2025-12-05,North,Home & Kitchen,Bedsheet Set,9,3835.45,25,25889.29,24523.17,1366.12,UPI,CUST1891
ORD104848,2024-07-12,Central,Apparel,Sneakers,8,493.63,0,3949.04,3144.97,804.07,Credit Card,CUST2825
ORD104849,2025-05-31,North,Home & Kitchen,Bedsheet Set,1,2439.96,5,2317.96,1939.58,378.38,Credit Card,CUST2009
ORD104850,2025-04-05,West,Apparel,Kurta,2,2299.1,0,4598.2,2549.11,2049.09,Debit Card,CUST3030
ORD104851,2024-02-28,Central,Home & Kitchen,Cookware Set,6,1718.43,20,8248.46,7685.31,563.15,COD,CUST3263
ORD104852,2025-02-06,West,Sports,Yoga Mat,11,3551.42,5,37112.34,22947.98,14164.36,COD,CUST2940
ORD104853,2024-06-20,North,Sports,Football,1,230.45,0,230.45,181.46,48.99,Net Banking,CUST1600
ORD104854,2025-09-15,East,Electronics,Tablet,8,56848.09,0,454784.72,260886.8,193897.92,UPI,CUST2019
ORD104855,2024-08-02,North,Electronics,Headphones,2,18751.51,5,35627.87,20805.17,14822.7,Debit Card,CUST1703
ORD104856,2025-02-10,East,Beauty,Face Wash,5,2453.75,0,12268.75,9073.85,3194.9,COD,CUST1873
ORD104857,2025-07-11,Central,Electronics,Smartwatch,6,50058.19,5,285331.68,200839.64,84492.04,UPI,CUST2537
ORD104858,2025-06-24,East,Apparel,Sneakers,4,261.16,10,940.18,752.26,187.92,Debit Card,CUST3346
ORD104859,2025-04-04,East,Sports,Yoga Mat,11,523.53,10,5182.95,3641.81,1541.14,COD,CUST2993
ORD104860,2025-02-14,West,Home & Kitchen,Mixer Grinder,4,1968.22,0,7872.88,4996.89,2875.99,Debit Card,CUST2498
ORD104861,2025-01-26,East,Beauty,Perfume,5,476.34,0,2381.7,1573.05,808.65,Credit Card,CUST2212
ORD104862,2025-08-17,East,Sports,Football,4,249.28,5,947.26,685.55,261.71,Debit Card,CUST2393
ORD104863,2025-08-10,Central,Beauty,Hair Serum,2,2751.29,25,4126.93,3726.3,400.63,UPI,CUST1556
ORD104864,2024-10-13,North,Home & Kitchen,Bedsheet Set,10,3978.74,5,37798.03,22810.74,14987.29,Net Banking,CUST2333
ORD104865,2025-10-07,South,Beauty,Lipstick,3,3289.07,0,9867.21,7834.28,2032.93,Credit Card,CUST3109
ORD104866,2024-03-26,South,Beauty,Face Wash,5,1158.31,5,5501.97,3861.04,1640.93,Debit Card,CUST1321
ORD104867,2025-09-19,West,Home & Kitchen,Mixer Grinder,11,1241.25,15,11605.69,8122.28,3483.41,UPI,CUST3067
ORD104868,2025-02-15,Central,Apparel,Jacket,11,336.43,10,3330.66,2940.01,390.65,UPI,CUST2581
ORD104869,2025-01-04,Central,Beauty,Lipstick,7,170.66,0,1194.62,663.12,531.5,Debit Card,CUST1924
ORD104870,2024-03-31,Central,Apparel,T-Shirt,10,1588.2,0,15882.0,9093.97,6788.03,Debit Card,CUST1482
ORD104871,2025-01-01,Central,Apparel,Jacket,9,2088.94,0,18800.46,11248.85,7551.61,COD,CUST1410
ORD104872,2024-07-01,Central,Sports,Yoga Mat,11,3862.18,0,42483.98,31023.53,11460.45,Credit Card,CUST2812
ORD104873,2025-07-08,East,Beauty,Perfume,11,2200.91,5,22999.51,16568.84,6430.67,COD,CUST3251
ORD104874,2024-10-28,Central,Beauty,Perfume,11,3972.81,10,39330.82,28890.17,10440.65,COD,CUST1638
ORD104875,2024-07-09,West,Sports,Cricket Bat,10,773.05,5,7343.98,5980.49,1363.49,Credit Card,CUST2452
ORD104876,2024-03-02,North,Sports,Cricket Bat,8,3194.33,10,22999.18,15816.75,7182.43,Net Banking,CUST1062
ORD104877,2024-01-16,North,Electronics,Laptop,3,14389.12,0,43167.36,24935.59,18231.77,Debit Card,CUST2996
ORD104878,2024-09-29,Central,Apparel,Jacket,3,1046.05,10,2824.33,2093.79,730.54,UPI,CUST2514
ORD104879,2025-02-20,North,Apparel,Sneakers,7,2281.73,0,15972.11,10014.66,5957.45,UPI,CUST1243
ORD104880,2025-11-05,West,Apparel,Sneakers,2,1325.76,10,2386.37,1977.24,409.13,Credit Card,CUST1116
ORD104881,2025-04-16,South,Home & Kitchen,Cookware Set,11,455.87,0,5014.57,3523.37,1491.2,Credit Card,CUST1784
ORD104882,2025-04-13,Central,Home & Kitchen,Air Fryer,5,3225.82,25,12096.82,9601.77,2495.05,Debit Card,CUST1681
ORD104883,2024-04-03,East,Electronics,Smartwatch,6,20234.17,0,121405.02,94694.01,26711.01,Credit Card,CUST2913
ORD104884,2025-02-13,East,Apparel,Jacket,8,2745.51,5,20865.88,13126.1,7739.78,Net Banking,CUST1040
ORD104885,2025-07-15,East,Beauty,Perfume,7,2434.32,20,13632.19,9414.73,4217.46,Credit Card,CUST1743
ORD104886,2025-12-18,West,Sports,Cricket Bat,3,3658.44,5,10426.55,6992.34,3434.21,Net Banking,CUST3192
ORD104887,2024-01-16,East,Electronics,Laptop,5,34057.97,10,153260.87,128670.57,24590.3,Net Banking,CUST3384
ORD104888,2025-01-05,West,Electronics,Tablet,6,24753.85,10,133670.79,95515.38,38155.41,COD,CUST3232
ORD104889,2024-10-15,West,Electronics,Smartwatch,7,34853.29,15,207377.08,140400.38,66976.7,Credit Card,CUST1349
ORD104890,2024-02-29,East,Sports,Yoga Mat,7,3482.97,5,23161.75,15641.21,7520.54,Debit Card,CUST2321
ORD104891,2024-11-20,Central,Sports,Cricket Bat,8,3410.32,5,25918.43,19232.7,6685.73,Debit Card,CUST1270
ORD104892,2025-05-31,West,Electronics,Smartwatch,5,48497.24,15,206113.27,163531.83,42581.44,Debit Card,CUST2821
ORD104893,2024-08-27,East,Apparel,T-Shirt,6,1571.28,15,8013.53,5714.78,2298.75,Credit Card,CUST1700
ORD104894,2024-11-22,West,Beauty,Lipstick,5,3560.57,10,16022.57,13712.3,2310.27,Debit Card,CUST3120
ORD104895,2024-09-12,East,Electronics,Laptop,7,51106.09,5,339855.5,260229.35,79626.15,Debit Card,CUST1098
ORD104896,2024-08-31,West,Apparel,Sneakers,6,2188.8,0,13132.8,9815.37,3317.43,Net Banking,CUST1366
ORD104897,2024-06-03,Central,Sports,Football,3,3048.98,0,9146.94,5663.92,3483.02,Debit Card,CUST2047
ORD104898,2024-10-09,Central,Sports,Yoga Mat,4,2559.25,5,9725.15,5654.75,4070.4,COD,CUST2737
ORD104899,2025-02-25,East,Sports,Football,1,1873.77,10,1686.39,1181.5,504.89,Debit Card,CUST1474
ORD104900,2025-07-26,North,Beauty,Lipstick,5,3782.89,0,18914.45,12834.76,6079.69,Net Banking,CUST3367
ORD104901,2025-10-19,East,Home & Kitchen,Air Fryer,8,239.3,25,1435.8,1195.67,240.13,Credit Card,CUST2208
ORD104902,2024-06-22,Central,Electronics,Smartphone,1,24632.1,15,20937.28,18555.6,2381.68,UPI,CUST2318
ORD104903,2025-06-11,North,Sports,Yoga Mat,10,3427.32,5,32559.54,18851.93,13707.61,COD,CUST2212
ORD104904,2025-02-14,West,Home & Kitchen,Cookware Set,10,1091.37,0,10913.7,6493.15,4420.55,Credit Card,CUST1474
ORD104905,2024-06-22,North,Home & Kitchen,Mixer Grinder,4,3511.53,5,13343.81,9697.82,3645.99,COD,CUST2354
ORD104906,2025-12-26,North,Electronics,Smartwatch,9,48416.45,0,435748.05,258870.31,176877.74,UPI,CUST2837
ORD104907,2025-05-30,South,Sports,Football,2,3775.88,25,5663.82,5827.0,-163.18,COD,CUST3375
ORD104908,2024-10-02,West,Home & Kitchen,Cookware Set,4,2962.22,5,11256.44,8206.03,3050.41,UPI,CUST1888
ORD104909,2024-06-12,Central,Electronics,Tablet,10,25233.18,25,189248.85,156781.28,32467.57,Net Banking,CUST2767
ORD104910,2025-05-01,Central,Home & Kitchen,Air Fryer,2,3616.69,5,6871.71,5550.02,1321.69,Credit Card,CUST3380
ORD104911,2025-01-06,North,Beauty,Hair Serum,5,1391.74,0,6958.7,5302.17,1656.53,Credit Card,CUST1927
ORD104912,2025-12-09,Central,Electronics,Tablet,4,8052.48,15,27378.43,23984.9,3393.53,Net Banking,CUST1797
ORD104913,2025-12-28,Central,Apparel,Jacket,3,3237.19,5,9225.99,7059.65,2166.34,Debit Card,CUST2443
ORD104914,2025-08-19,North,Home & Kitchen,Cookware Set,7,2433.46,5,16182.51,13620.5,2562.01,Net Banking,CUST3099
ORD104915,2025-06-17,East,Beauty,Hair Serum,6,429.74,5,2449.52,1498.63,950.89,Debit Card,CUST3421
ORD104916,2025-07-04,West,Sports,Football,2,435.18,15,739.81,549.41,190.4,COD,CUST2024
ORD104917,2025-09-20,East,Beauty,Face Wash,10,3365.92,5,31976.24,18923.5,13052.74,COD,CUST1680
ORD104918,2025-07-18,North,Home & Kitchen,Cookware Set,8,3754.28,0,30034.24,22761.65,7272.59,Net Banking,CUST1965
ORD104919,2025-07-13,East,Home & Kitchen,Bedsheet Set,7,3908.05,20,21885.08,17806.69,4078.39,COD,CUST3389
ORD104920,2024-02-17,Central,Beauty,Lipstick,3,1943.95,0,5831.85,3827.7,2004.15,Credit Card,CUST2790
ORD104921,2024-08-16,East,Sports,Football,3,2362.96,0,7088.88,5020.17,2068.71,Net Banking,CUST2723
ORD104922,2024-11-30,Central,Apparel,Jeans,1,2577.73,0,2577.73,1448.87,1128.86,Debit Card,CUST3393
ORD104923,2025-06-02,South,Electronics,Smartwatch,6,40287.09,5,229636.41,157801.92,71834.49,UPI,CUST1379
ORD104924,2025-11-22,West,Home & Kitchen,Air Fryer,5,1605.72,20,6422.88,5257.93,1164.95,COD,CUST1015
ORD104925,2024-11-10,West,Apparel,Jeans,5,1301.49,10,5856.7,5202.68,654.02,Net Banking,CUST1068
ORD104926,2025-02-14,North,Home & Kitchen,Mixer Grinder,4,3551.42,10,12785.11,7973.46,4811.65,COD,CUST2490
ORD104927,2024-09-28,South,Home & Kitchen,Air Fryer,7,287.06,15,1708.01,1567.31,140.7,Credit Card,CUST1860
ORD104928,2025-06-04,South,Electronics,Smartwatch,1,59318.89,0,59318.89,45135.21,14183.68,UPI,CUST2890
ORD104929,2024-06-20,South,Electronics,Laptop,11,5618.06,5,58708.73,48697.72,10011.01,Net Banking,CUST2833
ORD104930,2025-01-01,West,Apparel,Sneakers,8,383.19,0,3065.52,2062.53,1002.99,COD,CUST3035
ORD104931,2025-11-03,West,Beauty,Lipstick,9,3158.57,0,28427.13,20328.89,8098.24,UPI,CUST3419
ORD104932,2025-06-11,West,Home & Kitchen,Mixer Grinder,2,280.41,5,532.78,405.64,127.14,Credit Card,CUST1533
ORD104933,2025-01-01,South,Electronics,Smartphone,8,58852.45,0,470819.6,358757.88,112061.72,Net Banking,CUST2943
ORD104934,2024-05-12,East,Electronics,Smartphone,5,9607.92,10,43235.64,33534.04,9701.6,Debit Card,CUST1459
ORD104935,2025-10-11,North,Home & Kitchen,Bedsheet Set,2,1339.45,0,2678.9,1702.15,976.75,Credit Card,CUST3202
ORD104936,2024-06-03,North,Sports,Cricket Bat,10,3579.0,10,32211.0,27523.8,4687.2,COD,CUST3061
ORD104937,2024-03-17,West,Sports,Football,3,1933.66,15,4930.83,3472.04,1458.79,COD,CUST1432
ORD104938,2025-03-30,South,Sports,Yoga Mat,11,1122.7,5,11732.22,9816.35,1915.87,Credit Card,CUST2553
ORD104939,2025-11-06,Central,Apparel,Kurta,6,1106.92,5,6309.44,3692.01,2617.43,Net Banking,CUST1541
ORD104940,2024-06-13,East,Beauty,Face Wash,5,850.68,0,4253.4,2572.81,1680.59,COD,CUST2543
ORD104941,2025-09-26,East,Apparel,Sneakers,1,1349.62,25,1012.21,789.28,222.93,UPI,CUST2878
ORD104942,2025-05-23,South,Beauty,Face Wash,10,2646.72,20,21173.76,20231.29,942.47,Credit Card,CUST1135
ORD104943,2025-01-17,South,Apparel,T-Shirt,10,3001.29,0,30012.9,18896.08,11116.82,Debit Card,CUST1897
ORD104944,2025-09-30,West,Home & Kitchen,Cookware Set,9,536.36,5,4585.88,3834.47,751.41,Net Banking,CUST1284
ORD104945,2024-01-28,East,Apparel,Sneakers,3,3444.66,10,9300.58,5914.97,3385.61,Debit Card,CUST3260
ORD104946,2025-09-05,West,Beauty,Face Wash,2,1750.03,0,3500.06,2012.03,1488.03,Debit Card,CUST3285
ORD104947,2025-11-01,East,Home & Kitchen,Cookware Set,1,657.34,5,624.47,452.84,171.63,Net Banking,CUST1497
ORD104948,2025-06-18,East,Sports,Yoga Mat,5,1243.44,0,6217.2,3609.13,2608.07,UPI,CUST1900
ORD104949,2025-03-18,South,Electronics,Tablet,8,13941.83,0,111534.64,85122.55,26412.09,Debit Card,CUST2753
ORD104950,2025-07-21,East,Home & Kitchen,Air Fryer,3,2245.4,0,6736.2,3713.94,3022.26,Net Banking,CUST2500
ORD104951,2024-07-16,West,Electronics,Smartphone,9,42758.51,15,327102.6,300805.82,26296.78,Net Banking,CUST1466
ORD104952,2025-08-18,East,Home & Kitchen,Air Fryer,11,437.49,0,4812.39,2796.96,2015.43,COD,CUST3486
ORD104953,2024-03-17,South,Home & Kitchen,Cookware Set,6,1530.31,10,8263.67,5996.68,2266.99,Credit Card,CUST1416
ORD104954,2024-07-25,South,Electronics,Laptop,5,55139.95,10,248129.78,215019.7,33110.08,UPI,CUST2399
ORD104955,2025-06-10,Central,Beauty,Lipstick,4,1458.0,5,5540.4,4397.61,1142.79,Debit Card,CUST3283
ORD104956,2025-01-23,West,Beauty,Face Wash,9,389.98,0,3509.82,2290.76,1219.06,COD,CUST1604
ORD104957,2024-10-09,South,Beauty,Perfume,9,2970.42,10,24060.4,19326.92,4733.48,Net Banking,CUST3078
ORD104958,2025-09-17,South,Apparel,Sneakers,6,516.59,0,3099.54,1785.34,1314.2,Credit Card,CUST1582
ORD104959,2024-12-07,Central,Apparel,Kurta,8,3898.67,5,29629.89,18869.87,10760.02,COD,CUST2238
ORD104960,2025-01-29,West,Apparel,T-Shirt,4,1941.85,20,6213.92,5774.09,439.83,Net Banking,CUST2639
ORD104961,2025-02-23,North,Electronics,Tablet,3,4225.32,5,12042.16,7225.67,4816.49,Credit Card,CUST3471
ORD104962,2024-03-22,South,Sports,Football,5,3672.9,10,16528.05,13751.28,2776.77,Credit Card,CUST1210
ORD104963,2024-05-11,South,Home & Kitchen,Air Fryer,6,3940.19,10,21277.03,18024.49,3252.54,Credit Card,CUST2389
ORD104964,2025-11-24,East,Beauty,Perfume,3,2879.46,0,8638.38,5966.78,2671.6,Debit Card,CUST2596
ORD104965,2024-08-18,East,Sports,Yoga Mat,3,3674.25,5,10471.61,8572.93,1898.68,Debit Card,CUST2724
ORD104966,2024-02-18,South,Apparel,Jacket,11,2351.71,0,25868.81,19652.65,6216.16,Net Banking,CUST1010
ORD104967,2025-03-23,North,Electronics,Smartphone,11,47686.11,20,419637.77,384501.25,35136.52,Debit Card,CUST1641
ORD104968,2025-07-26,West,Electronics,Smartwatch,4,37190.96,10,133887.46,116085.65,17801.81,COD,CUST2541
ORD104969,2024-10-26,Central,Sports,Dumbbells,7,3751.3,15,22320.24,19218.65,3101.59,Credit Card,CUST3329
ORD104970,2025-10-08,South,Beauty,Lipstick,1,3315.71,0,3315.71,2400.06,915.65,Net Banking,CUST1494
ORD104971,2024-06-18,East,Home & Kitchen,Air Fryer,3,1394.45,0,4183.35,3134.48,1048.87,Net Banking,CUST3481
ORD104972,2024-02-03,North,Home & Kitchen,Bedsheet Set,3,830.81,15,2118.57,1897.91,220.66,Debit Card,CUST1635
ORD104973,2025-11-12,East,Apparel,Kurta,11,811.57,10,8034.54,6420.49,1614.05,Credit Card,CUST3256
ORD104974,2025-02-14,West,Beauty,Perfume,8,1475.87,0,11806.96,8183.78,3623.18,Debit Card,CUST2158
ORD104975,2024-08-25,East,Electronics,Smartphone,8,34050.04,15,231540.27,216187.87,15352.4,UPI,CUST2732
ORD104976,2024-04-25,South,Sports,Cricket Bat,6,294.37,10,1589.6,1199.86,389.74,Debit Card,CUST1984
ORD104977,2024-10-06,Central,Beauty,Lipstick,4,3744.24,0,14976.96,10086.67,4890.29,COD,CUST1945
ORD104978,2025-03-06,Central,Sports,Football,7,1731.15,15,10300.34,8771.5,1528.84,Debit Card,CUST1946
ORD104979,2024-05-15,Central,Sports,Yoga Mat,2,311.42,10,560.56,493.44,67.12,Credit Card,CUST1945
ORD104980,2025-06-08,West,Home & Kitchen,Air Fryer,7,2577.11,10,16235.79,11686.67,4549.12,Debit Card,CUST2860
ORD104981,2024-10-16,North,Apparel,Sneakers,10,1462.22,10,13159.98,10049.28,3110.7,Net Banking,CUST1837
ORD104982,2024-08-04,East,Beauty,Perfume,11,2860.62,25,23600.12,23529.13,70.99,COD,CUST3202
ORD104983,2024-09-19,North,Apparel,T-Shirt,11,514.11,0,5655.21,3277.32,2377.89,Debit Card,CUST1700
ORD104984,2024-06-20,East,Sports,Football,3,2928.97,25,6590.18,6488.16,102.02,UPI,CUST3303
ORD104985,2025-11-06,South,Home & Kitchen,Cookware Set,6,1659.71,5,9460.35,6526.58,2933.77,Debit Card,CUST2162
ORD104986,2025-08-19,West,Apparel,Kurta,9,1074.13,15,8217.09,7188.02,1029.07,UPI,CUST1797
ORD104987,2025-08-06,South,Sports,Yoga Mat,5,2315.67,10,10420.52,8030.9,2389.62,Debit Card,CUST1212
ORD104988,2025-09-10,North,Electronics,Laptop,8,26419.75,15,179654.3,117474.19,62180.11,Debit Card,CUST3168
ORD104989,2024-06-22,West,Beauty,Face Wash,11,286.06,0,3146.66,2508.26,638.4,UPI,CUST2553
ORD104990,2024-03-16,South,Sports,Yoga Mat,3,2102.43,20,5045.83,4011.45,1034.38,Debit Card,CUST1844
ORD104991,2025-10-19,Central,Sports,Cricket Bat,7,1846.47,15,10986.5,8086.72,2899.78,Debit Card,CUST3340
ORD104992,2025-06-22,South,Apparel,Jeans,5,3155.5,15,13410.88,11824.15,1586.73,Credit Card,CUST2644
ORD104993,2025-11-23,North,Electronics,Smartphone,7,13320.21,0,93241.47,63410.93,29830.54,UPI,CUST3284
ORD104994,2025-10-14,North,Apparel,Jeans,5,1574.8,5,7480.3,4549.19,2931.11,Credit Card,CUST2140
ORD104995,2025-07-27,West,Electronics,Tablet,8,739.19,15,5026.49,3944.22,1082.27,COD,CUST1844
ORD104996,2024-09-01,North,Beauty,Hair Serum,1,844.7,0,844.7,656.3,188.4,Credit Card,CUST1989
ORD104997,2024-05-07,Central,Electronics,Tablet,8,43943.65,5,333971.74,265340.87,68630.87,Debit Card,CUST1674
ORD104998,2025-12-14,North,Beauty,Hair Serum,3,2228.51,10,6016.98,4601.8,1415.18,Credit Card,CUST1503
ORD104999,2024-09-03,East,Sports,Cricket Bat,2,2930.94,15,4982.6,4253.75,728.85,UPI,CUST1743
ORD105000,2025-09-04,North,Home & Kitchen,Bedsheet Set,6,3421.72,0,20530.32,12906.75,7623.57,Net Banking,CUST1925
ORD105001,2024-08-22,Central,Electronics,Laptop,7,8220.07,5,54663.47,41940.99,12722.48,Net Banking,CUST2387
ORD105002,2025-10-03,North,Home & Kitchen,Cookware Set,11,3054.91,15,28563.41,26708.76,1854.65,Debit Card,CUST2327
ORD105003,2024-01-05,West,Sports,Cricket Bat,11,3063.02,5,32008.56,21291.42,10717.14,Net Banking,CUST2595
ORD105004,2024-04-16,South,Beauty,Perfume,5,2985.34,10,13434.03,8935.6,4498.43,Net Banking,CUST1872
ORD105005,2025-10-14,Central,Home & Kitchen,Bedsheet Set,10,247.07,0,2470.7,1792.63,678.07,Net Banking,CUST1718
ORD105006,2024-03-05,North,Electronics,Smartphone,2,32445.83,10,58402.49,44861.0,13541.49,UPI,CUST3202
ORD105007,2024-07-24,West,Electronics,Smartwatch,3,26700.51,5,76096.45,52753.9,23342.55,UPI,CUST1018
ORD105008,2024-11-08,East,Electronics,Headphones,11,2970.77,10,29410.62,21220.03,8190.59,Net Banking,CUST3406
ORD105009,2025-01-17,West,Sports,Football,2,1677.46,10,3019.43,2182.43,837.0,Credit Card,CUST2410
ORD105010,2024-09-03,North,Home & Kitchen,Mixer Grinder,4,1046.16,0,4184.64,2399.48,1785.16,COD,CUST3342
ORD105011,2024-06-19,West,Beauty,Hair Serum,6,1610.11,25,7245.5,5595.34,1650.16,Net Banking,CUST2439
ORD105012,2025-02-01,North,Electronics,Smartphone,1,9040.65,15,7684.55,5533.46,2151.09,COD,CUST1812
ORD105013,2025-04-19,North,Home & Kitchen,Air Fryer,3,3025.8,0,9077.4,6421.84,2655.56,Credit Card,CUST3207
ORD105014,2024-12-26,North,Apparel,Jacket,9,3706.23,10,30020.46,21750.23,8270.23,COD,CUST3260
ORD105015,2025-06-13,North,Sports,Dumbbells,11,2606.7,0,28673.7,16625.08,12048.62,COD,CUST2820
ORD105016,2025-10-10,Central,Sports,Dumbbells,7,3745.49,0,26218.43,19202.19,7016.24,COD,CUST1516
ORD105017,2025-06-10,Central,Electronics,Tablet,9,42865.04,5,366496.09,276704.42,89791.67,Credit Card,CUST2539
ORD105018,2024-07-02,West,Home & Kitchen,Cookware Set,5,3906.49,0,19532.45,12003.69,7528.76,COD,CUST2429
ORD105019,2024-05-06,East,Sports,Yoga Mat,4,3996.68,0,15986.72,10413.4,5573.32,Debit Card,CUST2547
ORD105020,2025-04-07,Central,Apparel,Sneakers,4,3608.56,10,12990.82,8761.22,4229.6,Debit Card,CUST2078
ORD105021,2025-05-09,South,Sports,Football,8,2061.37,10,14841.86,13073.64,1768.22,COD,CUST2127
ORD105022,2024-12-10,North,Sports,Football,2,3079.95,5,5851.9,3638.31,2213.59,Debit Card,CUST1871
ORD105023,2024-12-03,West,Apparel,Kurta,9,3790.57,15,28997.86,22517.47,6480.39,Debit Card,CUST3157
ORD105024,2025-02-09,West,Sports,Cricket Bat,5,2790.19,5,13253.4,8118.5,5134.9,Debit Card,CUST3469
ORD105025,2025-09-06,East,Beauty,Face Wash,2,2723.49,0,5446.98,3877.71,1569.27,Credit Card,CUST1232
ORD105026,2025-05-31,South,Home & Kitchen,Bedsheet Set,4,2430.12,10,8748.43,7692.14,1056.29,Net Banking,CUST1255
ORD105027,2024-03-06,Central,Beauty,Face Wash,11,1241.25,10,12288.38,7992.84,4295.54,COD,CUST2594
ORD105028,2025-11-12,Central,Beauty,Face Wash,2,1278.6,0,2557.2,1489.42,1067.78,UPI,CUST1789
ORD105029,2024-01-17,North,Apparel,T-Shirt,11,2673.17,10,26464.38,16374.31,10090.07,UPI,CUST2272
ORD105030,2025-12-10,West,Beauty,Lipstick,1,3660.53,20,2928.42,2151.92,776.5,Debit Card,CUST1034
ORD105031,2025-02-10,West,Sports,Yoga Mat,8,1291.3,0,10330.4,8139.63,2190.77,Credit Card,CUST2558
ORD105032,2024-04-04,Central,Home & Kitchen,Mixer Grinder,1,1618.25,20,1294.6,982.93,311.67,Credit Card,CUST1206
ORD105033,2024-09-02,South,Sports,Dumbbells,7,2364.17,15,14066.81,11378.01,2688.8,Credit Card,CUST1316
ORD105034,2025-10-06,East,Beauty,Lipstick,9,3111.92,15,23806.19,16335.93,7470.26,Debit Card,CUST2806
ORD105035,2025-08-24,West,Home & Kitchen,Mixer Grinder,8,1122.05,25,6732.3,5350.98,1381.32,COD,CUST1347
ORD105036,2024-09-28,North,Beauty,Lipstick,11,3492.24,10,34573.18,21336.26,13236.92,UPI,CUST3436
ORD105037,2024-05-16,West,Beauty,Lipstick,11,1165.8,5,12182.61,9758.18,2424.43,Debit Card,CUST2018
ORD105038,2025-06-14,North,Apparel,T-Shirt,8,1549.07,0,12392.56,8510.41,3882.15,Debit Card,CUST2542
ORD105039,2025-10-25,East,Sports,Yoga Mat,7,3605.04,20,20188.22,14359.95,5828.27,Credit Card,CUST2433
ORD105040,2024-02-18,South,Sports,Football,5,1583.86,10,7127.37,5262.61,1864.76,COD,CUST3171
ORD105041,2025-03-28,South,Home & Kitchen,Cookware Set,10,1187.6,0,11876.0,9100.41,2775.59,UPI,CUST2058
ORD105042,2025-03-11,East,Sports,Football,2,3307.85,20,5292.56,3814.44,1478.12,Debit Card,CUST1100
ORD105043,2024-10-05,West,Sports,Cricket Bat,11,2724.52,15,25474.26,19736.16,5738.1,Credit Card,CUST2025
ORD105044,2025-05-06,East,Home & Kitchen,Air Fryer,10,1767.13,20,14137.04,11308.49,2828.55,UPI,CUST1915
ORD105045,2024-08-15,East,Electronics,Tablet,1,57868.3,10,52081.47,43825.61,8255.86,Net Banking,CUST2599
ORD105046,2024-11-09,North,Home & Kitchen,Bedsheet Set,6,1907.35,0,11444.1,8298.02,3146.08,Net Banking,CUST2117
ORD105047,2025-02-18,North,Beauty,Perfume,6,300.86,5,1714.9,1247.96,466.94,Debit Card,CUST1586
ORD105048,2024-05-07,East,Apparel,Jeans,9,1640.77,25,11075.2,9021.13,2054.07,COD,CUST2567
ORD105049,2024-07-30,North,Electronics,Tablet,6,5600.4,10,30242.16,20647.53,9594.63,Credit Card,CUST3421
ORD105050,2024-01-16,South,Electronics,Smartwatch,7,47486.86,0,332408.02,191845.57,140562.45,Net Banking,CUST1977
ORD105051,2025-08-16,North,Beauty,Lipstick,3,2705.62,20,6493.49,6396.17,97.32,COD,CUST2095
ORD105052,2024-06-08,South,Apparel,Jeans,7,1532.14,5,10188.73,7237.16,2951.57,Net Banking,CUST3053
ORD105053,2025-08-18,Central,Beauty,Perfume,1,2648.98,25,1986.74,1993.8,-7.06,UPI,CUST2135
ORD105054,2024-06-20,East,Sports,Dumbbells,11,3323.58,0,36559.38,26785.12,9774.26,Credit Card,CUST2098
ORD105055,2025-03-04,West,Electronics,Smartphone,10,2767.03,10,24903.27,21304.56,3598.71,Debit Card,CUST1362
ORD105056,2024-10-22,South,Sports,Yoga Mat,4,3004.52,20,9614.46,7279.47,2334.99,Net Banking,CUST1295
ORD105057,2025-10-08,North,Beauty,Perfume,8,2462.65,10,17731.08,12899.13,4831.95,UPI,CUST1554
ORD105058,2024-10-31,West,Beauty,Face Wash,9,2063.45,0,18571.05,10248.14,8322.91,Debit Card,CUST1357
ORD105059,2025-02-05,West,Home & Kitchen,Mixer Grinder,6,902.13,0,5412.78,3234.31,2178.47,Credit Card,CUST1539
ORD105060,2025-08-17,Central,Electronics,Headphones,1,22980.82,0,22980.82,15903.0,7077.82,Credit Card,CUST2299
ORD105061,2024-08-20,Central,Electronics,Smartphone,8,55577.17,15,377924.76,288946.4,88978.36,Net Banking,CUST3288
ORD105062,2025-07-11,South,Electronics,Tablet,1,48315.78,10,43484.2,27023.71,16460.49,COD,CUST2172
ORD105063,2024-05-29,East,Electronics,Smartphone,1,37071.32,0,37071.32,27107.09,9964.23,UPI,CUST2549
ORD105064,2025-04-22,North,Beauty,Face Wash,7,1123.48,0,7864.36,5620.47,2243.89,Net Banking,CUST3120
ORD105065,2025-05-28,North,Apparel,Sneakers,2,1760.92,0,3521.84,2217.53,1304.31,Debit Card,CUST2918
ORD105066,2024-11-28,North,Apparel,Jeans,3,2232.63,15,5693.21,5035.95,657.26,Credit Card,CUST2470
ORD105067,2024-01-08,West,Beauty,Face Wash,7,2526.28,5,16799.76,13443.87,3355.89,Debit Card,CUST2432
ORD105068,2025-10-30,North,Home & Kitchen,Mixer Grinder,6,1073.4,15,5474.34,4549.67,924.67,COD,CUST3377
ORD105069,2024-01-22,Central,Home & Kitchen,Mixer Grinder,8,3274.8,5,24888.48,17376.32,7512.16,Debit Card,CUST2159
ORD105070,2024-09-08,East,Home & Kitchen,Air Fryer,8,3700.08,0,29600.64,18350.88,11249.76,UPI,CUST1464
ORD105071,2024-10-28,Central,Apparel,Kurta,8,627.34,10,4516.85,3223.74,1293.11,COD,CUST1911
ORD105072,2024-09-15,West,Beauty,Perfume,2,2688.92,0,5377.84,3586.12,1791.72,Net Banking,CUST2272
ORD105073,2024-02-26,East,Apparel,Kurta,5,1885.9,25,7072.12,5876.68,1195.44,Net Banking,CUST3281
ORD105074,2024-08-10,West,Beauty,Face Wash,8,2235.58,0,17884.64,10919.83,6964.81,Credit Card,CUST1984
ORD105075,2024-11-29,West,Sports,Yoga Mat,8,2580.77,15,17549.24,15283.33,2265.91,UPI,CUST2371
ORD105076,2024-06-01,South,Home & Kitchen,Mixer Grinder,3,245.93,0,737.79,507.08,230.71,Credit Card,CUST1564
ORD105077,2025-03-14,East,Electronics,Headphones,3,49642.74,0,148928.22,81942.14,66986.08,Credit Card,CUST1394
ORD105078,2024-09-03,Central,Apparel,Jacket,9,3836.34,0,34527.06,19537.56,14989.5,Debit Card,CUST3131
ORD105079,2024-08-08,South,Beauty,Perfume,10,2044.53,0,20445.3,14588.41,5856.89,Credit Card,CUST1418
ORD105080,2024-03-27,South,Beauty,Lipstick,3,2169.04,10,5856.41,3644.62,2211.79,Net Banking,CUST2519
ORD105081,2024-09-01,Central,Beauty,Lipstick,9,1363.55,10,11044.76,7232.52,3812.24,UPI,CUST1561
ORD105082,2025-01-12,West,Home & Kitchen,Cookware Set,1,3597.39,0,3597.39,2481.48,1115.91,Debit Card,CUST3037
ORD105083,2025-04-01,East,Electronics,Smartwatch,4,27660.83,0,110643.32,88338.93,22304.39,Debit Card,CUST3263
ORD105084,2025-11-09,West,Beauty,Face Wash,7,3344.88,25,17560.62,15386.93,2173.69,COD,CUST3185
ORD105085,2025-09-12,Central,Apparel,Kurta,9,3904.66,0,35141.94,24553.46,10588.48,UPI,CUST2412
ORD105086,2024-07-16,Central,Home & Kitchen,Air Fryer,10,2388.41,0,23884.1,17900.55,5983.55,Debit Card,CUST1356
ORD105087,2025-08-17,East,Apparel,Kurta,5,2829.29,5,13439.13,10786.24,2652.89,UPI,CUST2089
ORD105088,2024-07-13,West,Home & Kitchen,Cookware Set,10,1229.56,5,11680.82,9575.96,2104.86,Net Banking,CUST2602
ORD105089,2025-12-09,Central,Beauty,Perfume,6,696.36,0,4178.16,3268.35,909.81,Credit Card,CUST3266
ORD105090,2024-07-15,North,Home & Kitchen,Air Fryer,1,3602.53,25,2701.9,2327.04,374.86,COD,CUST2449
ORD105091,2024-10-13,North,Beauty,Lipstick,1,3941.57,15,3350.33,2459.43,890.9,COD,CUST2959
ORD105092,2025-02-17,Central,Home & Kitchen,Bedsheet Set,6,3619.02,10,19542.71,16947.84,2594.87,Net Banking,CUST1543
ORD105093,2025-05-05,East,Home & Kitchen,Mixer Grinder,4,3558.31,0,14233.24,8338.96,5894.28,COD,CUST1576
ORD105094,2025-11-30,Central,Apparel,Jeans,9,1510.15,10,12232.22,8680.43,3551.79,UPI,CUST3237
ORD105095,2025-02-18,North,Electronics,Tablet,10,46997.24,10,422975.16,296819.94,126155.22,Debit Card,CUST2861
ORD105096,2024-02-04,North,Home & Kitchen,Air Fryer,2,1072.06,0,2144.12,1609.62,534.5,Credit Card,CUST2384
ORD105097,2025-12-11,North,Beauty,Lipstick,2,2403.11,15,4085.29,3111.63,973.66,Debit Card,CUST2676
ORD105098,2025-06-08,North,Electronics,Laptop,1,49613.14,0,49613.14,34691.38,14921.76,Credit Card,CUST3469
ORD105099,2024-01-14,Central,Electronics,Smartwatch,5,26716.08,0,133580.4,83552.23,50028.17,COD,CUST2726
ORD105100,2024-10-11,North,Electronics,Tablet,9,37215.84,0,334942.56,237369.15,97573.41,UPI,CUST2814
ORD105101,2025-10-21,West,Home & Kitchen,Air Fryer,1,2452.81,5,2330.17,1508.9,821.27,COD,CUST2772
ORD105102,2024-04-14,South,Electronics,Laptop,2,40312.18,25,60468.27,52704.08,7764.19,Credit Card,CUST2344
ORD105103,2024-12-08,South,Beauty,Lipstick,9,3146.23,5,26900.27,17185.11,9715.16,Net Banking,CUST3476
ORD105104,2025-02-04,South,Home & Kitchen,Mixer Grinder,11,1871.06,10,18523.49,12552.05,5971.44,Credit Card,CUST3198
ORD105105,2024-09-14,South,Electronics,Laptop,4,46776.06,0,187104.24,110926.6,76177.64,COD,CUST3054
ORD105106,2025-07-02,North,Home & Kitchen,Air Fryer,3,2295.12,15,5852.56,4735.41,1117.15,Credit Card,CUST2165
ORD105107,2025-04-29,North,Apparel,Sneakers,6,2301.5,0,13809.0,10772.51,3036.49,Credit Card,CUST1822
ORD105108,2025-06-07,East,Home & Kitchen,Mixer Grinder,3,2106.11,0,6318.33,4083.82,2234.51,UPI,CUST1496
ORD105109,2025-05-10,Central,Apparel,Jacket,11,1584.3,10,15684.57,11049.86,4634.71,Net Banking,CUST3360
ORD105110,2025-05-10,North,Beauty,Lipstick,6,3049.42,10,16466.87,11129.3,5337.57,COD,CUST1728
ORD105111,2025-06-24,West,Home & Kitchen,Mixer Grinder,1,1111.41,0,1111.41,832.87,278.54,Credit Card,CUST1986
ORD105112,2024-06-26,South,Beauty,Perfume,7,2773.68,15,16503.4,12852.1,3651.3,COD,CUST1167
ORD105113,2024-10-13,East,Sports,Cricket Bat,5,150.93,10,679.18,521.13,158.05,Debit Card,CUST1015
ORD105114,2025-05-10,South,Home & Kitchen,Mixer Grinder,4,2961.7,15,10069.78,8930.91,1138.87,Credit Card,CUST3053
ORD105115,2025-11-23,West,Electronics,Smartphone,1,58230.09,10,52407.08,33933.32,18473.76,Net Banking,CUST2113
ORD105116,2024-09-02,East,Sports,Yoga Mat,2,2564.81,10,4616.66,3257.79,1358.87,Credit Card,CUST1178
ORD105117,2024-11-04,North,Apparel,Kurta,1,3084.91,0,3084.91,2152.93,931.98,Credit Card,CUST1541
ORD105118,2024-03-03,South,Home & Kitchen,Air Fryer,2,2988.79,0,5977.58,4069.35,1908.23,Credit Card,CUST1309
ORD105119,2024-12-08,North,Apparel,Sneakers,11,1632.76,20,14368.29,12186.04,2182.25,Debit Card,CUST3273
ORD105120,2025-04-18,North,Sports,Dumbbells,9,3405.97,10,27588.36,17080.38,10507.98,Credit Card,CUST2605
ORD105121,2024-06-24,Central,Sports,Dumbbells,4,448.1,10,1613.16,1394.39,218.77,Credit Card,CUST1337
ORD105122,2024-11-26,Central,Apparel,Jacket,5,2549.17,10,11471.27,10055.53,1415.74,Debit Card,CUST2547
ORD105123,2024-12-11,East,Apparel,Kurta,7,2171.22,15,12918.76,10412.38,2506.38,Net Banking,CUST1523
ORD105124,2025-10-20,Central,Apparel,Jacket,9,3063.73,0,27573.57,17059.46,10514.11,Net Banking,CUST3233
ORD105125,2024-12-09,East,Apparel,T-Shirt,5,861.07,0,4305.35,2891.96,1413.39,COD,CUST2563
ORD105126,2024-01-16,North,Electronics,Smartphone,8,23160.3,10,166754.16,146419.83,20334.33,COD,CUST2383
ORD105127,2024-09-15,North,Beauty,Face Wash,7,1769.72,10,11149.24,7722.51,3426.73,COD,CUST2011
ORD105128,2024-12-15,Central,Sports,Football,1,3281.79,0,3281.79,2625.03,656.76,Credit Card,CUST2103
ORD105129,2025-03-27,West,Electronics,Tablet,3,4186.31,5,11930.98,9009.94,2921.04,COD,CUST3080
ORD105130,2024-05-15,North,Beauty,Lipstick,9,1854.31,0,16688.79,10431.62,6257.17,UPI,CUST1412
ORD105131,2024-10-25,South,Beauty,Lipstick,7,3934.14,15,23408.13,19783.69,3624.44,UPI,CUST2335
ORD105132,2025-11-15,East,Apparel,Kurta,5,1665.98,15,7080.41,6465.78,614.63,Net Banking,CUST3437
ORD105133,2024-03-11,South,Sports,Dumbbells,7,3031.87,0,21223.09,12658.15,8564.94,Credit Card,CUST3450
ORD105134,2025-01-07,West,Electronics,Smartwatch,1,17533.5,0,17533.5,11856.14,5677.36,COD,CUST1881
ORD105135,2024-12-17,East,Beauty,Perfume,7,1511.47,10,9522.26,7116.55,2405.71,Net Banking,CUST3078
ORD105136,2024-11-17,South,Electronics,Laptop,10,44729.1,0,447291.0,349411.53,97879.47,Net Banking,CUST3200
ORD105137,2025-06-27,West,Electronics,Smartphone,1,13430.39,5,12758.87,9484.68,3274.19,UPI,CUST1140
ORD105138,2024-03-28,East,Beauty,Lipstick,11,3526.51,0,38791.61,26254.26,12537.35,UPI,CUST2244
ORD105139,2024-03-27,East,Beauty,Perfume,4,624.76,0,2499.04,1964.27,534.77,Credit Card,CUST2709
ORD105140,2024-04-22,South,Beauty,Lipstick,11,433.89,0,4772.79,3765.14,1007.65,Debit Card,CUST1165
ORD105141,2024-02-03,Central,Electronics,Laptop,7,13260.43,0,92823.01,72520.95,20302.06,UPI,CUST1244
ORD105142,2024-01-20,East,Apparel,Jeans,2,3570.35,0,7140.7,4125.61,3015.09,Net Banking,CUST1177
ORD105143,2025-06-06,North,Electronics,Smartphone,11,33352.21,20,293499.45,291374.71,2124.74,Credit Card,CUST1274
ORD105144,2025-12-05,West,Sports,Cricket Bat,7,3767.06,0,26369.42,19291.64,7077.78,Credit Card,CUST2845
ORD105145,2025-02-03,North,Home & Kitchen,Cookware Set,1,3958.75,5,3760.81,2852.47,908.34,Debit Card,CUST1416
ORD105146,2025-05-23,Central,Sports,Football,9,3104.06,0,27936.54,18705.41,9231.13,Net Banking,CUST2474
ORD105147,2025-03-02,South,Apparel,T-Shirt,6,1242.47,0,7454.82,4636.65,2818.17,Credit Card,CUST3112
ORD105148,2025-11-08,West,Electronics,Smartwatch,1,15967.08,0,15967.08,12479.55,3487.53,COD,CUST2656
ORD105149,2025-02-24,Central,Apparel,Jeans,9,1949.09,5,16664.72,12084.95,4579.77,Credit Card,CUST2212
ORD105150,2025-12-21,West,Home & Kitchen,Air Fryer,10,1903.17,5,18080.12,13487.22,4592.9,Net Banking,CUST1285
ORD105151,2024-06-19,East,Sports,Football,7,3552.34,10,22379.74,17573.87,4805.87,Debit Card,CUST2463
ORD105152,2025-09-19,South,Apparel,T-Shirt,1,574.92,15,488.68,365.95,122.73,Debit Card,CUST3330
ORD105153,2024-06-03,East,Sports,Football,10,3020.7,0,30207.0,22493.39,7713.61,UPI,CUST2806
ORD105154,2025-04-17,South,Beauty,Face Wash,3,2735.3,15,6975.02,5943.5,1031.52,UPI,CUST2732
ORD105155,2025-12-12,North,Beauty,Perfume,10,789.8,25,5923.5,4849.05,1074.45,UPI,CUST2989
ORD105156,2025-09-06,East,Beauty,Lipstick,8,668.17,10,4810.82,3599.0,1211.82,Debit Card,CUST1848
ORD105157,2024-10-27,East,Apparel,T-Shirt,1,172.55,5,163.92,122.19,41.73,COD,CUST1175
ORD105158,2024-08-26,Central,Beauty,Face Wash,1,3146.26,0,3146.26,1836.44,1309.82,UPI,CUST3146
ORD105159,2024-11-24,North,Electronics,Smartwatch,6,53928.11,0,323568.66,209297.36,114271.3,Credit Card,CUST2831
ORD105160,2024-01-31,South,Home & Kitchen,Cookware Set,3,2377.23,5,6775.11,5302.71,1472.4,Debit Card,CUST1290
ORD105161,2025-01-02,South,Electronics,Laptop,6,47286.34,0,283718.04,178858.75,104859.29,COD,CUST2790
ORD105162,2024-06-18,Central,Apparel,T-Shirt,7,2087.31,0,14611.17,10274.05,4337.12,UPI,CUST1660
ORD105163,2024-07-19,Central,Electronics,Headphones,9,35522.14,10,287729.33,181491.17,106238.16,Credit Card,CUST1108
ORD105164,2024-12-30,North,Sports,Football,8,2337.09,10,16827.05,10605.86,6221.19,Net Banking,CUST1427
ORD105165,2025-09-29,West,Sports,Cricket Bat,6,3958.65,10,21376.71,18957.39,2419.32,Credit Card,CUST2084
ORD105166,2024-12-11,West,Electronics,Tablet,2,43693.1,15,74278.27,66693.92,7584.35,UPI,CUST1883
ORD105167,2025-07-08,East,Sports,Dumbbells,2,434.7,15,738.99,694.94,44.05,Debit Card,CUST1988
ORD105168,2025-07-09,Central,Sports,Cricket Bat,1,470.85,20,376.68,311.39,65.29,Net Banking,CUST2846
ORD105169,2025-01-04,West,Sports,Football,7,1673.97,5,11131.9,7164.21,3967.69,UPI,CUST1884
ORD105170,2025-03-17,Central,Electronics,Smartwatch,8,29791.18,0,238329.44,171032.11,67297.33,Debit Card,CUST1242
ORD105171,2024-12-07,East,Electronics,Smartphone,6,26587.48,5,151548.64,114137.43,37411.21,UPI,CUST3207
ORD105172,2024-09-13,North,Beauty,Perfume,10,2805.66,0,28056.6,17090.12,10966.48,Debit Card,CUST1069
ORD105173,2025-11-23,Central,Beauty,Perfume,11,1641.02,5,17148.66,11885.73,5262.93,Debit Card,CUST1054
ORD105174,2025-04-30,Central,Beauty,Perfume,3,804.31,0,2412.93,1599.41,813.52,Net Banking,CUST2038
ORD105175,2024-05-26,North,Home & Kitchen,Air Fryer,10,664.42,0,6644.2,5120.12,1524.08,Credit Card,CUST2798
ORD105176,2024-10-16,South,Sports,Yoga Mat,10,975.22,10,8776.98,7775.18,1001.8,COD,CUST1026
ORD105177,2024-03-06,North,Apparel,T-Shirt,5,2184.64,0,10923.2,7804.55,3118.65,UPI,CUST1266
ORD105178,2025-07-05,Central,Sports,Yoga Mat,7,460.16,15,2737.95,2090.13,647.82,Net Banking,CUST2903
ORD105179,2025-01-14,South,Sports,Yoga Mat,1,3792.89,0,3792.89,2652.83,1140.06,UPI,CUST2440
ORD105180,2024-06-27,East,Apparel,T-Shirt,6,717.56,0,4305.36,2868.12,1437.24,Credit Card,CUST2293
ORD105181,2024-07-05,West,Home & Kitchen,Air Fryer,10,1105.04,0,11050.4,8348.31,2702.09,Net Banking,CUST2546
ORD105182,2025-07-12,Central,Apparel,Jeans,10,567.42,10,5106.78,4473.94,632.84,Credit Card,CUST1885
ORD105183,2025-04-17,East,Electronics,Smartwatch,7,12312.4,10,77568.12,61727.91,15840.21,Debit Card,CUST2363
ORD105184,2024-01-14,North,Sports,Yoga Mat,5,243.97,0,1219.85,711.85,508.0,UPI,CUST1148
ORD105185,2024-12-03,North,Electronics,Laptop,11,13704.38,5,143210.77,95290.16,47920.61,UPI,CUST2914
ORD105186,2025-09-12,South,Electronics,Headphones,6,20451.98,10,110440.69,76406.37,34034.32,UPI,CUST2012
ORD105187,2024-01-20,West,Apparel,Jeans,3,753.59,25,1695.58,1283.11,412.47,COD,CUST3453
ORD105188,2025-05-22,North,Home & Kitchen,Cookware Set,4,2637.72,0,10550.88,8068.92,2481.96,UPI,CUST3040
ORD105189,2024-05-21,North,Home & Kitchen,Cookware Set,6,1019.77,5,5812.69,3839.76,1972.93,UPI,CUST1765
ORD105190,2024-01-05,West,Sports,Cricket Bat,8,1444.62,0,11556.96,7094.94,4462.02,Net Banking,CUST1954
ORD105191,2024-10-17,East,Electronics,Smartwatch,8,32609.49,10,234788.33,191378.31,43410.02,COD,CUST1143
ORD105192,2024-04-29,North,Apparel,T-Shirt,5,3032.24,10,13645.08,10548.27,3096.81,Net Banking,CUST3227
ORD105193,2025-08-15,West,Sports,Yoga Mat,7,320.93,0,2246.51,1773.35,473.16,COD,CUST1405
ORD105194,2025-09-28,West,Beauty,Lipstick,11,2988.65,0,32875.15,22233.16,10641.99,Debit Card,CUST2901
ORD105195,2024-11-11,Central,Electronics,Tablet,6,24388.09,0,146328.54,88405.41,57923.13,UPI,CUST2855
ORD105196,2024-09-05,North,Apparel,T-Shirt,1,615.01,5,584.26,351.68,232.58,UPI,CUST2876
ORD105197,2025-05-16,West,Sports,Cricket Bat,8,2111.69,0,16893.52,13186.05,3707.47,Credit Card,CUST1108
ORD105198,2025-10-13,West,Beauty,Lipstick,5,3829.97,0,19149.85,13453.55,5696.3,Debit Card,CUST3192
ORD105199,2025-04-09,Central,Electronics,Laptop,3,56494.6,0,169483.8,109618.06,59865.74,Debit Card,CUST3228
ORD105200,2024-08-19,North,Apparel,T-Shirt,4,1753.11,15,5960.57,4989.11,971.46,Net Banking,CUST1261
ORD105201,2024-01-19,East,Apparel,Kurta,9,2301.06,0,20709.54,11551.68,9157.86,Credit Card,CUST1227
ORD105202,2025-01-10,West,Sports,Football,11,314.06,10,3109.19,2352.12,757.07,UPI,CUST1832
ORD105203,2024-05-27,North,Apparel,Kurta,3,2155.38,5,6142.83,5116.95,1025.88,UPI,CUST3084
ORD105204,2025-10-22,West,Electronics,Smartwatch,10,35705.52,0,357055.2,224307.2,132748.0,Credit Card,CUST2040
ORD105205,2024-06-07,East,Sports,Cricket Bat,10,2592.75,15,22038.38,14847.76,7190.62,COD,CUST1714
ORD105206,2025-04-26,West,Sports,Dumbbells,2,676.41,10,1217.54,764.01,453.53,COD,CUST1772
ORD105207,2024-07-04,West,Beauty,Face Wash,9,580.43,15,4440.29,3266.79,1173.5,UPI,CUST2737
ORD105208,2024-03-14,North,Beauty,Perfume,4,2149.59,25,6448.77,6222.75,226.02,Debit Card,CUST1793
ORD105209,2024-02-18,East,Sports,Football,10,2988.5,0,29885.0,23616.9,6268.1,Net Banking,CUST2575
ORD105210,2025-11-26,Central,Electronics,Headphones,5,56696.75,10,255135.38,204967.16,50168.22,Net Banking,CUST2075
ORD105211,2024-11-24,North,Home & Kitchen,Air Fryer,2,927.94,15,1577.5,1466.86,110.64,COD,CUST1326
ORD105212,2024-08-30,South,Beauty,Hair Serum,8,2012.98,15,13688.26,11959.68,1728.58,Net Banking,CUST1651
ORD105213,2024-11-28,South,Sports,Yoga Mat,3,823.71,10,2224.02,1733.3,490.72,Debit Card,CUST2124
ORD105214,2024-07-14,North,Beauty,Lipstick,2,3916.09,0,7832.18,5437.63,2394.55,Net Banking,CUST1135
ORD105215,2025-09-01,South,Sports,Football,5,1744.99,0,8724.95,6439.5,2285.45,COD,CUST3279
ORD105216,2024-04-10,South,Apparel,Jeans,3,307.83,0,923.49,652.44,271.05,COD,CUST1443
ORD105217,2024-04-27,North,Apparel,Sneakers,5,2385.88,15,10139.99,8138.37,2001.62,Credit Card,CUST2652
ORD105218,2025-04-20,East,Home & Kitchen,Cookware Set,10,3539.76,0,35397.6,21804.86,13592.74,UPI,CUST2306
ORD105219,2025-11-16,East,Beauty,Perfume,4,1489.39,25,4468.17,4657.03,-188.86,Debit Card,CUST2290
ORD105220,2025-08-16,South,Home & Kitchen,Air Fryer,7,1415.53,0,9908.71,6419.11,3489.6,Credit Card,CUST1292
ORD105221,2025-11-20,Central,Sports,Cricket Bat,9,1591.5,0,14323.5,9478.35,4845.15,COD,CUST2047
ORD105222,2024-02-28,Central,Sports,Cricket Bat,7,1078.7,10,6795.81,5221.48,1574.33,COD,CUST1401
ORD105223,2024-02-28,East,Apparel,Jeans,5,1481.63,10,6667.34,4613.51,2053.83,Credit Card,CUST2928
ORD105224,2024-06-08,East,Sports,Football,8,3822.81,10,27524.23,21608.48,5915.75,UPI,CUST2555
ORD105225,2025-04-05,East,Apparel,Kurta,2,788.92,0,1577.84,1142.5,435.34,UPI,CUST1498
ORD105226,2024-10-02,West,Apparel,Jacket,3,2808.71,10,7583.52,6151.0,1432.52,UPI,CUST2180
ORD105227,2024-01-31,East,Home & Kitchen,Mixer Grinder,11,386.36,15,3612.47,2566.77,1045.7,Debit Card,CUST1598
ORD105228,2024-05-02,South,Apparel,Jeans,1,3696.05,10,3326.44,2568.77,757.67,Net Banking,CUST2253
ORD105229,2025-07-02,South,Apparel,T-Shirt,6,2910.56,0,17463.36,12967.36,4496.0,Credit Card,CUST3087
ORD105230,2025-11-11,Central,Electronics,Headphones,7,6303.25,10,39710.48,30081.99,9628.49,COD,CUST3337
ORD105231,2024-07-27,East,Beauty,Face Wash,7,2733.42,5,18177.24,12293.58,5883.66,Net Banking,CUST1951
ORD105232,2024-11-04,West,Home & Kitchen,Bedsheet Set,2,1146.23,5,2177.84,1617.51,560.33,Debit Card,CUST2009
ORD105233,2024-04-21,East,Home & Kitchen,Bedsheet Set,10,2165.24,0,21652.4,13116.23,8536.17,COD,CUST1303
ORD105234,2025-03-22,East,Beauty,Lipstick,1,3908.59,0,3908.59,2670.04,1238.55,UPI,CUST3379
ORD105235,2025-12-13,West,Home & Kitchen,Cookware Set,6,902.51,20,4332.05,3405.86,926.19,Net Banking,CUST2827
ORD105236,2025-10-12,East,Sports,Football,5,3002.52,20,12010.08,11500.68,509.4,COD,CUST1526
ORD105237,2024-06-17,North,Beauty,Hair Serum,6,2236.07,5,12745.6,10086.34,2659.26,COD,CUST3099
ORD105238,2025-10-10,South,Apparel,Jacket,3,3849.37,5,10970.7,7000.5,3970.2,Credit Card,CUST2890
ORD105239,2024-11-02,East,Apparel,Jacket,3,2844.69,20,6827.26,4893.25,1934.01,Net Banking,CUST2277
ORD105240,2025-02-07,North,Electronics,Tablet,2,52325.14,15,88952.74,75716.33,13236.41,Debit Card,CUST2199
ORD105241,2025-05-31,Central,Home & Kitchen,Air Fryer,11,970.23,0,10672.53,6827.41,3845.12,Credit Card,CUST3366
ORD105242,2024-04-20,West,Home & Kitchen,Cookware Set,2,2051.8,10,3693.24,2706.08,987.16,Debit Card,CUST2243
ORD105243,2025-05-01,East,Apparel,Jacket,11,2342.8,0,25770.8,16866.91,8903.89,Debit Card,CUST2047
ORD105244,2025-06-24,East,Beauty,Hair Serum,4,1214.12,0,4856.48,2826.0,2030.48,COD,CUST3263
ORD105245,2025-06-26,South,Apparel,T-Shirt,4,2179.29,10,7845.44,4897.84,2947.6,Credit Card,CUST3255
ORD105246,2024-01-24,South,Beauty,Lipstick,7,1603.38,10,10101.29,6801.3,3299.99,UPI,CUST2534
ORD105247,2025-09-03,East,Home & Kitchen,Mixer Grinder,1,1286.02,0,1286.02,790.11,495.91,UPI,CUST2589
ORD105248,2024-03-30,East,Beauty,Face Wash,7,2124.1,0,14868.7,8427.93,6440.77,Credit Card,CUST2112
ORD105249,2024-05-02,South,Home & Kitchen,Cookware Set,6,2072.27,15,10568.58,9645.27,923.31,UPI,CUST1326
ORD105250,2024-03-21,East,Beauty,Face Wash,9,1330.25,25,8979.19,8623.85,355.34,Net Banking,CUST2158
ORD105251,2024-07-20,North,Home & Kitchen,Cookware Set,3,2543.96,20,6105.5,4575.9,1529.6,COD,CUST2563
ORD105252,2025-11-27,South,Sports,Football,9,924.37,10,7487.4,6293.19,1194.21,COD,CUST3216
ORD105253,2024-03-10,North,Apparel,T-Shirt,8,1471.12,10,10592.06,8335.54,2256.52,Credit Card,CUST3401
ORD105254,2024-11-23,West,Sports,Cricket Bat,2,1583.94,5,3009.49,1905.84,1103.65,Debit Card,CUST3424
ORD105255,2024-10-21,South,Home & Kitchen,Cookware Set,2,1093.94,10,1969.09,1695.95,273.14,Credit Card,CUST2539
ORD105256,2025-05-11,Central,Electronics,Headphones,10,14856.68,0,148566.8,108595.48,39971.32,COD,CUST2448
ORD105257,2025-07-28,East,Electronics,Tablet,7,17885.27,0,125196.89,77524.43,47672.46,Net Banking,CUST1303
ORD105258,2025-10-17,East,Apparel,Jeans,2,3894.35,15,6620.4,4617.37,2003.03,Net Banking,CUST1988
ORD105259,2025-03-04,Central,Apparel,Sneakers,8,870.12,10,6264.86,4781.11,1483.75,COD,CUST2289
ORD105260,2024-08-17,West,Home & Kitchen,Air Fryer,7,2737.8,5,18206.37,15115.32,3091.05,Credit Card,CUST2893
ORD105261,2025-02-02,South,Electronics,Smartwatch,4,51192.86,0,204771.44,117888.83,86882.61,UPI,CUST2865
ORD105262,2024-10-25,West,Electronics,Tablet,4,48891.39,5,185787.28,144649.52,41137.76,Net Banking,CUST3105
ORD105263,2024-06-25,West,Apparel,Jeans,7,300.59,0,2104.13,1343.16,760.97,COD,CUST2723
ORD105264,2025-01-04,Central,Beauty,Perfume,6,1234.41,0,7406.46,5645.4,1761.06,COD,CUST2052
ORD105265,2025-06-27,West,Beauty,Lipstick,6,265.5,15,1354.05,1088.0,266.05,UPI,CUST1189
ORD105266,2024-03-16,North,Apparel,Sneakers,3,308.94,10,834.14,612.66,221.48,Credit Card,CUST1153
ORD105267,2024-09-25,North,Home & Kitchen,Mixer Grinder,7,3348.5,15,19923.58,15985.57,3938.01,Net Banking,CUST1605
ORD105268,2024-12-08,Central,Apparel,Sneakers,4,1006.87,0,4027.48,2463.61,1563.87,Credit Card,CUST1137
ORD105269,2024-04-08,East,Electronics,Headphones,5,2023.86,15,8601.4,6809.05,1792.35,Debit Card,CUST2102
ORD105270,2025-11-27,North,Electronics,Smartphone,11,20861.35,0,229474.85,170415.63,59059.22,UPI,CUST3064
ORD105271,2024-12-09,South,Beauty,Perfume,6,3883.65,0,23301.9,15753.62,7548.28,Credit Card,CUST1173
ORD105272,2025-05-01,East,Home & Kitchen,Cookware Set,9,1823.99,15,13953.52,11096.74,2856.78,COD,CUST1236
ORD105273,2024-06-05,West,Apparel,T-Shirt,11,3309.65,10,32765.54,20864.91,11900.63,Credit Card,CUST2157
ORD105274,2025-05-09,South,Sports,Dumbbells,3,3687.82,10,9957.11,8108.45,1848.66,Debit Card,CUST2741
ORD105275,2025-04-28,West,Electronics,Laptop,6,45793.97,0,274763.82,183230.98,91532.84,Debit Card,CUST2917
ORD105276,2025-07-31,South,Electronics,Smartwatch,4,1847.64,10,6651.5,5148.47,1503.03,Credit Card,CUST2041
ORD105277,2024-03-12,South,Apparel,T-Shirt,11,3357.87,10,33242.91,21121.96,12120.95,COD,CUST3198
ORD105278,2024-09-17,East,Sports,Dumbbells,10,1060.95,5,10079.02,6669.57,3409.45,UPI,CUST2194
ORD105279,2025-02-09,South,Sports,Football,10,3156.96,0,31569.6,18572.07,12997.53,Credit Card,CUST2766
ORD105280,2024-05-12,Central,Sports,Yoga Mat,8,3469.65,15,23593.62,18156.39,5437.23,COD,CUST2729
ORD105281,2025-02-24,South,Apparel,Jacket,10,363.92,10,3275.28,2591.83,683.45,Net Banking,CUST2409
ORD105282,2024-11-20,South,Sports,Dumbbells,1,754.03,15,640.93,532.96,107.97,UPI,CUST1583
ORD105283,2025-01-01,South,Apparel,Jeans,1,3713.15,10,3341.84,2877.95,463.89,COD,CUST3050
ORD105284,2024-03-10,South,Apparel,Kurta,4,2568.66,0,10274.64,6146.94,4127.7,Debit Card,CUST3133
ORD105285,2025-06-01,North,Sports,Yoga Mat,6,2102.44,5,11983.91,7434.88,4549.03,Net Banking,CUST2847
ORD105286,2025-12-10,South,Home & Kitchen,Bedsheet Set,2,2867.5,0,5735.0,4144.71,1590.29,Net Banking,CUST3149
ORD105287,2025-07-29,South,Apparel,Jeans,10,2883.04,10,25947.36,20477.96,5469.4,COD,CUST2886
ORD105288,2024-10-06,Central,Beauty,Face Wash,9,3129.13,25,21121.63,21745.71,-624.08,Net Banking,CUST3022
ORD105289,2024-05-09,West,Electronics,Smartwatch,8,24378.64,15,165774.75,119311.38,46463.37,Credit Card,CUST2869
ORD105290,2024-06-13,West,Electronics,Tablet,4,56981.09,25,170943.27,157745.34,13197.93,Credit Card,CUST1168
ORD105291,2025-06-28,West,Sports,Yoga Mat,11,2020.39,20,17779.43,12827.36,4952.07,Debit Card,CUST2653
ORD105292,2025-03-23,Central,Beauty,Face Wash,4,3961.88,15,13470.39,10454.55,3015.84,UPI,CUST1573
ORD105293,2025-05-28,North,Apparel,Sneakers,8,793.4,10,5712.48,3849.9,1862.58,Credit Card,CUST2523
ORD105294,2024-03-23,North,Electronics,Smartwatch,5,47214.67,0,236073.35,147360.45,88712.9,UPI,CUST2610
ORD105295,2025-09-04,East,Beauty,Face Wash,7,2072.88,10,13059.14,10705.53,2353.61,Debit Card,CUST3442
ORD105296,2024-06-04,Central,Apparel,Kurta,1,3152.01,5,2994.41,2378.57,615.84,UPI,CUST1243
ORD105297,2025-06-30,West,Electronics,Smartwatch,2,22637.75,0,45275.5,33255.31,12020.19,Net Banking,CUST1748
ORD105298,2025-06-03,West,Sports,Dumbbells,4,173.75,15,590.75,400.02,190.73,COD,CUST3248
ORD105299,2024-08-19,West,Apparel,Jacket,4,2367.01,10,8521.24,7154.83,1366.41,Net Banking,CUST1053
ORD105300,2025-12-28,South,Apparel,Jeans,10,2095.89,0,20958.9,12122.54,8836.36,UPI,CUST2872
ORD105301,2024-11-17,South,Apparel,Jeans,2,1725.66,25,2588.49,2084.66,503.83,Debit Card,CUST1072
ORD105302,2025-12-25,Central,Electronics,Smartphone,11,55831.7,0,614148.7,410065.67,204083.03,Net Banking,CUST2101
ORD105303,2024-11-03,East,Home & Kitchen,Cookware Set,8,1320.55,15,8979.74,8217.29,762.45,Debit Card,CUST1584
ORD105304,2025-06-22,South,Sports,Yoga Mat,4,2464.32,10,8871.55,6394.32,2477.23,UPI,CUST3481
ORD105305,2024-12-24,North,Home & Kitchen,Bedsheet Set,1,3700.76,10,3330.68,2815.7,514.98,COD,CUST1167
ORD105306,2025-10-31,East,Apparel,Kurta,2,2141.31,0,4282.62,3187.07,1095.55,UPI,CUST1088
ORD105307,2024-12-10,West,Home & Kitchen,Mixer Grinder,11,1786.9,0,19655.9,13921.33,5734.57,UPI,CUST3210
ORD105308,2024-10-12,North,Beauty,Perfume,1,3960.85,5,3762.81,2978.62,784.19,Credit Card,CUST1800
ORD105309,2024-07-14,East,Sports,Cricket Bat,4,1111.25,10,4000.5,3237.03,763.47,COD,CUST1139
ORD105310,2025-10-16,North,Beauty,Lipstick,10,1662.14,0,16621.4,13097.81,3523.59,UPI,CUST3383
ORD105311,2025-01-24,East,Electronics,Smartwatch,10,40317.52,0,403175.2,262493.4,140681.8,UPI,CUST3477
ORD105312,2025-04-12,North,Sports,Dumbbells,1,3329.12,5,3162.66,2508.98,653.68,Debit Card,CUST3007
ORD105313,2024-07-28,North,Home & Kitchen,Cookware Set,11,3460.03,10,34254.3,28534.07,5720.23,Credit Card,CUST2540
ORD105314,2024-05-09,South,Apparel,Sneakers,5,3269.42,0,16347.1,9131.86,7215.24,COD,CUST2622
ORD105315,2025-07-11,East,Electronics,Tablet,3,15871.84,10,42853.97,34511.72,8342.25,COD,CUST1622
ORD105316,2025-09-20,West,Apparel,Kurta,1,1704.5,20,1363.6,1073.81,289.79,Net Banking,CUST1598
ORD105317,2025-06-21,East,Beauty,Face Wash,6,3707.62,20,17796.58,13838.62,3957.96,Net Banking,CUST2068
ORD105318,2025-05-07,East,Beauty,Face Wash,4,1448.09,5,5502.74,4488.32,1014.42,Net Banking,CUST3370
ORD105319,2025-08-13,South,Home & Kitchen,Mixer Grinder,1,1232.43,15,1047.57,684.62,362.95,Credit Card,CUST2270
ORD105320,2024-08-06,West,Home & Kitchen,Mixer Grinder,6,3664.04,25,16488.18,16345.31,142.87,Net Banking,CUST1064
ORD105321,2024-09-02,Central,Electronics,Smartphone,11,15970.05,20,140536.44,135653.81,4882.63,Net Banking,CUST2498
ORD105322,2024-01-25,East,Home & Kitchen,Bedsheet Set,2,3517.44,20,5627.9,4046.65,1581.25,Credit Card,CUST3122
ORD105323,2024-05-17,Central,Sports,Cricket Bat,6,2749.6,0,16497.6,10250.53,6247.07,COD,CUST1308
ORD105324,2025-06-11,Central,Sports,Yoga Mat,7,2954.64,0,20682.48,13830.05,6852.43,Net Banking,CUST3017
ORD105325,2024-02-24,East,Beauty,Hair Serum,2,2924.21,0,5848.42,4098.31,1750.11,UPI,CUST2231
ORD105326,2024-11-10,North,Electronics,Smartwatch,1,42698.1,0,42698.1,24793.19,17904.91,UPI,CUST1596
ORD105327,2025-11-02,South,Electronics,Headphones,2,2765.18,0,5530.36,3762.02,1768.34,COD,CUST1922
ORD105328,2024-09-03,North,Apparel,T-Shirt,8,3267.5,20,20912.0,17714.69,3197.31,Debit Card,CUST1466
ORD105329,2025-04-30,South,Beauty,Face Wash,8,2811.91,15,19120.99,14219.15,4901.84,Credit Card,CUST1925
ORD105330,2025-10-11,North,Apparel,Jacket,10,1031.75,10,9285.75,6408.06,2877.69,UPI,CUST2234
ORD105331,2025-10-24,West,Sports,Yoga Mat,4,3173.29,0,12693.16,9821.81,2871.35,Debit Card,CUST1067
ORD105332,2025-04-19,Central,Beauty,Hair Serum,6,1739.51,0,10437.06,6036.47,4400.59,Debit Card,CUST2906
ORD105333,2025-09-15,North,Beauty,Hair Serum,2,2244.41,0,4488.82,2718.07,1770.75,Debit Card,CUST1600
ORD105334,2024-04-04,South,Sports,Football,7,226.95,25,1191.49,1069.24,122.25,Credit Card,CUST3052
ORD105335,2025-09-23,West,Apparel,Sneakers,3,1830.5,5,5216.92,3339.23,1877.69,COD,CUST1025
ORD105336,2024-06-10,Central,Apparel,T-Shirt,9,1406.68,10,11394.11,9962.21,1431.9,UPI,CUST2096
ORD105337,2024-08-20,West,Apparel,Sneakers,7,3763.05,10,23707.22,19108.34,4598.88,Credit Card,CUST1441
ORD105338,2025-08-12,Central,Beauty,Lipstick,4,3403.44,10,12252.38,8451.37,3801.01,Debit Card,CUST2535
ORD105339,2024-08-17,Central,Sports,Football,6,2776.29,0,16657.74,10666.99,5990.75,COD,CUST3095
ORD105340,2025-03-23,South,Home & Kitchen,Cookware Set,5,1987.85,25,7454.44,6481.33,973.11,Debit Card,CUST1204
ORD105341,2024-06-28,North,Home & Kitchen,Cookware Set,1,2380.64,0,2380.64,1500.98,879.66,Debit Card,CUST2382
ORD105342,2025-08-31,East,Electronics,Smartwatch,7,11295.61,15,67208.88,46043.43,21165.45,Net Banking,CUST2410
ORD105343,2024-09-20,Central,Apparel,T-Shirt,10,256.32,25,1922.4,1607.09,315.31,Debit Card,CUST2364
ORD105344,2024-11-24,South,Home & Kitchen,Cookware Set,1,2954.42,5,2806.7,1722.7,1084.0,Credit Card,CUST2022
ORD105345,2024-12-13,South,Apparel,T-Shirt,8,2155.55,10,15519.96,11077.59,4442.37,Credit Card,CUST1529
ORD105346,2025-08-25,East,Sports,Cricket Bat,10,3498.96,0,34989.6,19494.81,15494.79,Credit Card,CUST1888
ORD105347,2025-04-01,West,Home & Kitchen,Bedsheet Set,11,1049.76,0,11547.36,7208.6,4338.76,Net Banking,CUST1048
ORD105348,2024-06-29,East,Home & Kitchen,Bedsheet Set,7,2728.34,15,16233.62,11619.84,4613.78,COD,CUST2675
ORD105349,2025-08-06,North,Electronics,Smartphone,7,4314.55,25,22651.39,21750.65,900.74,UPI,CUST1293
ORD105350,2025-06-21,West,Beauty,Hair Serum,6,2643.59,10,14275.39,12185.25,2090.14,Net Banking,CUST3106
ORD105351,2024-09-14,West,Home & Kitchen,Bedsheet Set,9,1445.29,15,11056.47,9606.6,1449.87,COD,CUST3050
ORD105352,2025-02-21,Central,Home & Kitchen,Bedsheet Set,10,1288.25,5,12238.38,8933.43,3304.95,COD,CUST1896
ORD105353,2024-02-13,West,Home & Kitchen,Mixer Grinder,4,3792.36,5,14410.97,10453.41,3957.56,UPI,CUST3380
ORD105354,2025-04-13,West,Beauty,Lipstick,9,1172.71,0,10554.39,6213.45,4340.94,Credit Card,CUST2760
ORD105355,2025-09-28,North,Home & Kitchen,Air Fryer,4,2624.43,20,8398.18,7880.24,517.94,Credit Card,CUST2742
ORD105356,2024-06-05,East,Beauty,Perfume,1,903.28,0,903.28,590.41,312.87,Net Banking,CUST2426
ORD105357,2025-08-10,South,Apparel,Sneakers,9,1179.92,15,9026.39,6714.69,2311.7,Credit Card,CUST3126
ORD105358,2024-05-24,East,Sports,Football,1,2477.46,10,2229.71,1753.24,476.47,Debit Card,CUST3293
ORD105359,2025-08-24,West,Beauty,Perfume,2,957.26,5,1818.79,1273.67,545.12,COD,CUST1382
ORD105360,2025-12-10,Central,Electronics,Smartphone,6,28075.52,10,151607.81,106808.85,44798.96,Net Banking,CUST2400
ORD105361,2024-08-30,West,Apparel,Kurta,3,2145.4,0,6436.2,4463.97,1972.23,UPI,CUST3313
ORD105362,2025-07-03,North,Home & Kitchen,Cookware Set,6,880.75,10,4756.05,3613.96,1142.09,Net Banking,CUST2403
ORD105363,2024-09-05,North,Sports,Football,8,3837.7,5,29166.52,17970.08,11196.44,UPI,CUST3346
ORD105364,2024-02-29,North,Home & Kitchen,Air Fryer,5,3612.27,0,18061.35,12539.03,5522.32,UPI,CUST2790
ORD105365,2025-06-18,West,Sports,Yoga Mat,8,2163.82,0,17310.56,11616.2,5694.36,COD,CUST2588
ORD105366,2024-10-10,East,Apparel,Sneakers,10,1495.77,5,14209.82,9315.88,4893.94,UPI,CUST3492
ORD105367,2024-07-25,Central,Electronics,Headphones,1,35218.08,15,29935.37,26537.18,3398.19,Net Banking,CUST1987
ORD105368,2025-04-26,Central,Sports,Dumbbells,5,513.55,10,2310.98,1741.84,569.14,COD,CUST1027
ORD105369,2025-05-12,West,Home & Kitchen,Air Fryer,9,985.89,5,8429.36,5971.76,2457.6,COD,CUST3305
ORD105370,2024-04-22,East,Apparel,Jacket,6,676.46,5,3855.82,2464.64,1391.18,Net Banking,CUST2394
ORD105371,2025-03-02,East,Home & Kitchen,Cookware Set,1,2447.68,0,2447.68,1795.01,652.67,Net Banking,CUST3236
ORD105372,2024-03-22,Central,Electronics,Headphones,4,38387.63,10,138195.47,111635.88,26559.59,Credit Card,CUST3428
ORD105373,2025-12-22,Central,Beauty,Perfume,9,2784.77,15,21303.49,15868.48,5435.01,UPI,CUST1569
ORD105374,2025-04-05,Central,Home & Kitchen,Air Fryer,11,3579.21,5,37402.74,21919.03,15483.71,COD,CUST1311
ORD105375,2025-01-16,Central,Home & Kitchen,Cookware Set,10,2602.4,0,26024.0,15779.65,10244.35,Net Banking,CUST2596
ORD105376,2024-05-01,North,Beauty,Lipstick,10,166.69,10,1500.21,1172.86,327.35,Debit Card,CUST2244
ORD105377,2024-03-16,South,Sports,Yoga Mat,2,2485.03,10,4473.05,3943.63,529.42,UPI,CUST1486
ORD105378,2025-10-29,East,Electronics,Tablet,10,27917.07,10,251253.63,191187.63,60066.0,Debit Card,CUST1489
ORD105379,2025-01-10,Central,Beauty,Perfume,7,1466.83,0,10267.81,7792.01,2475.8,COD,CUST2103
ORD105380,2025-10-06,Central,Apparel,Kurta,2,2326.29,0,4652.58,3194.12,1458.46,Debit Card,CUST3190
ORD105381,2025-12-08,North,Sports,Dumbbells,3,1325.05,5,3776.39,2207.56,1568.83,UPI,CUST2453
ORD105382,2025-06-20,North,Apparel,T-Shirt,3,354.22,5,1009.53,780.91,228.62,Debit Card,CUST2160
ORD105383,2025-02-11,North,Beauty,Perfume,7,879.22,0,6154.54,4322.78,1831.76,UPI,CUST3174
ORD105384,2024-09-26,North,Electronics,Smartwatch,4,32056.6,0,128226.4,97239.68,30986.72,COD,CUST1985
ORD105385,2024-01-19,Central,Home & Kitchen,Air Fryer,9,758.88,25,5122.44,4784.41,338.03,Net Banking,CUST2683
ORD105386,2024-04-11,West,Apparel,Jacket,4,2405.85,15,8179.89,6198.05,1981.84,Net Banking,CUST2809
ORD105387,2025-03-12,Central,Home & Kitchen,Bedsheet Set,6,1899.57,0,11397.42,7050.91,4346.51,UPI,CUST3145
ORD105388,2024-01-09,South,Apparel,T-Shirt,8,255.5,0,2044.0,1521.61,522.39,Credit Card,CUST3064
ORD105389,2025-07-16,East,Electronics,Headphones,4,27399.37,20,87677.98,65306.43,22371.55,Debit Card,CUST2410
ORD105390,2025-10-30,West,Beauty,Lipstick,4,2733.91,10,9842.08,6100.03,3742.05,Credit Card,CUST2813
ORD105391,2025-07-17,South,Apparel,Kurta,5,1026.11,0,5130.55,2827.77,2302.78,Debit Card,CUST1601
ORD105392,2025-06-26,South,Electronics,Smartphone,6,47173.6,25,212281.2,223258.26,-10977.06,Net Banking,CUST1338
ORD105393,2024-07-02,North,Electronics,Laptop,8,6082.94,0,48663.52,26788.09,21875.43,UPI,CUST2749
ORD105394,2025-09-30,West,Beauty,Lipstick,8,1359.46,20,8700.54,6095.7,2604.84,Net Banking,CUST1887
ORD105395,2024-09-03,South,Sports,Football,10,3360.74,0,33607.4,26665.48,6941.92,Net Banking,CUST2025
ORD105396,2024-06-09,West,Sports,Dumbbells,5,1293.98,0,6469.9,4029.42,2440.48,Credit Card,CUST2977
ORD105397,2024-11-19,North,Sports,Football,8,3375.03,5,25650.23,17145.36,8504.87,Debit Card,CUST3196
ORD105398,2025-08-06,North,Sports,Yoga Mat,7,425.34,0,2977.38,1666.35,1311.03,Net Banking,CUST1700
ORD105399,2024-05-12,South,Home & Kitchen,Air Fryer,10,2667.48,5,25341.06,17024.15,8316.91,Net Banking,CUST1010
ORD105400,2024-04-11,West,Home & Kitchen,Bedsheet Set,11,1195.38,5,12491.72,7745.76,4745.96,UPI,CUST3454
ORD105401,2024-02-14,South,Electronics,Smartphone,10,13585.88,10,122272.92,82820.16,39452.76,Debit Card,CUST2474
ORD105402,2025-09-03,North,Sports,Dumbbells,4,1484.75,10,5345.1,4139.65,1205.45,UPI,CUST3488
ORD105403,2024-12-21,South,Home & Kitchen,Cookware Set,7,1351.92,5,8990.27,6608.87,2381.4,COD,CUST2240
ORD105404,2024-03-04,North,Apparel,Jeans,10,2850.68,20,22805.44,21080.26,1725.18,UPI,CUST3019
ORD105405,2025-07-19,West,Apparel,Jacket,2,163.73,20,261.97,197.93,64.04,Net Banking,CUST1838
ORD105406,2024-09-26,West,Apparel,Jacket,10,3333.04,0,33330.4,22569.01,10761.39,UPI,CUST2431
ORD105407,2024-03-05,East,Electronics,Smartphone,1,51280.37,15,43588.31,33871.92,9716.39,UPI,CUST1383
ORD105408,2024-11-21,Central,Beauty,Hair Serum,5,2399.21,0,11996.05,9097.21,2898.84,COD,CUST1803
ORD105409,2024-07-23,North,Sports,Cricket Bat,4,1202.76,20,3848.83,2801.78,1047.05,Debit Card,CUST1675
ORD105410,2025-10-10,Central,Home & Kitchen,Cookware Set,11,2340.46,5,24457.81,20074.36,4383.45,Net Banking,CUST3419
ORD105411,2024-05-08,South,Beauty,Face Wash,4,582.33,5,2212.85,1712.63,500.22,Credit Card,CUST2525
ORD105412,2024-02-21,East,Beauty,Hair Serum,5,545.4,5,2590.65,1960.04,630.61,Credit Card,CUST2305
ORD105413,2025-09-03,South,Beauty,Lipstick,1,1019.22,0,1019.22,612.22,407.0,Credit Card,CUST3476
ORD105414,2024-02-07,East,Home & Kitchen,Cookware Set,3,3221.68,5,9181.79,6254.54,2927.25,Credit Card,CUST1173
ORD105415,2024-03-30,Central,Apparel,Jeans,1,1205.07,0,1205.07,813.04,392.03,Net Banking,CUST2128
ORD105416,2024-08-26,South,Electronics,Laptop,3,51729.45,25,116391.26,121171.4,-4780.14,Debit Card,CUST1889
ORD105417,2025-07-27,West,Sports,Dumbbells,1,2800.22,0,2800.22,1649.57,1150.65,COD,CUST2089
ORD105418,2024-07-26,West,Home & Kitchen,Cookware Set,6,3918.06,15,19982.11,13268.67,6713.44,Net Banking,CUST2126
ORD105419,2025-03-11,South,Apparel,Jeans,6,2826.92,5,16113.44,11378.82,4734.62,UPI,CUST3451
ORD105420,2024-12-08,Central,Sports,Yoga Mat,6,868.73,10,4691.14,3412.4,1278.74,UPI,CUST1179
ORD105421,2025-01-14,North,Electronics,Laptop,5,48565.14,15,206401.84,166979.92,39421.92,UPI,CUST2660
ORD105422,2024-05-10,Central,Home & Kitchen,Bedsheet Set,10,998.24,15,8485.04,7564.36,920.68,Credit Card,CUST2914
ORD105423,2025-09-03,North,Apparel,Jeans,5,2468.46,0,12342.3,6889.59,5452.71,UPI,CUST2540
ORD105424,2025-01-02,South,Electronics,Laptop,11,39201.47,5,409655.36,343010.31,66645.05,Net Banking,CUST3275
ORD105425,2024-05-16,West,Beauty,Hair Serum,1,3274.13,0,3274.13,2183.15,1090.98,Credit Card,CUST2484
ORD105426,2024-10-31,West,Electronics,Smartwatch,10,18852.14,5,179095.33,116497.97,62597.36,Net Banking,CUST3366
ORD105427,2024-08-14,West,Electronics,Smartwatch,4,49986.69,5,189949.42,141782.54,48166.88,UPI,CUST3221
ORD105428,2025-11-15,East,Beauty,Lipstick,9,3999.9,10,32399.19,25454.59,6944.6,UPI,CUST1036
ORD105429,2025-02-09,East,Electronics,Laptop,11,38729.43,0,426023.73,323617.98,102405.75,Net Banking,CUST2040
ORD105430,2025-01-02,North,Apparel,T-Shirt,8,3348.06,5,25445.26,15900.87,9544.39,UPI,CUST2735
ORD105431,2024-06-29,Central,Apparel,Kurta,5,3480.72,15,14793.06,12424.65,2368.41,Net Banking,CUST2986
ORD105432,2025-09-15,South,Beauty,Perfume,4,956.37,0,3825.48,2440.45,1385.03,Credit Card,CUST1823
ORD105433,2024-09-25,South,Apparel,Jacket,10,2240.02,25,16800.15,16758.91,41.24,Credit Card,CUST2147
ORD105434,2025-08-04,East,Apparel,Kurta,11,2963.84,5,30972.13,20657.08,10315.05,COD,CUST2510
ORD105435,2025-08-22,North,Electronics,Tablet,2,53994.71,20,86391.54,61558.86,24832.68,Credit Card,CUST1189
ORD105436,2025-07-15,South,Beauty,Perfume,6,3611.52,0,21669.12,15191.24,6477.88,UPI,CUST2776
ORD105437,2025-11-03,East,Home & Kitchen,Mixer Grinder,1,560.85,0,560.85,425.82,135.03,Credit Card,CUST2880
ORD105438,2025-08-14,East,Beauty,Hair Serum,8,3331.06,10,23983.63,16650.77,7332.86,Debit Card,CUST1251
ORD105439,2024-05-31,West,Beauty,Face Wash,11,3384.53,5,35368.34,27595.28,7773.06,COD,CUST2143
ORD105440,2025-01-19,West,Home & Kitchen,Air Fryer,5,358.99,10,1615.46,1039.59,575.87,Credit Card,CUST2014
ORD105441,2025-05-08,East,Sports,Yoga Mat,6,995.61,15,5077.61,3467.83,1609.78,Credit Card,CUST3057
ORD105442,2025-11-30,Central,Beauty,Lipstick,9,2175.55,5,18600.95,12852.25,5748.7,UPI,CUST3235
ORD105443,2025-04-08,South,Sports,Football,2,1710.94,25,2566.41,2054.58,511.83,COD,CUST1577
ORD105444,2024-11-05,Central,Apparel,Jacket,2,370.6,0,741.2,472.98,268.22,Credit Card,CUST1554
ORD105445,2025-08-27,East,Apparel,Jeans,2,2078.15,5,3948.48,2323.7,1624.78,Debit Card,CUST1939
ORD105446,2024-01-14,East,Electronics,Tablet,8,23861.34,5,181346.18,135689.9,45656.28,COD,CUST2207
ORD105447,2024-11-12,East,Beauty,Lipstick,9,1468.71,5,12557.47,8126.19,4431.28,Debit Card,CUST1846
ORD105448,2025-01-11,West,Apparel,Jeans,9,1355.89,0,12203.01,7095.49,5107.52,UPI,CUST3094
ORD105449,2024-02-27,Central,Apparel,Sneakers,6,430.09,10,2322.49,2059.93,262.56,Credit Card,CUST2087
ORD105450,2025-10-21,South,Apparel,T-Shirt,4,1175.41,0,4701.64,3565.66,1135.98,Credit Card,CUST2398
ORD105451,2025-11-16,North,Electronics,Smartphone,4,32758.3,0,131033.2,99381.75,31651.45,Debit Card,CUST1006
ORD105452,2024-02-12,South,Beauty,Face Wash,4,3292.09,0,13168.36,9642.18,3526.18,Net Banking,CUST2688
ORD105453,2025-07-01,Central,Sports,Football,2,856.51,10,1541.72,1203.43,338.29,Credit Card,CUST3241
ORD105454,2025-06-21,North,Electronics,Smartwatch,1,46194.23,10,41574.81,34656.59,6918.22,COD,CUST2928
ORD105455,2025-07-31,South,Home & Kitchen,Mixer Grinder,11,3064.17,15,28649.99,18659.56,9990.43,Debit Card,CUST1986
ORD105456,2025-07-24,North,Apparel,Jacket,11,459.61,10,4550.14,2802.28,1747.86,Debit Card,CUST1250
ORD105457,2025-06-26,East,Sports,Dumbbells,7,2235.06,0,15645.42,9239.99,6405.43,UPI,CUST2945
ORD105458,2025-06-13,North,Sports,Dumbbells,2,2564.77,5,4873.06,3030.15,1842.91,COD,CUST2597
ORD105459,2025-07-07,South,Electronics,Laptop,8,31797.34,5,241659.78,188488.71,53171.07,UPI,CUST1082
ORD105460,2024-04-02,East,Beauty,Hair Serum,6,1486.53,0,8919.18,7059.41,1859.77,UPI,CUST2467
ORD105461,2025-01-04,West,Apparel,Kurta,11,1750.43,20,15403.78,10898.3,4505.48,UPI,CUST2586
ORD105462,2024-01-19,East,Apparel,T-Shirt,2,328.52,20,525.63,377.58,148.05,Net Banking,CUST2566
ORD105463,2024-12-27,North,Apparel,Jeans,9,2540.8,10,20580.48,16800.29,3780.19,COD,CUST3147
ORD105464,2025-09-07,East,Apparel,Sneakers,1,3232.74,15,2747.83,2463.05,284.78,Net Banking,CUST3428
ORD105465,2024-07-01,South,Sports,Football,1,1794.98,0,1794.98,1308.15,486.83,UPI,CUST2011
ORD105466,2025-02-12,South,Electronics,Tablet,7,25945.74,0,181620.18,142843.47,38776.71,UPI,CUST3366
ORD105467,2025-08-11,East,Home & Kitchen,Air Fryer,8,3501.96,0,28015.68,16165.53,11850.15,COD,CUST3462
ORD105468,2024-01-04,Central,Electronics,Headphones,6,25619.8,5,146032.86,114596.74,31436.12,Debit Card,CUST2752
ORD105469,2024-12-12,North,Beauty,Lipstick,6,2325.87,0,13955.22,9150.45,4804.77,Net Banking,CUST1917
ORD105470,2024-08-12,South,Beauty,Face Wash,10,2913.7,0,29137.0,16194.24,12942.76,Credit Card,CUST1652
ORD105471,2025-05-21,Central,Home & Kitchen,Bedsheet Set,7,3023.49,0,21164.43,15025.78,6138.65,Net Banking,CUST3173
ORD105472,2024-06-05,East,Electronics,Tablet,10,43187.29,0,431872.9,308647.05,123225.85,UPI,CUST3323
ORD105473,2024-01-07,East,Beauty,Hair Serum,11,702.71,0,7729.81,4474.87,3254.94,Debit Card,CUST2308
ORD105474,2024-06-21,West,Apparel,Sneakers,7,3102.89,0,21720.23,16670.36,5049.87,UPI,CUST1306
ORD105475,2025-06-03,East,Apparel,Kurta,2,156.0,10,280.8,240.16,40.64,COD,CUST2012
ORD105476,2024-07-25,South,Apparel,Jacket,3,917.53,15,2339.7,1979.51,360.19,COD,CUST3035
ORD105477,2025-05-22,East,Beauty,Hair Serum,11,1658.43,0,18242.73,13049.95,5192.78,UPI,CUST3364
ORD105478,2025-03-26,Central,Apparel,Jacket,9,2517.83,20,18128.38,12804.61,5323.77,UPI,CUST1456
ORD105479,2024-06-26,North,Electronics,Smartwatch,1,26558.5,5,25230.57,17030.98,8199.59,COD,CUST1349
ORD105480,2025-10-06,South,Home & Kitchen,Mixer Grinder,11,1790.57,5,18711.46,12074.4,6637.06,Debit Card,CUST1576
ORD105481,2024-08-28,East,Apparel,T-Shirt,8,3400.75,5,25845.7,17370.73,8474.97,Debit Card,CUST1370
ORD105482,2024-04-14,Central,Apparel,Jeans,2,2902.55,0,5805.1,3845.29,1959.81,Net Banking,CUST3078
ORD105483,2025-02-11,East,Electronics,Smartphone,7,10250.6,20,57403.36,50030.91,7372.45,COD,CUST1972
ORD105484,2025-12-01,South,Apparel,T-Shirt,9,2911.88,20,20965.54,19922.8,1042.74,Debit Card,CUST1966
ORD105485,2025-09-24,Central,Home & Kitchen,Air Fryer,7,1208.27,20,6766.31,5068.32,1697.99,COD,CUST2606
ORD105486,2025-01-16,South,Apparel,Sneakers,11,2615.07,5,27327.48,20701.46,6626.02,COD,CUST2169
ORD105487,2025-07-17,South,Apparel,Sneakers,7,936.35,10,5899.0,3610.05,2288.95,Debit Card,CUST1614
ORD105488,2025-07-18,North,Home & Kitchen,Cookware Set,9,3491.5,10,28281.15,18625.79,9655.36,COD,CUST2783
ORD105489,2025-11-17,East,Beauty,Face Wash,11,3780.45,10,37426.46,31083.81,6342.65,Net Banking,CUST2606
ORD105490,2025-09-28,Central,Sports,Cricket Bat,8,303.15,20,1940.16,1851.04,89.12,Net Banking,CUST2353
ORD105491,2024-05-23,South,Electronics,Laptop,11,3899.93,10,38609.31,28400.03,10209.28,Credit Card,CUST2959
ORD105492,2025-01-24,North,Apparel,Kurta,9,2349.82,5,20090.96,12904.15,7186.81,Credit Card,CUST3220
ORD105493,2024-04-28,South,Home & Kitchen,Cookware Set,11,2950.14,0,32451.54,24523.72,7927.82,Credit Card,CUST2297
ORD105494,2025-08-20,South,Electronics,Laptop,2,33611.85,5,63862.51,44090.26,19772.25,Credit Card,CUST1227
ORD105495,2025-07-19,East,Apparel,T-Shirt,6,568.54,0,3411.24,2481.25,929.99,Net Banking,CUST3272
ORD105496,2025-11-03,East,Sports,Cricket Bat,8,2303.14,0,18425.12,10582.73,7842.39,Debit Card,CUST2927
ORD105497,2024-08-30,Central,Apparel,Sneakers,1,2733.32,0,2733.32,1676.1,1057.22,COD,CUST2027
ORD105498,2024-07-12,West,Sports,Football,8,357.13,20,2285.63,1789.6,496.03,Net Banking,CUST2359
ORD105499,2025-12-16,Central,Electronics,Smartphone,3,42297.31,10,114202.74,98840.97,15361.77,Credit Card,CUST2148
ORD105500,2025-09-11,East,Sports,Dumbbells,4,2535.06,25,7605.18,6368.95,1236.23,Debit Card,CUST2031
ORD105501,2025-07-16,West,Sports,Cricket Bat,5,2524.48,10,11360.16,7367.85,3992.31,Net Banking,CUST2381
ORD105502,2024-01-22,North,Home & Kitchen,Cookware Set,1,862.09,20,689.67,499.85,189.82,Credit Card,CUST1408
ORD105503,2025-03-13,Central,Beauty,Perfume,5,181.08,15,769.59,682.58,87.01,Debit Card,CUST2514
ORD105504,2024-04-01,Central,Beauty,Hair Serum,9,1867.55,0,16807.95,10872.0,5935.95,COD,CUST2780
ORD105505,2024-08-15,Central,Apparel,Jacket,11,548.78,0,6036.58,4379.18,1657.4,Net Banking,CUST2268
ORD105506,2024-03-31,East,Beauty,Hair Serum,7,3459.13,5,23003.21,19218.9,3784.31,COD,CUST1386
ORD105507,2024-01-07,Central,Home & Kitchen,Mixer Grinder,8,463.21,0,3705.68,2212.14,1493.54,COD,CUST3389
ORD105508,2024-01-01,East,Apparel,Jeans,8,1554.94,0,12439.52,9870.96,2568.56,UPI,CUST2350
ORD105509,2025-04-18,South,Electronics,Tablet,8,45712.01,5,347411.28,276257.77,71153.51,COD,CUST2086
ORD105510,2025-07-21,North,Apparel,Jeans,10,951.82,0,9518.2,7041.0,2477.2,UPI,CUST2656
ORD105511,2024-07-02,East,Apparel,T-Shirt,3,357.91,5,1020.04,678.84,341.2,Credit Card,CUST2017
ORD105512,2025-03-15,South,Electronics,Headphones,10,20876.7,5,198328.65,152750.1,45578.55,Debit Card,CUST2287
ORD105513,2025-01-12,North,Home & Kitchen,Cookware Set,7,2227.07,10,14030.54,10703.01,3327.53,Net Banking,CUST1475
ORD105514,2025-03-26,North,Beauty,Face Wash,2,2198.01,25,3297.02,2464.48,832.54,COD,CUST2135
ORD105515,2024-08-26,South,Sports,Football,2,182.45,10,328.41,205.82,122.59,COD,CUST1628
ORD105516,2025-04-05,Central,Sports,Dumbbells,10,337.9,15,2872.15,2170.62,701.53,Debit Card,CUST1971
ORD105517,2024-08-28,Central,Electronics,Laptop,6,11088.44,10,59877.58,37091.21,22786.37,UPI,CUST2688
ORD105518,2025-11-05,North,Electronics,Tablet,9,44851.23,10,363294.96,283488.98,79805.98,Credit Card,CUST1544
ORD105519,2024-11-04,West,Apparel,Sneakers,10,1663.79,5,15806.0,10604.82,5201.18,COD,CUST1616
ORD105520,2025-08-11,North,Electronics,Laptop,7,28257.06,10,178019.48,119200.91,58818.57,Credit Card,CUST1741
ORD105521,2025-05-29,South,Electronics,Headphones,9,32953.19,10,266920.84,198146.46,68774.38,UPI,CUST3299
ORD105522,2024-01-01,South,Sports,Dumbbells,11,1590.3,5,16618.63,13344.08,3274.55,Debit Card,CUST3120
ORD105523,2024-06-04,North,Beauty,Perfume,3,1235.25,20,2964.6,2185.83,778.77,Credit Card,CUST2229
ORD105524,2025-12-13,East,Home & Kitchen,Mixer Grinder,7,980.47,5,6520.13,4320.36,2199.77,UPI,CUST1528
ORD105525,2024-05-16,Central,Home & Kitchen,Cookware Set,11,1112.21,0,12234.31,8346.58,3887.73,UPI,CUST2386
ORD105526,2024-12-09,East,Sports,Cricket Bat,8,3304.04,10,23789.09,19092.79,4696.3,Debit Card,CUST1927
ORD105527,2024-06-01,Central,Apparel,Sneakers,9,3456.5,0,31108.5,20209.79,10898.71,UPI,CUST1166
ORD105528,2024-05-26,North,Sports,Cricket Bat,3,2552.19,0,7656.57,4495.14,3161.43,COD,CUST1918
ORD105529,2025-09-07,South,Beauty,Hair Serum,5,2112.29,0,10561.45,6663.93,3897.52,COD,CUST1254
ORD105530,2024-11-08,South,Beauty,Perfume,2,3395.27,0,6790.54,4131.36,2659.18,UPI,CUST1961
ORD105531,2025-11-08,Central,Sports,Yoga Mat,6,1173.93,20,5634.86,4924.87,709.99,Debit Card,CUST3433
ORD105532,2025-06-29,South,Beauty,Perfume,7,2277.57,5,15145.84,9245.67,5900.17,COD,CUST1933
ORD105533,2025-03-10,Central,Beauty,Face Wash,1,3330.92,0,3330.92,2155.03,1175.89,Net Banking,CUST3279
ORD105534,2025-08-22,West,Electronics,Tablet,8,46601.8,10,335532.96,297294.11,38238.85,UPI,CUST2967
ORD105535,2025-02-20,North,Beauty,Hair Serum,8,740.93,20,4741.95,4034.16,707.79,UPI,CUST3297
ORD105536,2025-05-26,North,Beauty,Lipstick,4,1727.17,5,6563.25,4710.31,1852.94,Credit Card,CUST1011
ORD105537,2024-09-29,South,Electronics,Laptop,8,21564.12,0,172512.96,114895.06,57617.9,Debit Card,CUST2595
ORD105538,2024-02-29,South,Apparel,Jeans,11,710.78,5,7427.65,5024.62,2403.03,Debit Card,CUST2690
ORD105539,2025-11-22,Central,Apparel,T-Shirt,2,497.02,15,844.93,627.21,217.72,Debit Card,CUST1309
ORD105540,2025-05-30,South,Apparel,Jacket,7,2230.02,20,12488.11,12007.1,481.01,COD,CUST2176
ORD105541,2024-02-09,Central,Sports,Cricket Bat,10,1685.25,0,16852.5,9588.06,7264.44,COD,CUST1078
ORD105542,2024-08-15,West,Home & Kitchen,Mixer Grinder,7,1532.15,15,9116.29,6220.59,2895.7,COD,CUST1977
ORD105543,2025-02-27,North,Beauty,Hair Serum,2,331.49,5,629.83,496.52,133.31,Credit Card,CUST2894
ORD105544,2024-11-28,Central,Beauty,Lipstick,1,2588.93,5,2459.48,1724.71,734.77,UPI,CUST1467
ORD105545,2025-04-20,Central,Electronics,Tablet,8,8990.54,20,57539.46,43372.71,14166.75,Credit Card,CUST2546
ORD105546,2025-01-30,North,Home & Kitchen,Cookware Set,6,2187.23,0,13123.38,10072.63,3050.75,Debit Card,CUST1605
ORD105547,2024-03-11,Central,Apparel,Sneakers,11,1276.4,10,12636.36,7723.43,4912.93,COD,CUST1641
ORD105548,2025-03-12,West,Beauty,Face Wash,1,3839.01,20,3071.21,3065.46,5.75,Debit Card,CUST1699
ORD105549,2024-05-01,Central,Electronics,Headphones,8,25558.91,0,204471.28,134307.56,70163.72,COD,CUST2544
ORD105550,2025-06-01,Central,Sports,Yoga Mat,1,3983.39,15,3385.88,2880.44,505.44,Net Banking,CUST1026
ORD105551,2024-04-28,South,Home & Kitchen,Bedsheet Set,3,1502.22,5,4281.33,3322.58,958.75,Credit Card,CUST2129
ORD105552,2024-08-17,West,Apparel,Sneakers,1,1566.85,10,1410.16,1043.6,366.56,Net Banking,CUST3456
ORD105553,2024-03-21,South,Beauty,Hair Serum,4,1995.52,0,7982.08,5389.55,2592.53,Debit Card,CUST1387
ORD105554,2025-02-02,South,Home & Kitchen,Mixer Grinder,4,452.33,20,1447.46,1273.93,173.53,Net Banking,CUST2096
ORD105555,2024-04-30,East,Beauty,Perfume,1,2796.55,5,2656.72,2187.22,469.5,Debit Card,CUST1921
ORD105556,2025-06-26,East,Sports,Yoga Mat,3,3804.8,25,8560.8,6357.09,2203.71,Net Banking,CUST2061
ORD105557,2025-12-10,East,Apparel,Kurta,1,3396.6,5,3226.77,2043.5,1183.27,COD,CUST2152
ORD105558,2024-02-23,East,Electronics,Smartwatch,6,2821.02,0,16926.12,12697.48,4228.64,UPI,CUST3236
ORD105559,2024-06-09,West,Sports,Cricket Bat,9,3395.4,0,30558.6,23656.13,6902.47,Net Banking,CUST2571
ORD105560,2024-04-02,Central,Beauty,Perfume,4,2452.95,10,8830.62,6684.14,2146.48,COD,CUST1981
ORD105561,2024-11-24,North,Beauty,Lipstick,1,3756.22,0,3756.22,2578.21,1178.01,COD,CUST3205
ORD105562,2024-04-19,West,Sports,Football,7,2499.16,15,14870.0,11189.0,3681.0,Credit Card,CUST1531
ORD105563,2025-02-03,Central,Sports,Cricket Bat,4,398.48,10,1434.53,1200.98,233.55,Debit Card,CUST3002
ORD105564,2025-04-30,West,Beauty,Lipstick,1,1197.35,0,1197.35,713.64,483.71,Net Banking,CUST2329
ORD105565,2024-04-01,Central,Sports,Dumbbells,10,2184.73,0,21847.3,13597.63,8249.67,Debit Card,CUST2914
ORD105566,2025-04-19,East,Home & Kitchen,Bedsheet Set,1,1068.8,10,961.92,815.97,145.95,Credit Card,CUST2312
ORD105567,2025-03-29,Central,Sports,Yoga Mat,3,2647.46,10,7148.14,5094.34,2053.8,Debit Card,CUST1824
ORD105568,2024-08-09,West,Home & Kitchen,Mixer Grinder,8,2545.22,0,20361.76,13001.82,7359.94,COD,CUST1166
ORD105569,2025-06-02,West,Apparel,Jacket,10,3072.95,0,30729.5,24511.12,6218.38,Debit Card,CUST2209
ORD105570,2024-06-01,West,Home & Kitchen,Cookware Set,9,2355.65,20,16960.68,14419.57,2541.11,Debit Card,CUST1714
ORD105571,2025-02-05,West,Sports,Cricket Bat,6,2866.7,5,16340.19,10280.2,6059.99,Net Banking,CUST3363
ORD105572,2024-02-05,East,Sports,Cricket Bat,4,3641.21,0,14564.84,8191.83,6373.01,Net Banking,CUST2443
ORD105573,2025-10-09,Central,Home & Kitchen,Mixer Grinder,5,488.16,10,2196.72,1709.07,487.65,UPI,CUST3441
ORD105574,2024-09-22,North,Sports,Football,8,3314.52,10,23864.54,17906.67,5957.87,Net Banking,CUST2465
ORD105575,2025-02-28,North,Apparel,T-Shirt,10,3783.09,0,37830.9,21362.38,16468.52,UPI,CUST1997
ORD105576,2024-07-09,West,Beauty,Perfume,7,3783.93,5,25163.13,17435.98,7727.15,Credit Card,CUST3344
ORD105577,2024-07-18,East,Beauty,Hair Serum,11,3391.94,5,35445.77,25456.67,9989.1,Debit Card,CUST2144
ORD105578,2024-02-24,North,Sports,Cricket Bat,2,1151.84,10,2073.31,1291.41,781.9,Debit Card,CUST1945
ORD105579,2024-09-20,Central,Apparel,Jacket,3,1030.18,10,2781.49,1800.42,981.07,Net Banking,CUST2613
ORD105580,2025-12-19,South,Home & Kitchen,Mixer Grinder,11,3405.68,20,29969.98,20658.34,9311.64,Credit Card,CUST1740
ORD105581,2025-07-29,North,Sports,Yoga Mat,6,2057.21,0,12343.26,8996.91,3346.35,Net Banking,CUST2975
ORD105582,2025-12-03,Central,Beauty,Lipstick,8,1068.71,0,8549.68,5377.94,3171.74,Debit Card,CUST2290
ORD105583,2025-09-24,Central,Apparel,Kurta,8,431.59,5,3280.08,2342.13,937.95,COD,CUST1882
ORD105584,2025-06-18,Central,Home & Kitchen,Mixer Grinder,10,835.63,5,7938.48,6488.39,1450.09,Net Banking,CUST1503
ORD105585,2024-02-15,North,Beauty,Perfume,1,3988.89,0,3988.89,2645.53,1343.36,UPI,CUST3383
ORD105586,2024-07-29,North,Beauty,Lipstick,5,425.05,10,1912.72,1466.96,445.76,Credit Card,CUST3091
ORD105587,2025-05-05,North,Electronics,Laptop,7,10151.8,0,71062.6,53138.67,17923.93,Net Banking,CUST1521
ORD105588,2024-04-20,North,Beauty,Hair Serum,5,2221.27,20,8885.08,6248.76,2636.32,Debit Card,CUST1523
ORD105589,2024-05-25,South,Sports,Dumbbells,8,2806.54,15,19084.47,13293.55,5790.92,Credit Card,CUST2210
ORD105590,2024-12-08,East,Home & Kitchen,Bedsheet Set,3,940.23,20,2256.55,2013.0,243.55,Credit Card,CUST2177
ORD105591,2024-04-05,Central,Sports,Dumbbells,2,1900.84,0,3801.68,2938.88,862.8,UPI,CUST2399
ORD105592,2025-08-24,West,Beauty,Lipstick,8,3108.22,0,24865.76,19422.42,5443.34,COD,CUST2041
ORD105593,2024-03-17,Central,Sports,Cricket Bat,1,207.4,5,197.03,144.69,52.34,COD,CUST2017
ORD105594,2025-09-12,Central,Electronics,Smartphone,1,17104.87,5,16249.63,9468.98,6780.65,COD,CUST1973
ORD105595,2024-12-28,North,Apparel,Sneakers,2,1545.92,10,2782.66,1787.59,995.07,Credit Card,CUST1569
ORD105596,2024-08-29,West,Electronics,Laptop,1,20431.91,0,20431.91,14473.55,5958.36,Net Banking,CUST2697
ORD105597,2025-03-17,South,Electronics,Smartphone,6,47610.07,0,285660.42,181673.82,103986.6,Net Banking,CUST1722
ORD105598,2024-07-21,East,Home & Kitchen,Air Fryer,11,3378.45,10,33446.66,22736.27,10710.39,UPI,CUST1359
ORD105599,2025-04-12,West,Sports,Cricket Bat,7,3777.12,0,26439.84,17761.32,8678.52,COD,CUST1365
ORD105600,2024-09-09,West,Home & Kitchen,Air Fryer,1,1100.31,5,1045.29,650.73,394.56,Debit Card,CUST2166
ORD105601,2024-07-15,South,Beauty,Lipstick,5,2381.44,0,11907.2,7138.35,4768.85,Net Banking,CUST3071
ORD105602,2024-03-15,South,Electronics,Smartwatch,6,51042.44,10,275629.18,223609.9,52019.28,UPI,CUST1036
ORD105603,2025-07-16,East,Electronics,Headphones,8,9186.51,5,69817.48,42859.45,26958.03,Debit Card,CUST2767
ORD105604,2025-10-26,West,Sports,Football,4,2579.9,15,8771.66,5713.16,3058.5,UPI,CUST1796
ORD105605,2025-05-25,South,Home & Kitchen,Bedsheet Set,5,3431.15,10,15440.18,11920.6,3519.58,UPI,CUST1860
ORD105606,2025-06-12,Central,Apparel,T-Shirt,3,1344.51,10,3630.18,2729.95,900.23,Credit Card,CUST1648
ORD105607,2024-09-02,South,Home & Kitchen,Cookware Set,6,3762.24,15,19187.42,16174.0,3013.42,Net Banking,CUST1471
ORD105608,2025-07-14,East,Beauty,Face Wash,10,1815.36,15,15430.56,13435.74,1994.82,COD,CUST3186
ORD105609,2024-03-27,West,Home & Kitchen,Bedsheet Set,2,2701.61,20,4322.58,3311.64,1010.94,Net Banking,CUST1046
ORD105610,2025-08-13,East,Sports,Dumbbells,5,3278.09,5,15570.93,12529.31,3041.62,Net Banking,CUST2877
ORD105611,2024-04-20,Central,Sports,Yoga Mat,3,2104.36,15,5366.12,3893.57,1472.55,COD,CUST2057
ORD105612,2025-03-03,North,Home & Kitchen,Cookware Set,5,2104.93,0,10524.65,6797.24,3727.41,UPI,CUST2648
ORD105613,2024-05-16,East,Sports,Yoga Mat,4,536.78,10,1932.41,1323.61,608.8,Credit Card,CUST1687
ORD105614,2025-04-02,South,Beauty,Face Wash,11,3620.73,0,39828.03,25585.05,14242.98,Net Banking,CUST1402
ORD105615,2024-07-06,South,Home & Kitchen,Air Fryer,7,1631.83,25,8567.11,7907.28,659.83,Credit Card,CUST2190
ORD105616,2025-08-12,North,Apparel,Kurta,5,3798.81,20,15195.24,14916.58,278.66,Credit Card,CUST1900
ORD105617,2025-03-16,South,Apparel,Sneakers,4,1555.19,25,4665.57,3982.46,683.11,UPI,CUST1017
ORD105618,2025-11-17,West,Electronics,Smartphone,5,18465.99,5,87713.45,73090.2,14623.25,UPI,CUST2041
ORD105619,2025-07-03,West,Apparel,Sneakers,8,1465.0,15,9962.0,9351.84,610.16,UPI,CUST2127
ORD105620,2025-09-14,Central,Beauty,Lipstick,1,1374.83,5,1306.09,925.62,380.47,Debit Card,CUST1825
ORD105621,2024-05-10,East,Apparel,Kurta,3,436.31,15,1112.59,1001.38,111.21,Debit Card,CUST3171
ORD105622,2025-09-10,Central,Home & Kitchen,Air Fryer,5,3427.79,0,17138.95,13399.63,3739.32,Net Banking,CUST1529
ORD105623,2025-11-27,Central,Apparel,Jeans,4,1484.76,0,5939.04,3666.94,2272.1,Net Banking,CUST2322
ORD105624,2024-11-24,South,Apparel,Jacket,8,2230.21,5,16949.6,13545.11,3404.49,Net Banking,CUST1548
ORD105625,2024-06-21,North,Electronics,Smartwatch,4,34622.3,5,131564.74,90745.77,40818.97,Debit Card,CUST3226
ORD105626,2025-10-05,East,Home & Kitchen,Bedsheet Set,8,2846.82,0,22774.56,17018.13,5756.43,Debit Card,CUST1207
ORD105627,2024-09-28,North,Electronics,Smartwatch,5,17102.77,0,85513.85,53178.61,32335.24,Credit Card,CUST3294
ORD105628,2025-10-03,Central,Home & Kitchen,Mixer Grinder,8,3648.93,5,27731.87,22258.2,5473.67,Credit Card,CUST2884
ORD105629,2024-06-29,Central,Home & Kitchen,Air Fryer,8,537.71,15,3656.43,3438.07,218.36,Credit Card,CUST1165
ORD105630,2024-10-26,West,Home & Kitchen,Bedsheet Set,7,955.7,20,5351.92,3715.79,1636.13,Net Banking,CUST2113
ORD105631,2024-05-18,South,Home & Kitchen,Bedsheet Set,11,3049.19,5,31864.04,23816.01,8048.03,Net Banking,CUST1133
ORD105632,2024-07-22,South,Apparel,Jacket,3,3317.52,15,8459.68,6181.23,2278.45,Net Banking,CUST2881
ORD105633,2025-03-13,North,Beauty,Lipstick,8,3875.92,20,24805.89,19841.91,4963.98,COD,CUST3071
ORD105634,2025-05-25,Central,Electronics,Headphones,9,3931.25,5,33612.19,25279.82,8332.37,Net Banking,CUST3218
ORD105635,2025-08-03,South,Sports,Football,11,1710.71,5,17876.92,11410.14,6466.78,Net Banking,CUST2943
ORD105636,2025-09-07,North,Home & Kitchen,Cookware Set,11,2416.16,0,26577.76,16509.98,10067.78,Net Banking,CUST1409
ORD105637,2024-02-23,Central,Apparel,Sneakers,11,3651.3,5,38156.08,29308.18,8847.9,Debit Card,CUST3128
ORD105638,2024-07-26,South,Electronics,Laptop,10,40524.68,10,364722.12,249277.69,115444.43,Credit Card,CUST1138
ORD105639,2024-04-11,West,Sports,Yoga Mat,9,1891.34,15,14468.75,9721.79,4746.96,Credit Card,CUST2337
ORD105640,2025-11-27,South,Electronics,Laptop,5,12606.05,5,59878.74,41965.14,17913.6,Debit Card,CUST3141
ORD105641,2025-03-10,West,Sports,Yoga Mat,9,715.82,10,5798.14,3766.98,2031.16,Credit Card,CUST1568
ORD105642,2024-06-25,Central,Sports,Football,8,2758.31,10,19859.83,15775.55,4084.28,Debit Card,CUST1932
ORD105643,2025-09-27,North,Apparel,Kurta,7,1544.33,15,9188.76,7876.54,1312.22,Net Banking,CUST2449
ORD105644,2025-03-24,Central,Apparel,Sneakers,1,3257.27,15,2768.68,1804.53,964.15,COD,CUST1630
ORD105645,2024-08-13,East,Apparel,T-Shirt,7,3978.54,0,27849.78,17715.07,10134.71,Debit Card,CUST3063
ORD105646,2025-01-12,East,Beauty,Perfume,10,3797.25,5,36073.88,22874.61,13199.27,Credit Card,CUST1391
ORD105647,2025-12-24,North,Home & Kitchen,Cookware Set,1,3244.74,0,3244.74,1996.28,1248.46,COD,CUST1641
ORD105648,2024-01-22,East,Home & Kitchen,Bedsheet Set,1,3617.27,5,3436.41,2146.17,1290.24,UPI,CUST2543
ORD105649,2025-06-22,West,Home & Kitchen,Cookware Set,5,238.08,20,952.32,830.06,122.26,Debit Card,CUST1686
ORD105650,2025-09-22,Central,Electronics,Smartphone,8,36744.02,15,249859.34,219302.77,30556.57,Debit Card,CUST2394
ORD105651,2025-07-05,West,Electronics,Headphones,6,34568.84,25,155559.78,136456.6,19103.18,COD,CUST1958
ORD105652,2024-04-03,East,Apparel,Jacket,4,1830.7,5,6956.66,5506.65,1450.01,COD,CUST3119
ORD105653,2024-02-11,West,Beauty,Face Wash,11,2977.74,10,29479.63,22750.99,6728.64,COD,CUST2099
ORD105654,2025-08-25,Central,Beauty,Perfume,8,2615.46,10,18831.31,12688.99,6142.32,COD,CUST3430
ORD105655,2025-07-18,East,Sports,Cricket Bat,2,303.63,15,516.17,391.29,124.88,UPI,CUST1759
ORD105656,2025-03-05,South,Apparel,Sneakers,1,1932.0,20,1545.6,1208.81,336.79,Debit Card,CUST2965
ORD105657,2024-10-30,West,Sports,Dumbbells,11,1273.22,10,12604.88,10509.55,2095.33,COD,CUST1522
ORD105658,2024-01-25,North,Home & Kitchen,Air Fryer,8,2993.08,10,21550.18,16186.58,5363.6,Debit Card,CUST1107
ORD105659,2024-11-25,North,Sports,Cricket Bat,4,3384.64,20,10830.85,10642.54,188.31,Credit Card,CUST1167
ORD105660,2024-08-10,Central,Electronics,Tablet,5,1648.05,0,8240.25,4797.75,3442.5,Debit Card,CUST1620
ORD105661,2024-07-08,South,Home & Kitchen,Bedsheet Set,7,437.75,0,3064.25,2418.44,645.81,Debit Card,CUST3240
ORD105662,2024-08-29,South,Electronics,Tablet,2,22751.03,0,45502.06,34994.63,10507.43,Net Banking,CUST2425
ORD105663,2025-01-26,North,Apparel,T-Shirt,9,1080.77,5,9240.58,5561.94,3678.64,Debit Card,CUST1105
ORD105664,2024-08-19,Central,Sports,Football,5,1367.82,20,5471.28,4210.84,1260.44,Net Banking,CUST2543
ORD105665,2024-09-26,East,Home & Kitchen,Cookware Set,4,1078.61,0,4314.44,2699.09,1615.35,COD,CUST2256
ORD105666,2025-03-13,Central,Home & Kitchen,Air Fryer,6,1349.64,10,7288.06,4726.05,2562.01,Debit Card,CUST2731
ORD105667,2025-05-30,West,Beauty,Lipstick,9,436.12,0,3925.08,2645.1,1279.98,UPI,CUST1336
ORD105668,2024-10-20,West,Sports,Dumbbells,4,783.08,10,2819.09,2327.75,491.34,Net Banking,CUST3271
ORD105669,2025-02-22,Central,Sports,Dumbbells,2,1157.34,0,2314.68,1461.78,852.9,UPI,CUST1033
ORD105670,2025-01-22,Central,Sports,Cricket Bat,5,638.17,0,3190.85,2074.72,1116.13,Credit Card,CUST2069
ORD105671,2025-02-08,North,Apparel,Jeans,6,1444.83,15,7368.63,5000.08,2368.55,COD,CUST1584
ORD105672,2025-05-25,Central,Sports,Football,6,1080.86,0,6485.16,4931.69,1553.47,Debit Card,CUST2446
ORD105673,2025-02-14,East,Electronics,Laptop,5,21670.39,5,102934.35,68426.64,34507.71,Debit Card,CUST2703
ORD105674,2024-08-31,Central,Sports,Yoga Mat,7,2977.48,25,15631.77,13578.17,2053.6,COD,CUST1161
ORD105675,2025-08-19,North,Electronics,Smartwatch,11,17931.44,0,197245.84,131916.83,65329.01,Net Banking,CUST3316
ORD105676,2025-07-20,East,Sports,Dumbbells,8,3970.66,0,31765.28,20394.63,11370.65,Net Banking,CUST2940
ORD105677,2025-11-19,South,Electronics,Headphones,6,14728.53,0,88371.18,61847.76,26523.42,COD,CUST2831
ORD105678,2024-02-12,Central,Beauty,Perfume,10,3334.85,5,31681.07,19806.14,11874.93,COD,CUST2702
ORD105679,2025-06-14,North,Sports,Cricket Bat,6,1030.55,0,6183.3,3680.5,2502.8,UPI,CUST1131
ORD105680,2024-01-09,South,Apparel,T-Shirt,7,3568.73,10,22483.0,16797.57,5685.43,Debit Card,CUST3331
ORD105681,2025-04-16,West,Sports,Dumbbells,1,2348.88,0,2348.88,1601.71,747.17,Debit Card,CUST1714
ORD105682,2025-11-16,Central,Electronics,Smartphone,8,4255.84,0,34046.72,24312.77,9733.95,UPI,CUST1512
ORD105683,2024-11-17,Central,Sports,Football,3,3689.53,5,10515.16,8692.11,1823.05,Credit Card,CUST2748
ORD105684,2024-12-25,Central,Home & Kitchen,Air Fryer,5,3714.1,10,16713.45,10254.76,6458.69,Credit Card,CUST2383
ORD105685,2025-05-13,Central,Electronics,Tablet,5,47072.35,10,211825.58,143654.61,68170.97,UPI,CUST2952
ORD105686,2025-08-09,West,Electronics,Smartwatch,8,49628.73,20,317623.87,230001.43,87622.44,Debit Card,CUST1457
ORD105687,2024-08-21,East,Electronics,Headphones,5,56129.08,5,266613.13,158868.12,107745.01,UPI,CUST3194
ORD105688,2025-07-27,West,Sports,Football,11,1239.33,0,13632.63,9078.25,4554.38,Debit Card,CUST3453
ORD105689,2024-04-30,East,Apparel,Jeans,11,2827.67,0,31104.37,21075.85,10028.52,Credit Card,CUST1519
ORD105690,2024-08-02,West,Home & Kitchen,Mixer Grinder,3,2328.82,10,6287.81,3930.69,2357.12,Credit Card,CUST2981
ORD105691,2025-10-18,South,Home & Kitchen,Cookware Set,6,540.04,0,3240.24,2125.91,1114.33,COD,CUST2685
ORD105692,2024-01-30,North,Electronics,Smartphone,6,4661.69,10,25173.13,18212.85,6960.28,Debit Card,CUST1156
ORD105693,2025-07-22,North,Apparel,Kurta,9,3396.83,10,27514.32,23336.16,4178.16,Credit Card,CUST2350
ORD105694,2024-07-17,South,Apparel,Kurta,1,3448.19,10,3103.37,2029.77,1073.6,Debit Card,CUST1820
ORD105695,2024-11-15,South,Beauty,Lipstick,8,3984.98,10,28691.86,22431.63,6260.23,Net Banking,CUST1030
ORD105696,2025-09-20,South,Home & Kitchen,Mixer Grinder,5,3807.75,10,17134.88,12027.12,5107.76,COD,CUST2979
ORD105697,2024-03-19,North,Electronics,Tablet,3,1363.46,5,3885.86,2512.92,1372.94,Debit Card,CUST1332
ORD105698,2025-08-25,Central,Home & Kitchen,Mixer Grinder,6,2463.48,10,13302.79,8765.3,4537.49,Credit Card,CUST2700
ORD105699,2024-02-14,East,Electronics,Headphones,9,4829.56,0,43466.04,32156.32,11309.72,Credit Card,CUST2742
ORD105700,2025-04-15,South,Apparel,Jacket,1,3807.14,10,3426.43,2450.23,976.2,COD,CUST2225
ORD105701,2025-02-18,North,Apparel,Sneakers,6,545.57,10,2946.08,2038.73,907.35,Net Banking,CUST2232
ORD105702,2025-09-02,South,Sports,Football,2,1980.9,0,3961.8,2944.91,1016.89,COD,CUST3227
ORD105703,2025-10-08,West,Beauty,Perfume,6,676.57,0,4059.42,3109.0,950.42,Credit Card,CUST2743
ORD105704,2024-11-21,Central,Apparel,Jacket,2,814.93,20,1303.89,1163.08,140.81,Debit Card,CUST1841
ORD105705,2024-11-24,South,Beauty,Perfume,11,2074.31,15,19394.8,14903.49,4491.31,Net Banking,CUST2911
ORD105706,2024-11-28,North,Apparel,Kurta,5,2761.99,0,13809.95,9773.0,4036.95,Credit Card,CUST2400
ORD105707,2024-07-21,West,Home & Kitchen,Air Fryer,10,3897.6,0,38976.0,28530.2,10445.8,Credit Card,CUST1726
ORD105708,2024-08-30,West,Home & Kitchen,Air Fryer,6,2310.0,0,13860.0,10025.79,3834.21,UPI,CUST2951
ORD105709,2024-11-21,West,Electronics,Headphones,3,48026.66,0,144079.98,90495.28,53584.7,COD,CUST1510
ORD105710,2025-01-02,West,Apparel,Kurta,7,603.62,0,4225.34,2713.59,1511.75,Debit Card,CUST2293
ORD105711,2024-08-20,East,Apparel,Jacket,10,1388.2,10,12493.8,8539.25,3954.55,Credit Card,CUST2844
ORD105712,2024-04-11,East,Electronics,Smartwatch,9,48287.63,20,347670.94,321549.14,26121.8,UPI,CUST3020
ORD105713,2024-12-15,South,Beauty,Face Wash,7,3347.55,0,23432.85,16706.77,6726.08,Debit Card,CUST2588
ORD105714,2025-11-12,West,Apparel,Sneakers,2,3623.23,25,5434.84,5547.05,-112.21,UPI,CUST1922
ORD105715,2024-03-24,South,Beauty,Face Wash,9,3864.01,10,31298.48,26429.65,4868.83,Debit Card,CUST2847
ORD105716,2025-06-02,West,Sports,Football,4,762.74,0,3050.96,1765.99,1284.97,COD,CUST1226
ORD105717,2024-09-20,South,Electronics,Headphones,2,14303.41,0,28606.82,18574.91,10031.91,Net Banking,CUST1826
ORD105718,2025-08-28,North,Apparel,Kurta,3,2467.38,10,6661.93,5500.22,1161.71,COD,CUST1074
ORD105719,2024-02-27,North,Home & Kitchen,Air Fryer,3,713.69,0,2141.07,1387.99,753.08,COD,CUST1107
ORD105720,2024-08-08,North,Electronics,Smartphone,1,37579.2,15,31942.32,29217.92,2724.4,Debit Card,CUST2757
ORD105721,2025-07-13,South,Beauty,Lipstick,3,1341.08,15,3419.75,2396.65,1023.1,Net Banking,CUST3068
ORD105722,2025-09-05,West,Sports,Dumbbells,5,3769.65,15,16021.01,14556.7,1464.31,Net Banking,CUST1159
ORD105723,2025-10-19,North,Electronics,Headphones,10,4521.46,10,40693.14,26782.46,13910.68,Credit Card,CUST1692
ORD105724,2024-12-17,Central,Apparel,Kurta,9,1857.33,5,15880.17,9394.64,6485.53,Credit Card,CUST1865
ORD105725,2025-01-25,South,Apparel,Sneakers,10,3052.17,0,30521.7,20781.45,9740.25,Credit Card,CUST1339
ORD105726,2025-06-14,West,Home & Kitchen,Cookware Set,4,3460.65,0,13842.6,7786.75,6055.85,COD,CUST2521
ORD105727,2024-07-16,South,Apparel,Sneakers,9,1050.3,0,9452.7,6297.68,3155.02,Debit Card,CUST1022
ORD105728,2025-09-23,East,Electronics,Headphones,3,57176.22,0,171528.66,118927.06,52601.6,Net Banking,CUST1197
ORD105729,2025-06-21,Central,Beauty,Face Wash,6,1906.61,0,11439.66,7477.92,3961.74,Debit Card,CUST2781
ORD105730,2025-05-13,East,Apparel,Kurta,8,986.37,10,7101.86,5085.22,2016.64,UPI,CUST1675
ORD105731,2025-03-09,West,Electronics,Tablet,8,12902.62,10,92898.86,71289.48,21609.38,Debit Card,CUST3493
ORD105732,2025-07-09,West,Electronics,Smartwatch,4,2599.15,0,10396.6,6610.56,3786.04,COD,CUST2190
ORD105733,2025-10-08,Central,Home & Kitchen,Mixer Grinder,7,380.26,5,2528.73,1977.59,551.14,UPI,CUST3243
ORD105734,2024-12-19,Central,Apparel,Kurta,6,3058.56,5,17433.79,13693.63,3740.16,Net Banking,CUST2332
ORD105735,2024-08-17,East,Sports,Football,11,3279.68,5,34272.66,26317.53,7955.13,Net Banking,CUST1237
ORD105736,2025-12-01,South,Home & Kitchen,Mixer Grinder,8,3652.94,5,27762.34,22679.06,5083.28,Net Banking,CUST2984
ORD105737,2024-01-24,South,Sports,Football,11,301.6,10,2985.84,2527.99,457.85,COD,CUST1291
ORD105738,2024-07-07,East,Electronics,Smartwatch,7,37859.0,5,251762.35,157094.72,94667.63,UPI,CUST2207
ORD105739,2025-04-22,Central,Electronics,Smartwatch,8,31246.23,0,249969.84,143649.67,106320.17,Debit Card,CUST1823
ORD105740,2024-12-05,West,Electronics,Smartphone,4,37101.41,0,148405.64,89631.14,58774.5,Net Banking,CUST2362
ORD105741,2025-12-15,East,Electronics,Laptop,4,32892.1,10,118411.56,79846.3,38565.26,UPI,CUST3320
ORD105742,2025-03-26,Central,Sports,Cricket Bat,11,2925.17,5,30568.03,24333.76,6234.27,COD,CUST2750
ORD105743,2024-01-02,West,Apparel,Kurta,9,461.73,0,4155.57,2349.12,1806.45,COD,CUST2939
ORD105744,2024-11-01,South,Home & Kitchen,Cookware Set,7,174.36,5,1159.49,829.89,329.6,UPI,CUST2663
ORD105745,2024-02-02,West,Beauty,Lipstick,10,3933.37,5,37367.01,29944.62,7422.39,COD,CUST2562
ORD105746,2024-08-14,North,Electronics,Headphones,9,13997.12,0,125974.08,81463.32,44510.76,UPI,CUST2554
ORD105747,2024-01-16,North,Electronics,Tablet,9,34521.98,5,295162.93,206830.53,88332.4,Debit Card,CUST2008
ORD105748,2024-02-17,South,Electronics,Headphones,4,49975.53,0,199902.12,124848.14,75053.98,Debit Card,CUST1437
ORD105749,2024-09-22,South,Beauty,Face Wash,2,1797.2,10,3234.96,2187.36,1047.6,Debit Card,CUST2670
ORD105750,2025-01-05,South,Apparel,Sneakers,6,1074.92,5,6127.04,3717.87,2409.17,Net Banking,CUST1754
ORD105751,2024-07-22,North,Home & Kitchen,Cookware Set,11,271.91,5,2841.46,1987.44,854.02,Net Banking,CUST1115
ORD105752,2025-01-26,South,Electronics,Laptop,7,2097.66,10,13215.26,9219.75,3995.51,Credit Card,CUST2238
ORD105753,2025-05-25,East,Sports,Cricket Bat,9,736.25,10,5963.62,3924.29,2039.33,COD,CUST3427
ORD105754,2025-05-26,North,Beauty,Perfume,4,1176.12,5,4469.26,3446.05,1023.21,Net Banking,CUST2098
ORD105755,2025-12-24,North,Home & Kitchen,Mixer Grinder,5,3683.61,10,16576.24,10354.84,6221.4,Credit Card,CUST2678
ORD105756,2024-04-08,North,Beauty,Lipstick,9,1899.05,15,14527.73,10158.16,4369.57,Debit Card,CUST2272
ORD105757,2025-09-17,East,Apparel,Jeans,5,3997.67,0,19988.35,11779.51,8208.84,Net Banking,CUST2469
ORD105758,2024-08-19,North,Apparel,Kurta,9,3794.62,0,34151.58,21287.74,12863.84,Credit Card,CUST1400
ORD105759,2025-01-12,Central,Sports,Football,6,1387.27,15,7075.08,6600.13,474.95,Net Banking,CUST2205
ORD105760,2025-06-09,South,Electronics,Laptop,4,42697.9,20,136633.28,122114.76,14518.52,Net Banking,CUST1063
ORD105761,2024-03-28,North,Sports,Football,1,3146.98,5,2989.63,2451.55,538.08,Debit Card,CUST1513
ORD105762,2024-05-15,South,Sports,Football,5,3801.65,25,14256.19,12426.9,1829.29,COD,CUST1504
ORD105763,2024-01-07,South,Home & Kitchen,Bedsheet Set,8,3296.61,0,26372.88,18652.31,7720.57,UPI,CUST1277
ORD105764,2025-03-23,North,Apparel,Jacket,11,2206.85,0,24275.35,13661.18,10614.17,COD,CUST1210
ORD105765,2025-12-10,South,Home & Kitchen,Cookware Set,10,1518.45,5,14425.28,10363.38,4061.9,Net Banking,CUST1397
ORD105766,2024-08-03,South,Electronics,Headphones,1,46759.56,10,42083.6,31350.28,10733.32,UPI,CUST3175
ORD105767,2024-03-14,North,Beauty,Face Wash,4,560.37,15,1905.26,1351.73,553.53,Debit Card,CUST1558
ORD105768,2025-11-07,North,Sports,Cricket Bat,10,272.85,0,2728.5,1867.75,860.75,UPI,CUST1085
ORD105769,2024-11-19,Central,Home & Kitchen,Bedsheet Set,4,2303.05,15,7830.37,6649.21,1181.16,COD,CUST1790
ORD105770,2024-10-16,South,Electronics,Smartwatch,5,23250.29,5,110438.88,88307.55,22131.33,Credit Card,CUST1556
ORD105771,2025-03-11,South,Beauty,Face Wash,9,3189.56,5,27270.74,16701.86,10568.88,Debit Card,CUST3476
ORD105772,2025-06-12,South,Beauty,Hair Serum,1,3965.11,5,3766.85,2470.41,1296.44,Credit Card,CUST2360
ORD105773,2024-08-01,North,Apparel,T-Shirt,2,3887.82,10,6998.08,5531.33,1466.75,Debit Card,CUST2693
ORD105774,2025-07-02,West,Home & Kitchen,Cookware Set,8,3528.33,15,23992.64,20264.63,3728.01,COD,CUST2098
ORD105775,2025-01-06,Central,Apparel,T-Shirt,8,3699.22,20,23675.01,21190.98,2484.03,Net Banking,CUST3414
ORD105776,2025-02-05,Central,Apparel,Sneakers,5,3453.08,0,17265.4,10417.59,6847.81,Debit Card,CUST2056
ORD105777,2024-04-17,East,Electronics,Smartphone,6,34682.64,0,208095.84,125253.48,82842.36,COD,CUST3038
ORD105778,2025-12-09,North,Beauty,Lipstick,7,2238.67,10,14103.62,11817.35,2286.27,Credit Card,CUST3222
ORD105779,2025-01-01,South,Electronics,Smartwatch,3,56977.08,10,153838.12,129755.74,24082.38,UPI,CUST2911
ORD105780,2025-01-19,North,Home & Kitchen,Mixer Grinder,5,564.81,15,2400.44,1693.19,707.25,COD,CUST1064
ORD105781,2025-07-06,West,Apparel,Kurta,3,3598.66,0,10795.98,6256.37,4539.61,Credit Card,CUST3218
ORD105782,2025-09-04,West,Apparel,T-Shirt,3,1405.9,0,4217.7,3372.87,844.83,UPI,CUST1013
ORD105783,2025-02-19,North,Apparel,T-Shirt,8,441.26,10,3177.07,2507.86,669.21,UPI,CUST1989
ORD105784,2024-02-03,Central,Sports,Football,10,3928.5,5,37320.75,24513.29,12807.46,Credit Card,CUST3472
ORD105785,2025-12-12,North,Sports,Football,10,3238.44,10,29145.96,25566.72,3579.24,COD,CUST1962
ORD105786,2024-08-07,South,Beauty,Perfume,5,2955.53,15,12561.0,8962.33,3598.67,Credit Card,CUST2299
ORD105787,2024-09-13,East,Electronics,Headphones,9,55106.72,5,471162.46,312467.47,158694.99,Net Banking,CUST2253
ORD105788,2024-08-09,West,Beauty,Face Wash,10,2976.89,0,29768.9,18386.16,11382.74,Credit Card,CUST3175
ORD105789,2025-08-26,Central,Sports,Yoga Mat,9,3063.65,0,27572.85,21025.26,6547.59,Credit Card,CUST3262
ORD105790,2024-04-21,West,Beauty,Face Wash,7,2690.44,0,18833.08,12468.25,6364.83,Net Banking,CUST1935
ORD105791,2024-10-22,West,Home & Kitchen,Cookware Set,6,3966.18,20,19037.66,18689.99,347.67,Credit Card,CUST3053
ORD105792,2024-11-13,East,Apparel,Jeans,4,3033.23,5,11526.27,7817.18,3709.09,Net Banking,CUST2164
ORD105793,2025-05-24,East,Apparel,Jeans,4,227.75,25,683.25,677.66,5.59,UPI,CUST1108
ORD105794,2024-11-15,North,Electronics,Smartwatch,4,18630.01,10,67068.04,52472.29,14595.75,UPI,CUST1827
ORD105795,2025-01-13,South,Home & Kitchen,Cookware Set,7,965.78,0,6760.46,4591.99,2168.47,Debit Card,CUST3338
ORD105796,2024-04-14,South,Home & Kitchen,Mixer Grinder,3,2591.45,5,7385.63,5244.57,2141.06,Credit Card,CUST1105
ORD105797,2025-09-14,East,Sports,Dumbbells,9,1931.43,10,15644.58,12084.41,3560.17,COD,CUST3492
ORD105798,2025-03-04,West,Beauty,Perfume,2,310.32,5,589.61,479.83,109.78,Debit Card,CUST1470
ORD105799,2024-04-02,South,Electronics,Laptop,8,34600.14,0,276801.12,186920.54,89880.58,COD,CUST1375
ORD105800,2025-12-14,North,Home & Kitchen,Air Fryer,3,918.16,5,2616.76,1954.61,662.15,UPI,CUST2907
ORD105801,2025-12-19,West,Apparel,Sneakers,5,3234.94,10,14557.23,11579.24,2977.99,Credit Card,CUST1827
ORD105802,2025-05-20,Central,Beauty,Lipstick,9,1123.09,20,8086.25,5792.33,2293.92,Credit Card,CUST3297
ORD105803,2024-06-28,East,Apparel,Jacket,1,2227.44,15,1893.32,1229.03,664.29,Net Banking,CUST3234
ORD105804,2024-02-24,North,Sports,Dumbbells,2,287.96,10,518.33,325.16,193.17,COD,CUST2081
ORD105805,2025-12-04,North,Electronics,Laptop,2,26688.72,0,53377.44,37265.25,16112.19,Credit Card,CUST1894
ORD105806,2025-03-27,East,Sports,Cricket Bat,2,3635.86,10,6544.55,4275.03,2269.52,Debit Card,CUST3450
ORD105807,2024-07-18,South,Sports,Cricket Bat,2,377.2,5,716.68,562.59,154.09,COD,CUST2464
ORD105808,2024-05-24,East,Sports,Football,11,940.57,5,9828.96,6637.97,3190.99,Debit Card,CUST1525
ORD105809,2024-05-01,East,Sports,Football,1,2280.01,10,2052.01,1671.36,380.65,COD,CUST1395
ORD105810,2025-04-01,Central,Sports,Football,8,2056.12,10,14804.06,12644.41,2159.65,COD,CUST2185
ORD105811,2024-02-05,West,Apparel,Jeans,4,3477.57,0,13910.28,9752.1,4158.18,COD,CUST2081
ORD105812,2024-05-19,Central,Electronics,Smartphone,4,54840.29,15,186456.99,140754.04,45702.95,Debit Card,CUST3053
ORD105813,2024-04-06,West,Home & Kitchen,Air Fryer,8,2685.81,15,18263.51,15764.92,2498.59,Net Banking,CUST1807
ORD105814,2024-02-25,South,Electronics,Tablet,7,16702.31,0,116916.17,88154.11,28762.06,COD,CUST2994
ORD105815,2024-07-06,Central,Sports,Cricket Bat,7,1179.66,5,7844.74,6547.46,1297.28,Credit Card,CUST2501
ORD105816,2024-07-12,West,Sports,Cricket Bat,10,2898.7,20,23189.6,19848.0,3341.6,Net Banking,CUST2659
ORD105817,2024-07-21,North,Sports,Yoga Mat,1,2475.19,0,2475.19,1901.9,573.29,COD,CUST1967
ORD105818,2024-10-08,North,Home & Kitchen,Mixer Grinder,8,601.05,10,4327.56,3306.62,1020.94,COD,CUST3023
ORD105819,2025-02-04,West,Sports,Yoga Mat,3,731.18,0,2193.54,1368.0,825.54,Debit Card,CUST3320
ORD105820,2024-09-09,East,Apparel,Jeans,6,2740.64,10,14799.46,11702.17,3097.29,UPI,CUST2437
ORD105821,2025-08-08,Central,Home & Kitchen,Air Fryer,2,348.07,15,591.72,396.03,195.69,COD,CUST3488
ORD105822,2024-02-10,North,Home & Kitchen,Bedsheet Set,10,2321.59,5,22055.1,13944.01,8111.09,Debit Card,CUST3186
ORD105823,2024-07-20,South,Apparel,T-Shirt,9,2837.48,0,25537.32,20099.42,5437.9,Debit Card,CUST2198
ORD105824,2024-02-08,East,Sports,Football,11,3358.19,10,33246.08,28742.18,4503.9,Net Banking,CUST3009
ORD105825,2025-08-23,South,Beauty,Perfume,1,1706.17,0,1706.17,1326.86,379.31,Credit Card,CUST1200
ORD105826,2025-05-13,South,Apparel,T-Shirt,2,1621.75,0,3243.5,2275.83,967.67,UPI,CUST1830
ORD105827,2024-11-09,North,Beauty,Perfume,10,3172.05,0,31720.5,25057.38,6663.12,Net Banking,CUST1202
ORD105828,2024-06-10,South,Home & Kitchen,Mixer Grinder,5,2076.57,10,9344.56,7696.26,1648.3,UPI,CUST1200
ORD105829,2024-08-18,North,Electronics,Smartphone,4,20266.33,5,77012.05,47803.05,29209.0,Credit Card,CUST3394
ORD105830,2024-12-14,South,Sports,Football,4,3380.04,25,10140.12,7829.57,2310.55,Net Banking,CUST1393
ORD105831,2025-01-30,South,Beauty,Hair Serum,1,482.27,5,458.16,368.74,89.42,Debit Card,CUST1859
ORD105832,2024-07-28,North,Electronics,Tablet,9,19472.4,15,148963.86,101960.33,47003.53,Credit Card,CUST2420
ORD105833,2024-10-30,North,Sports,Cricket Bat,9,379.55,10,3074.36,2054.1,1020.26,Net Banking,CUST3167
ORD105834,2025-09-01,North,Electronics,Smartwatch,2,57487.53,10,103477.55,85795.84,17681.71,Credit Card,CUST1563
ORD105835,2024-06-28,West,Sports,Cricket Bat,2,2168.51,10,3903.32,3111.86,791.46,Debit Card,CUST2832
ORD105836,2024-02-03,South,Apparel,Jeans,6,3060.62,0,18363.72,12009.99,6353.73,COD,CUST1145
ORD105837,2024-02-13,Central,Apparel,Sneakers,7,2959.84,5,19682.94,15519.88,4163.06,Debit Card,CUST3022
ORD105838,2025-06-14,Central,Sports,Football,7,3608.44,0,25259.08,19129.15,6129.93,Credit Card,CUST3052
ORD105839,2024-11-06,Central,Beauty,Face Wash,2,169.63,25,254.44,251.15,3.29,Net Banking,CUST2984
ORD105840,2024-09-08,Central,Home & Kitchen,Mixer Grinder,9,570.98,15,4368.0,2967.15,1400.85,COD,CUST1284
ORD105841,2025-05-24,West,Beauty,Lipstick,9,495.64,5,4237.72,3027.59,1210.13,UPI,CUST2269
ORD105842,2025-11-07,North,Electronics,Smartphone,3,1434.36,0,4303.08,2795.48,1507.6,Debit Card,CUST3045
ORD105843,2025-08-29,South,Sports,Dumbbells,2,933.03,10,1679.45,1071.77,607.68,UPI,CUST2626
ORD105844,2024-02-14,North,Beauty,Face Wash,11,1648.65,0,18135.15,11000.23,7134.92,UPI,CUST2314
ORD105845,2024-10-04,North,Beauty,Face Wash,10,3324.93,5,31586.83,26313.49,5273.34,Debit Card,CUST1950
ORD105846,2024-12-06,North,Electronics,Headphones,9,20222.22,10,163799.98,131653.41,32146.57,Debit Card,CUST2516
ORD105847,2024-10-02,East,Sports,Dumbbells,9,3077.95,0,27701.55,15521.56,12179.99,Net Banking,CUST3368
ORD105848,2025-10-04,Central,Sports,Yoga Mat,4,811.47,25,2434.41,2022.07,412.34,Net Banking,CUST1732
ORD105849,2025-11-12,South,Apparel,T-Shirt,4,2974.38,20,9518.02,7028.51,2489.51,Net Banking,CUST3100
ORD105850,2025-02-05,East,Electronics,Smartphone,3,57050.15,5,162592.93,101027.26,61565.67,UPI,CUST2106
ORD105851,2025-01-13,East,Home & Kitchen,Cookware Set,6,1963.45,20,9424.56,7486.85,1937.71,COD,CUST2259
ORD105852,2025-10-29,West,Beauty,Face Wash,5,2128.53,0,10642.65,8401.03,2241.62,Net Banking,CUST2234
ORD105853,2024-04-12,East,Beauty,Lipstick,7,3360.93,10,21173.86,14917.6,6256.26,Debit Card,CUST2247
ORD105854,2024-10-19,West,Home & Kitchen,Bedsheet Set,8,842.9,0,6743.2,4716.36,2026.84,COD,CUST2356
ORD105855,2025-11-05,North,Apparel,T-Shirt,1,901.19,15,766.01,517.25,248.76,Credit Card,CUST3393
ORD105856,2025-01-09,East,Sports,Yoga Mat,11,3910.82,0,43019.02,31421.84,11597.18,Credit Card,CUST2946
ORD105857,2025-05-30,North,Apparel,Kurta,3,1348.21,0,4044.63,2925.32,1119.31,Debit Card,CUST3342
ORD105858,2024-06-10,South,Apparel,Jeans,1,656.4,10,590.76,427.78,162.98,Debit Card,CUST3289
ORD105859,2024-12-07,North,Beauty,Lipstick,11,1213.91,10,12017.71,7735.24,4282.47,UPI,CUST1219
ORD105860,2024-09-20,North,Beauty,Perfume,9,2025.14,0,18226.26,14073.66,4152.6,Debit Card,CUST1279
ORD105861,2024-01-22,West,Home & Kitchen,Mixer Grinder,10,2166.94,0,21669.4,15208.5,6460.9,Net Banking,CUST3012
ORD105862,2025-11-12,West,Home & Kitchen,Cookware Set,7,1503.12,5,9995.75,6000.1,3995.65,UPI,CUST1555
ORD105863,2024-12-18,West,Home & Kitchen,Cookware Set,3,3041.06,25,6842.38,5039.05,1803.33,Net Banking,CUST1455
ORD105864,2025-04-21,East,Apparel,Jeans,6,2401.07,0,14406.42,9755.34,4651.08,COD,CUST3444
ORD105865,2024-12-02,East,Electronics,Smartphone,8,20725.81,0,165806.48,115842.71,49963.77,Credit Card,CUST2714
ORD105866,2025-07-01,North,Apparel,Kurta,11,961.85,0,10580.35,7776.31,2804.04,Debit Card,CUST3117
ORD105867,2025-05-19,East,Apparel,Kurta,9,3084.24,5,26370.25,18571.97,7798.28,Credit Card,CUST3468
ORD105868,2025-07-10,West,Sports,Cricket Bat,10,3195.39,0,31953.9,18568.19,13385.71,Credit Card,CUST2785
ORD105869,2025-02-28,East,Apparel,Jacket,8,1646.91,10,11857.75,10230.09,1627.66,Debit Card,CUST3301
ORD105870,2025-07-19,West,Electronics,Headphones,1,12733.42,10,11460.08,7325.21,4134.87,Credit Card,CUST2676
ORD105871,2024-05-04,West,Electronics,Smartphone,6,33105.15,10,178767.81,148845.61,29922.2,Debit Card,CUST1697
ORD105872,2024-07-01,North,Apparel,Jeans,3,2867.51,5,8172.4,5420.21,2752.19,Net Banking,CUST1339
ORD105873,2024-05-20,North,Beauty,Hair Serum,5,2886.27,5,13709.78,10715.18,2994.6,Credit Card,CUST2720
ORD105874,2025-08-26,Central,Electronics,Laptop,1,59865.04,5,56871.79,43494.83,13376.96,UPI,CUST2943
ORD105875,2024-11-24,West,Sports,Yoga Mat,5,2255.62,25,8458.57,8692.34,-233.77,Credit Card,CUST1397
ORD105876,2025-10-07,South,Electronics,Smartphone,5,53967.8,0,269839.0,165796.15,104042.85,UPI,CUST2483
ORD105877,2024-04-19,West,Apparel,Kurta,11,1504.07,5,15717.53,11247.87,4469.66,Credit Card,CUST3377
ORD105878,2024-05-04,South,Home & Kitchen,Mixer Grinder,11,2364.72,0,26011.92,20422.89,5589.03,Credit Card,CUST1723
ORD105879,2024-01-08,North,Home & Kitchen,Air Fryer,8,1300.34,5,9882.58,6592.06,3290.52,COD,CUST3128
ORD105880,2024-10-01,East,Beauty,Hair Serum,9,2742.73,15,20981.88,18974.73,2007.15,UPI,CUST2590
ORD105881,2024-03-19,West,Home & Kitchen,Air Fryer,1,1574.8,15,1338.58,893.64,444.94,Credit Card,CUST1945
ORD105882,2024-09-16,South,Home & Kitchen,Cookware Set,8,901.34,15,6129.11,4437.95,1691.16,COD,CUST2181
ORD105883,2024-11-15,East,Beauty,Perfume,10,2760.03,10,24840.27,17675.87,7164.4,COD,CUST3027
ORD105884,2024-09-16,Central,Electronics,Smartphone,1,45233.86,5,42972.17,32101.62,10870.55,Credit Card,CUST2894
ORD105885,2025-12-10,North,Home & Kitchen,Cookware Set,1,510.79,0,510.79,296.62,214.17,Net Banking,CUST2536
ORD105886,2025-01-23,East,Beauty,Perfume,7,2741.58,5,18231.51,12085.13,6146.38,COD,CUST1551
ORD105887,2025-07-09,South,Apparel,Jacket,6,1106.72,10,5976.29,3845.21,2131.08,Net Banking,CUST2391
ORD105888,2025-01-08,North,Sports,Football,11,1606.29,0,17669.19,13087.37,4581.82,COD,CUST1868
ORD105889,2024-04-19,South,Beauty,Perfume,11,440.87,10,4364.61,2967.58,1397.03,Net Banking,CUST1844
ORD105890,2025-11-14,West,Electronics,Laptop,8,30363.68,0,242909.44,172781.59,70127.85,UPI,CUST1146
ORD105891,2024-01-17,North,Beauty,Hair Serum,5,430.99,10,1939.46,1491.71,447.75,Debit Card,CUST3264
ORD105892,2024-01-06,West,Beauty,Hair Serum,11,3665.39,15,34271.4,31198.99,3072.41,Net Banking,CUST2877
ORD105893,2025-01-14,South,Beauty,Perfume,4,1423.63,10,5125.07,4114.42,1010.65,Net Banking,CUST2447
ORD105894,2024-04-09,West,Electronics,Tablet,7,38119.16,5,253492.41,175286.56,78205.85,COD,CUST2879
ORD105895,2024-06-20,Central,Sports,Football,9,1844.87,0,16603.83,13178.04,3425.79,Net Banking,CUST3457
ORD105896,2025-01-25,West,Sports,Dumbbells,11,3039.39,0,33433.29,18918.1,14515.19,COD,CUST1418
ORD105897,2024-03-24,Central,Electronics,Laptop,7,21033.06,20,117785.14,91467.64,26317.5,Credit Card,CUST1175
ORD105898,2025-08-06,North,Apparel,Jacket,11,1313.88,10,13007.41,8785.64,4221.77,Credit Card,CUST1323
ORD105899,2024-03-25,Central,Beauty,Face Wash,5,2940.11,0,14700.55,10867.84,3832.71,Net Banking,CUST2421
ORD105900,2024-02-21,East,Sports,Football,4,2648.45,5,10064.11,7630.55,2433.56,UPI,CUST2044
ORD105901,2025-11-18,East,Apparel,Jeans,8,1694.3,0,13554.4,9395.8,4158.6,Net Banking,CUST1907
ORD105902,2025-01-07,North,Apparel,Jacket,2,2926.9,5,5561.11,4389.28,1171.83,Net Banking,CUST2103
ORD105903,2024-10-24,Central,Beauty,Hair Serum,10,2306.74,25,17300.55,14840.92,2459.63,UPI,CUST1068
ORD105904,2025-06-06,North,Electronics,Laptop,7,25405.49,0,177838.43,133120.07,44718.36,Net Banking,CUST1422
ORD105905,2024-03-13,Central,Beauty,Lipstick,2,1829.18,5,3475.44,2305.61,1169.83,Net Banking,CUST2297
ORD105906,2025-12-25,East,Apparel,Jacket,9,407.63,0,3668.67,2617.33,1051.34,Debit Card,CUST2337
ORD105907,2025-05-24,West,Apparel,T-Shirt,10,3632.72,10,32694.48,28413.07,4281.41,Net Banking,CUST1673
ORD105908,2024-09-02,North,Home & Kitchen,Mixer Grinder,10,2325.85,15,19769.72,14080.31,5689.41,Credit Card,CUST1359
ORD105909,2025-08-04,South,Sports,Football,4,1685.68,15,5731.31,4540.46,1190.85,Debit Card,CUST1544
ORD105910,2025-09-12,Central,Sports,Cricket Bat,7,3601.23,0,25208.61,19311.15,5897.46,UPI,CUST2796
ORD105911,2024-02-22,North,Beauty,Perfume,11,869.76,15,8132.26,6834.3,1297.96,COD,CUST1442
ORD105912,2024-09-07,South,Apparel,Jacket,3,1781.71,25,4008.85,3225.12,783.73,Net Banking,CUST3440
ORD105913,2024-07-22,Central,Sports,Dumbbells,11,1677.92,20,14765.7,12668.33,2097.37,Debit Card,CUST3010
ORD105914,2025-12-14,Central,Apparel,T-Shirt,11,2581.97,20,22721.34,16886.8,5834.54,Debit Card,CUST1508
ORD105915,2025-05-27,Central,Home & Kitchen,Bedsheet Set,6,2266.61,0,13599.66,10432.74,3166.92,Credit Card,CUST1371
ORD105916,2025-05-12,East,Beauty,Hair Serum,11,2863.71,5,29925.77,20512.71,9413.06,Credit Card,CUST2118
ORD105917,2025-07-31,North,Home & Kitchen,Mixer Grinder,1,3803.15,5,3612.99,2976.07,636.92,Credit Card,CUST2446
ORD105918,2025-06-14,South,Apparel,T-Shirt,4,2414.99,0,9659.96,6095.22,3564.74,Net Banking,CUST1040
ORD105919,2024-09-01,East,Home & Kitchen,Cookware Set,7,1594.33,5,10602.29,8179.67,2422.62,Credit Card,CUST1878
ORD105920,2025-01-28,North,Apparel,Jeans,2,1585.33,0,3170.66,1887.63,1283.03,Credit Card,CUST1734
ORD105921,2025-12-28,East,Beauty,Face Wash,11,3105.72,10,30746.63,20508.62,10238.01,Debit Card,CUST1937
ORD105922,2025-06-05,North,Sports,Football,9,1085.47,5,9280.77,6209.36,3071.41,UPI,CUST1301
ORD105923,2025-10-14,North,Beauty,Perfume,6,3908.2,10,21104.28,13747.12,7357.16,Debit Card,CUST2681
ORD105924,2024-04-01,North,Beauty,Face Wash,11,2470.49,15,23099.08,19226.18,3872.9,UPI,CUST1618
ORD105925,2024-09-03,South,Apparel,T-Shirt,4,3426.4,0,13705.6,10523.39,3182.21,Credit Card,CUST2109
ORD105926,2024-02-07,Central,Sports,Football,6,3951.08,25,17779.86,16443.06,1336.8,Debit Card,CUST1266
ORD105927,2024-12-19,North,Sports,Cricket Bat,11,767.94,5,8024.97,6215.55,1809.42,Credit Card,CUST1468
ORD105928,2024-05-12,North,Home & Kitchen,Mixer Grinder,11,2756.11,10,27285.49,23085.57,4199.92,UPI,CUST1450
ORD105929,2025-12-20,North,Home & Kitchen,Bedsheet Set,9,1143.09,0,10287.81,6078.49,4209.32,UPI,CUST3351
ORD105930,2025-10-18,North,Electronics,Smartwatch,4,13620.73,10,49034.63,31896.81,17137.82,Debit Card,CUST2266
ORD105931,2025-11-25,North,Beauty,Hair Serum,2,1638.8,0,3277.6,1995.82,1281.78,Credit Card,CUST1620
ORD105932,2024-09-28,East,Beauty,Perfume,7,3315.84,10,20889.79,13509.32,7380.47,Debit Card,CUST2759
ORD105933,2025-11-26,East,Electronics,Tablet,1,49206.77,5,46746.43,28667.42,18079.01,Credit Card,CUST3178
ORD105934,2025-04-05,West,Sports,Dumbbells,10,286.81,20,2294.48,2157.48,137.0,Debit Card,CUST2074
ORD105935,2024-05-12,North,Home & Kitchen,Air Fryer,7,1100.25,0,7701.75,5533.71,2168.04,Credit Card,CUST3456
ORD105936,2024-03-31,West,Electronics,Laptop,4,57210.29,0,228841.16,129852.19,98988.97,Net Banking,CUST1382
ORD105937,2024-11-17,Central,Apparel,Jacket,11,676.65,10,6698.84,5382.49,1316.35,UPI,CUST2982
ORD105938,2025-07-15,West,Electronics,Smartphone,6,36944.56,0,221667.36,150070.94,71596.42,UPI,CUST3366
ORD105939,2024-08-12,Central,Sports,Football,7,1274.43,5,8474.96,5678.58,2796.38,Credit Card,CUST1854
ORD105940,2024-12-30,West,Beauty,Perfume,6,798.26,10,4310.6,3446.28,864.32,Debit Card,CUST1924
ORD105941,2024-09-17,West,Electronics,Laptop,4,20694.66,15,70361.84,50263.38,20098.46,Credit Card,CUST1380
ORD105942,2024-04-12,West,Beauty,Face Wash,6,3003.31,0,18019.86,13734.4,4285.46,Credit Card,CUST1546
ORD105943,2025-07-11,Central,Sports,Cricket Bat,1,2238.74,15,1902.93,1772.57,130.36,COD,CUST1218
ORD105944,2024-05-05,South,Apparel,Jeans,2,668.6,0,1337.2,769.3,567.9,Debit Card,CUST2064
ORD105945,2025-12-23,East,Sports,Football,2,2689.03,20,4302.45,3569.61,732.84,COD,CUST2204
ORD105946,2024-08-18,Central,Beauty,Face Wash,6,3276.06,0,19656.36,12004.38,7651.98,UPI,CUST2257
ORD105947,2025-03-04,South,Beauty,Lipstick,8,3375.98,20,21606.27,18025.6,3580.67,Credit Card,CUST2898
ORD105948,2024-12-23,Central,Beauty,Hair Serum,2,2979.9,10,5363.82,4388.52,975.3,Credit Card,CUST1063
ORD105949,2025-01-30,East,Electronics,Laptop,5,9356.62,0,46783.1,30650.77,16132.33,Debit Card,CUST1579
ORD105950,2024-06-18,East,Electronics,Tablet,2,29573.69,10,53232.64,33079.68,20152.96,Net Banking,CUST3300
ORD105951,2024-08-23,North,Beauty,Face Wash,2,3011.4,15,5119.38,4131.61,987.77,UPI,CUST1895
ORD105952,2025-05-04,South,Home & Kitchen,Air Fryer,10,1335.14,0,13351.4,8913.92,4437.48,UPI,CUST3299
ORD105953,2024-12-29,South,Apparel,Sneakers,7,915.16,20,5124.9,4585.19,539.71,UPI,CUST3393
ORD105954,2025-01-21,Central,Electronics,Smartwatch,11,20068.45,0,220752.95,162051.3,58701.65,Credit Card,CUST2947
ORD105955,2024-12-14,Central,Beauty,Hair Serum,7,2836.75,0,19857.25,14688.18,5169.07,Net Banking,CUST1594
ORD105956,2025-07-20,West,Beauty,Lipstick,9,3003.67,0,27033.03,21031.83,6001.2,COD,CUST2172
ORD105957,2025-03-22,West,Electronics,Smartwatch,7,46610.78,0,326275.46,258025.02,68250.44,Net Banking,CUST1507
ORD105958,2024-05-13,Central,Electronics,Smartwatch,11,6995.31,0,76948.41,52236.75,24711.66,Credit Card,CUST2497
ORD105959,2025-10-18,East,Apparel,Kurta,8,2296.14,0,18369.12,12770.17,5598.95,UPI,CUST1555
ORD105960,2024-07-13,North,Electronics,Headphones,9,18586.34,20,133821.65,116510.06,17311.59,Credit Card,CUST1828
ORD105961,2024-04-03,South,Beauty,Lipstick,11,649.73,5,6789.68,5690.37,1099.31,COD,CUST1577
ORD105962,2025-09-13,West,Electronics,Smartphone,8,42614.18,25,255685.08,225849.01,29836.07,Credit Card,CUST2245
ORD105963,2024-10-12,East,Apparel,Jeans,9,193.55,15,1480.66,1186.06,294.6,Credit Card,CUST2165
ORD105964,2024-10-06,South,Sports,Dumbbells,8,2517.97,5,19136.57,12604.0,6532.57,Net Banking,CUST1271
ORD105965,2024-04-09,Central,Apparel,T-Shirt,2,541.55,10,974.79,865.78,109.01,Debit Card,CUST1847
ORD105966,2024-12-09,South,Apparel,Kurta,3,2591.1,5,7384.63,5340.98,2043.65,Net Banking,CUST1702
ORD105967,2025-04-09,Central,Sports,Dumbbells,9,1871.62,15,14317.89,9470.47,4847.42,Credit Card,CUST1065
ORD105968,2025-07-08,North,Apparel,T-Shirt,9,2798.73,5,23929.14,19370.15,4558.99,Net Banking,CUST1886
ORD105969,2024-03-22,Central,Electronics,Smartwatch,6,15175.35,0,91052.1,61308.2,29743.9,Credit Card,CUST1609
ORD105970,2024-03-31,South,Electronics,Headphones,11,19284.62,15,180311.2,163139.57,17171.63,Credit Card,CUST1690
ORD105971,2025-11-29,East,Apparel,T-Shirt,5,671.56,10,3022.02,2443.08,578.94,Credit Card,CUST1636
ORD105972,2024-09-13,East,Beauty,Hair Serum,1,1873.09,15,1592.13,1453.51,138.62,Debit Card,CUST3144
ORD105973,2025-12-28,West,Beauty,Lipstick,11,3649.54,20,32115.95,29750.51,2365.44,UPI,CUST2634
ORD105974,2025-02-08,East,Apparel,Kurta,7,833.64,5,5543.71,4250.42,1293.29,UPI,CUST2668
ORD105975,2025-05-02,North,Home & Kitchen,Mixer Grinder,1,2111.23,0,2111.23,1268.28,842.95,Credit Card,CUST3151
ORD105976,2025-07-10,North,Home & Kitchen,Mixer Grinder,2,3650.17,5,6935.32,4596.06,2339.26,Net Banking,CUST2842
ORD105977,2025-08-28,East,Beauty,Hair Serum,8,2068.67,15,14066.96,9860.64,4206.32,UPI,CUST1916
ORD105978,2024-04-06,North,Beauty,Hair Serum,10,1099.73,5,10447.44,8698.13,1749.31,Net Banking,CUST3160
ORD105979,2024-11-07,Central,Beauty,Perfume,9,3135.65,15,23987.72,18215.34,5772.38,Net Banking,CUST3131
ORD105980,2025-12-19,South,Home & Kitchen,Mixer Grinder,6,1427.77,5,8138.29,5270.58,2867.71,Debit Card,CUST2240
ORD105981,2025-07-21,West,Electronics,Smartwatch,4,1476.9,0,5907.6,4447.01,1460.59,Net Banking,CUST1217
ORD105982,2024-05-04,South,Electronics,Laptop,9,46640.89,20,335814.41,299361.11,36453.3,Debit Card,CUST2881
ORD105983,2024-06-28,Central,Home & Kitchen,Bedsheet Set,9,3885.76,15,29726.06,21458.84,8267.22,Credit Card,CUST1698
ORD105984,2025-09-13,East,Home & Kitchen,Air Fryer,10,2152.21,5,20446.0,16419.08,4026.92,UPI,CUST2275
ORD105985,2025-02-10,Central,Beauty,Face Wash,1,1523.69,5,1447.51,865.18,582.33,COD,CUST1988
ORD105986,2024-08-01,West,Apparel,Jeans,4,2866.2,5,10891.56,8413.87,2477.69,Credit Card,CUST3218
ORD105987,2025-06-21,East,Apparel,Jacket,7,3463.38,5,23031.48,14652.52,8378.96,COD,CUST2608
ORD105988,2025-05-05,West,Home & Kitchen,Air Fryer,2,2240.6,10,4033.08,3056.47,976.61,COD,CUST2205
ORD105989,2025-05-20,North,Beauty,Perfume,10,2313.55,15,19665.18,14143.84,5521.34,Net Banking,CUST1078
ORD105990,2024-02-28,North,Electronics,Smartwatch,11,2797.12,0,30768.32,24464.48,6303.84,Credit Card,CUST2772
ORD105991,2025-11-13,North,Beauty,Perfume,8,2013.98,5,15306.25,12567.13,2739.12,Debit Card,CUST2977
ORD105992,2024-02-08,East,Beauty,Face Wash,4,517.44,10,1862.78,1338.05,524.73,COD,CUST1250
ORD105993,2024-07-30,Central,Home & Kitchen,Bedsheet Set,5,1277.87,5,6069.88,3939.97,2129.91,UPI,CUST1868
ORD105994,2024-07-21,South,Beauty,Face Wash,7,2960.11,5,19684.73,12177.81,7506.92,Credit Card,CUST2790
ORD105995,2025-02-27,East,Beauty,Lipstick,4,890.57,10,3206.05,2041.23,1164.82,UPI,CUST1242
ORD105996,2024-07-25,South,Sports,Cricket Bat,2,502.01,0,1004.02,683.7,320.32,COD,CUST1094
ORD105997,2024-08-07,East,Home & Kitchen,Mixer Grinder,9,3248.38,10,26311.88,20608.07,5703.81,Debit Card,CUST1992
ORD105998,2024-05-13,South,Home & Kitchen,Bedsheet Set,5,3800.68,0,19003.4,13244.63,5758.77,COD,CUST2847
ORD105999,2025-06-09,Central,Electronics,Laptop,7,48089.59,20,269301.7,248342.54,20959.16,UPI,CUST1989
